-0.14675386379867741,0.3164996716202825,0.4477263158756636,-2.27480956970722,-1.2356086270177364,2.406167138393491
-0.14615400582398114,0.31821879731403396,0.4463282150859118,-2.274456838118283,-1.2350325781521108,2.4062807122762564
-0.14553783106420992,0.31994602654191395,0.4449062258550406,-2.2741281458047085,-1.2344438125416295,2.4063826658000655
-0.14491139827121507,0.3216637945060575,0.44347462713073516,-2.2738271073482883,-1.2338478492469556,2.406471746577235
-0.14427473805161017,0.3233721261195323,0.4420334374358887,-2.2735537684482576,-1.2332446713250393,2.406547950653451
-0.14362135990212854,0.3250879892366604,0.4405681198509789,-2.273305860222061,-1.232628122651087,2.40661184235041
-0.14296422963063082,0.3267774418043214,0.4391077014533072,-2.2730883462986444,-1.2320104091840496,2.4066621546463267
-0.1422969567888786,0.32845754372716046,0.43763774633669433,-2.2728986790985437,-1.2313854442118881,2.4066995802567086
-0.14161956681933774,0.3301283289379504,0.4361582700496097,-2.272736911692216,-1.230753221978816,2.406724116790995
-0.14093208378113198,0.33178983166008985,0.43466928970750573,-2.272603096505035,-1.230113734775887,2.406735761644382
-0.14022750530347577,0.3334585594851233,0.43315579413095023,-2.2724963689431292,-1.229460469825907,2.406734434167182
-0.1395198054598646,0.33510150940414335,0.43164776644722813,-2.2724189027004513,-1.22880636769565,2.4067201603268153
-0.13880208096587124,0.33673527933616054,0.4301302958706939,-2.2723695513938984,-1.2281449856469617,2.406692988147763
-0.1380743522112601,0.3383599082788291,0.4286034007713085,-2.272348373044458,-1.2274763256727412,2.4066529165754855
-0.13733663886843503,0.3399754344269545,0.42706710217265303,-2.2723554248984814,-1.2268003885956935,2.406599944510376
-0.13658143294264793,0.34159791404654005,0.4255059199413113,-2.2723912594258096,-1.2261103050671551,2.4065333464610057
-0.13582370604799632,0.34319526594192673,0.42395078368250994,-2.2724552318602536,-1.2254197530765738,2.4064544431323442
-0.13505604851712877,0.34478363502601816,0.42238631274690297,-2.2725476092861556,-1.2247219334064179,2.4063626381555667
-0.134278476165848,0.34636306646858905,0.42081252783949263,-2.272668453385018,-1.2240168567427887,2.4062579326335647
-0.13349100427863408,0.34793360454052746,0.41922945263344646,-2.272817824529131,-1.2233045324866059,2.4061403278790054
-0.1326856242981789,0.3495108651815752,0.41762114362696606,-2.2729977055834296,-1.2225777369724664,2.4060084544318596
-0.13187829719689,0.3510636690477636,0.4160194660906556,-2.2732046023016794,-1.2218508844040266,2.405864928912728
-0.13106111235465623,0.3526077186731161,0.4144085751143546,-2.2734402082208502,-1.2211168210760044,2.4057085114409578
-0.13023409660873844,0.35414303873142167,0.41278852289450296,-2.273704581786927,-1.22037558036102,2.405539209486295
-0.1293973984673675,0.3556694344791096,0.41115960060332457,-2.273997733426654,-1.2196273036492458,2.4053570590914197
-0.12854236867142466,0.35720236486342344,0.409505124100901,-2.2743231329755926,-1.2188642875985076,2.405160020316662
-0.12768594820170184,0.35871153566613717,0.40785787535094814,-2.274674405459091,-1.2181016744634823,2.404952004858181
-0.12681973188204837,0.3602122160571411,0.4062015552963771,-2.275054682696562,-1.2173319614866474,2.4047311316397244
-0.12594372929788172,0.3617044651579052,0.4045361903568008,-2.2754640273638853,-1.2165551799272551,2.404497409716111
-0.12505795000900208,0.36318834131491895,0.4028618103316384,-2.2759024995570325,-1.215771359993183,2.404250848931878
-0.12415349485183175,0.3646784595684969,0.4011617491879563,-2.2763749290239432,-1.2149726723415522,2.4039888282527295
-0.12324834783398955,0.36614528244328415,0.39946981516775554,-2.2768719825417474,-1.214175035217405,2.403716575756784
-0.12233345712601111,0.3676039198306883,0.3977689677747438,-2.277398321555942,-1.2133704656623003,2.4034315281164247
-0.1214088310626708,0.36905443888844475,0.3960592368324134,-2.2779540050749505,-1.212559007203279,2.403133700740864
-0.12047447828862445,0.3704969060645036,0.39434065581285976,-2.278539088654096,-1.2117407024384055,2.402823110108823
-0.11952091823337471,0.37194569207256667,0.3925959435491815,-2.2791599179610817,-1.2109073082106787,2.4024964745828115
-0.1185671892206174,0.37337196494178576,0.39085994521590195,-2.279804158390413,-1.2100755150845504,2.4021603395234385
-0.11760382283647688,0.37479030933467977,0.3891153158856423,-2.280477903437438,-1.2092370703218,2.4018115259285113
-0.11663077545606622,0.3762008804244432,0.38736199383507147,-2.281181238895456,-1.208391985260662,2.4014500394223592
-0.1156480615063695,0.37760374681148673,0.3856000256412303,-2.2819142077677097,-1.207540320711328,2.4010759072502155
-0.11464572187133494,0.3790128940959902,0.38381170904873063,-2.2826846253029105,-1.2066735206500911,2.4006852245295844
-0.11364380705877529,0.3804002400746536,0.3820328294105942,-2.2834771313131266,-1.205808989238494,2.400285840402304
-0.11263225022602069,0.38178013600451643,0.38024541039300747,-2.284299390821502,-1.2049380554093367,2.3998738996946734
-0.11161106222745178,0.38315266746840426,0.37844949040727943,-2.285151443731121,-1.2040607914283972,2.3994494364664947
-0.11058026681160812,0.3845179040017495,0.3766451326309647,-2.286033314236073,-1.2031772790113129,2.3990124917520523
-0.10952964255866898,0.3858891933504652,0.3748145920875009,-2.286954104504822,-1.2022788474721675,2.398558639930012
-0.10847978592906773,0.3872397718081906,0.372993766644257,-2.287895804120972,-1.2013831878788737,2.3980968228785624
-0.10742036619326226,0.38858332677219254,0.37116464241640545,-2.288867389049393,-1.2004815122581654,2.397622652788667
-0.10635142831644306,0.3899199175844848,0.36932731413151293,-2.2898688535389016,-1.1995739344814242,2.3971361904483444
-0.10527312009357444,0.39124948116665326,0.3674820529414827,-2.290900085079149,-1.1986606533567066,2.39663754719538
-0.10417443584032511,0.3925854344611569,0.3656101658416925,-2.2919719418088196,-1.1977324540817629,2.3961215595636745
-0.10307707999006194,0.39390151671858586,0.36374864205162055,-2.2930632823776382,-1.1968077650884295,2.3955984756068522
-0.10197028953333648,0.3952110295808354,0.36187912709749637,-2.294184517078457,-1.1958775499153846,2.3950633240930044
-0.10085426548494467,0.39651387396081356,0.3600019707551589,-2.295335457836952,-1.1949420647841034,2.3945162567019236
-0.09972881295517987,0.3978104165518781,0.358116857363168,-2.2965163169376575,-1.1940012315101813,2.393957233609767
-0.09858256213926865,0.3991136362242997,0.35620487617755103,-2.2977393365169987,-1.1930456692881959,2.3933805511219313
-0.09743844207515931,0.4003976169738688,0.35430427564934114,-2.298980066298298,-1.1920945965937562,2.392797814290848
-0.09628505743466625,0.4016755432995334,0.3523960247440809,-2.300250558928423,-1.1911385787946276,2.392203383683444
-0.09512238388433084,0.40294759655420304,0.3504800875295678,-2.3015508451235744,-1.1901776951383052,2.3915973121377423
-0.09395055113741088,0.40421379189815676,0.34855668260489064,-2.302880776770015,-1.1892121494807075,2.3909797349107453
-0.0927577525113452,0.4054868144049849,0.34660654909354816,-2.3042540303331855,-1.1882323525802596,2.3903443973232905
-0.09156758214204404,0.4067416566163063,0.344668254053174,-2.305643439730689,-1.1872578003817613,2.389703949958479
-0.0903683260616153,0.4079910615076163,0.3427226150129549,-2.3070623722671604,-1.186278943810352,2.3890522561402743
-0.08916012222107063,0.4092350638400917,0.3407698479577513,-2.3085106471896455,-1.1852960046420817,2.3883894708024154
-0.08794275802389334,0.4104740600316189,0.33880960348395034,-2.3099884989907338,-1.184308916388048,2.387715557787343
-0.08670437800949733,0.4117200869267476,0.33682289337985516,-2.311510566426888,-1.183308220890267,2.387023944267778
-0.08546927758133764,0.4129488976195467,0.3348486725041305,-2.3130469637821043,-1.1823136745808136,2.386328297915817
-0.0842252191189458,0.4141730581004974,0.3328672676689709,-2.3146126016831783,-1.1813154685984146,2.385621895454061
-0.08297265687947161,0.41539232367275236,0.330879379793916,-2.3162068700595246,-1.1803140852279301,2.3849050891703483
-0.08171133024152083,0.4166071533539747,0.3288845724058262,-2.3178300533236054,-1.179309429020525,2.3841778263735556
-0.08042853460800099,0.4178297965159695,0.3268628360824122,-2.3194987179239264,-1.178291550190307,2.3834327940409556
-0.07914999117134262,0.4190359589890317,0.32485467066749063,-2.3211793627767077,-1.1772809909079522,2.3826850447493433
-0.07786298977603677,0.42023802937298144,0.3228399864776429,-2.322888365395831,-1.1762677476466648,2.381927320289677
-0.07656754345640397,0.42143621980786583,0.32081876487926886,-2.3246256511447445,-1.1752519553684946,2.381159735961463
-0.0752636282310002,0.42263077672712107,0.31879093023704747,-2.3263911906716386,-1.1742337159856784,2.380382386149528
-0.07393837223722265,0.4238335540200451,0.3167365219526719,-2.3282025923687004,-1.1732031588737137,2.379587634388424
-0.0726181641640996,0.4250208489940192,0.3146963890095153,-2.330023720081096,-1.1721809422795255,2.378791436033563
-0.07128995385017667,0.42620479700813035,0.31265022526447184,-2.331872235895844,-1.1711570006277428,2.3779860987362014
-0.06995379845179095,0.4273855969505372,0.3105980582013015,-2.333747978784668,-1.1701315062386801,2.377171779461163
-0.06860973129462361,0.4285634700025127,0.3085398782477444,-2.3356508147665727,-1.1691046079187126,2.3763486220511374
-0.06724435019819228,0.4297502709178172,0.3064551907880548,-2.337599859539401,-1.1680662565884776,2.375508480426345
-0.06588481980485067,0.4309226577461505,0.30438539054999697,-2.339556249496648,-1.167037251736571,2.3746682140918973
-0.0645176384304336,0.4320926701564011,0.30230976890655964,-2.3415390693140017,-1.1660074080546758,2.3738196568889647
-0.06314301505020846,0.43326040126429416,0.30022855990996417,-2.3435479149583203,-1.164977013418847,2.3729630737708933
-0.0617610540023263,0.4344260369572186,0.29814183640624836,-2.3455825240995454,-1.163946269857155,2.37209866686861
-0.0603582187989718,0.43560115468729105,0.29602915201985064,-2.347662926076496,-1.162905276916643,2.3712180565356062
-0.05896228853143879,0.436762781031104,0.29393223363032434,-2.349747810258956,-1.1618747877227262,2.370338840891317
-0.05755910234889704,0.4379230943472843,0.2918296402134069,-2.3518579747528743,-1.1608443731957157,2.3694522794250847
-0.05614969675850773,0.43908153584773846,0.28972281247169385,-2.3539917321849324,-1.1598149217422855,2.3685591767949625
-0.05473362446154784,0.4402387745059301,0.28761096679141346,-2.3561496179231223,-1.1587862233696056,2.3676594003745235
-0.053296714932269465,0.4414065954251623,0.28547292760942583,-2.358353292641652,-1.1577481847959477,2.366744056215732
-0.05186757419292976,0.44256206498620687,0.2833511240050449,-2.3605587570499686,-1.1567216104084799,2.365831539406556
-0.050432354708868234,0.4437167723191636,0.28122480844950304,-2.3627870172522476,-1.1556965635227805,2.364913186634632
-0.048991456369690385,0.4448707165620625,0.2790944310355705,-2.36503729820576,-1.1546734495189035,2.363989415088741
-0.04754470373996466,0.4460243591099077,0.2769595888241702,-2.3673097133016645,-1.1536522554963655,2.363060273758504
-0.04607772708042529,0.44718941075843144,0.2747989926854226,-2.3696268597625334,-1.1526230379181766,2.362116667386093
-0.044619760115451906,0.4483429924069956,0.2726555313475912,-2.3719424085459697,-1.151606437504632,2.3611775851656835
-0.04315649163525642,0.4494968152598993,0.2705079579117283,-2.3742787181767926,-1.1505924690214533,2.3602339843472864
-0.041688065882719096,0.45065110430075744,0.26835631196203147,-2.37663538862875,-1.1495813460442879,2.3592861284892437
-0.04021479184885164,0.45180595597243756,0.26620087185078384,-2.3790117454919835,-1.1485733847551578,2.3583343880864587
-0.03872221083424934,0.4529730031665493,0.26402035214110114,-2.3814310945897295,-1.1475588851497704,2.3573695782598953
-0.03724003304491807,0.45412937400057,0.2618579545775213,-2.3838450991625817,-1.1465581581139437,2.356411099696433
-0.03575366926172426,0.45528683095916883,0.2596921682644858,-2.386277141286936,-1.1455613252872014,2.355449687750214
-0.03426334311309016,0.4564455574745889,0.25752311255781185,-2.388726661254613,-1.1445686354792208,2.3544856661013074
-0.032769220069347245,0.4576057819352985,0.25535081998836834,-2.391193185946399,-1.1435802870027394,2.3535193204038127
-0.03125652963383002,0.4587793166907914,0.25315363490667664,-2.3937010468932356,-1.142586692672916,2.352541272963573
-0.029755443100630757,0.45994312986426633,0.2509751448946778,-2.396200027977759,-1.1416077743444812,2.3515712355559093
-0.028251121800546265,0.4611090943555235,0.24879357186466122,-2.398714452881424,-1.1406338061562398,2.3505997808743393
-0.026744167708927853,0.46227711690553613,0.24660954746304933,-2.401243102451358,-1.139665260395601,2.34962748306836
-0.025234448579905564,0.4634476720940024,0.2444226371298411,-2.4037859776545827,-1.1387021220217233,2.348654440677628
-0.023707211209079537,0.46463258436249727,0.24221123605166034,-2.406367840561035,-1.137735149891392,2.3476713389662036
-0.02219297893961802,0.4658085617264895,0.24001926896220244,-2.408936875794262,-1.1367837557364313,2.3466980365591175
-0.020676909331671503,0.4669874849510206,0.23782499058413664,-2.4115178827377926,-1.1358385388365693,2.345725144558649
-0.019159272359079743,0.46816953098418124,0.2356285147799181,-2.414110171417918,-1.134899730565246,2.3447530254295947
-0.01764077801800999,0.4693545311236769,0.2334305904707941,-2.4167122876835476,-1.1339678169894858,2.343782321006736
-0.016106147930237426,0.4705548332193385,0.23120881358341255,-2.4193502828624216,-1.1330335679589962,2.342803472849508
-0.014585981751316993,0.4717469055896539,0.22900717624064582,-2.421971325096925,-1.1321156758257793,2.3418362124672654
-0.013065371572965553,0.47294277447318717,0.22680381382770895,-2.42460073738674,-1.1312050365914121,2.3408711922449186
-0.011544600198146676,0.4741426153848278,0.22459882338198717,-2.427237784280033,-1.1303018598908618,2.3399087823181826
-0.01002396504186706,0.47534658941261415,0.2223923218501502,-2.429881696318763,-1.1294063486017958,2.3389493594001207
-0.008488620354955616,0.47656691684872726,0.22016241861042318,-2.432558124974187,-1.128509887896091,2.3379837804877206
-0.006969198860668507,0.4777796622606357,0.21795325854348688,-2.4352134246859856,-1.127630404082988,2.3370315257820513
-0.00545098814247541,0.4789968832895006,0.21574316553097397,-2.437872928563156,-1.1267592498042867,2.3360834970237705
-0.003934189707112643,0.48021882461015825,0.21353208475238622,-2.440536021474032,-1.1258965543400696,2.335140009291659
-0.0024190928504427694,0.4814456575043483,0.2113200880769247,-2.443201927264069,-1.1250424823206269,2.334201429556539
-0.000890903758988992,0.4826898664153351,0.209085166510854,-2.445896482390468,-1.1241887967755526,2.3332588291781176
0.0006197135767797047,0.48392690578856,0.20687178354934582,-2.4485653592821053,-1.1233526415204773,2.332331335990718
0.0021275516487727396,0.48516917974661383,0.20465797222783125,-2.451234320722767,-1.1225256682712823,2.3314099716756473
0.0036323878401572428,0.4864169193615001,0.202443675533682,-2.4539026987192365,-1.1217079870345728,2.330495059070791
0.005133880955568497,0.48767025403342495,0.20022901018928757,-2.456569608130996,-1.1208997567414758,2.329586989695917
0.006646642678529848,0.4889419253595415,0.19799194945103138,-2.4592607754640152,-1.1200931867027315,2.3286771732981695
0.008140371631293294,0.4902068896252523,0.19577688502313173,-2.4619220247149856,-1.1193044212076204,2.32778404535896
0.0096297094937766,0.49147781253510764,0.19356180650223445,-2.4645790796135607,-1.1185255420016773,2.326898936545435
0.011114303411374593,0.4927548154811398,0.19134681917858867,-2.4672310264545545,-1.1177566953896523,2.3260222396618757
0.012593796573848017,0.4940380107606601,0.18913203541179702,-2.469876937034799,-1.116998012139556,2.325154344684281
0.014082538959610823,0.4953404298177793,0.18689543141161927,-2.472542216923522,-1.1162421783891834,2.324287089692032
0.015550690528692046,0.49663640295202544,0.18468138427724776,-2.4751731635147656,-1.1155043055677547,2.323438064718923
0.017012650384444022,0.49793887937756276,0.18246788101599448,-2.4777952292704115,-1.1147769441775914,2.3225990069060147
0.018468052789064736,0.49924796298484847,0.18025502145301145,-2.4804074648324277,-1.1140602114383236,2.321770303931536
0.019916528696162995,0.500563748325373,0.17804291260448657,-2.4830089079587614,-1.1133542084606123,2.3209523395253875
0.02137207865978172,0.5018995821596798,0.17580956025118127,-2.485624415057477,-1.1126521260569628,2.3201374728709703
0.022805514255851728,0.5032291205335446,0.17359926265603626,-2.488201248191875,-1.111967979525124,2.319342246313539
0.024231008323343083,0.5045657205362837,0.17138987042132028,-2.490764547945175,-1.1112947694906408,2.318558840244149
0.02564809476998621,0.505909385570254,0.16918161619251137,-2.4933131750094972,-1.1106326277713043,2.317787684252966
0.027056399162949697,0.5072601966800955,0.16697459499312528,-2.4958461479702514,-1.1099816240771088,2.317029150454505
0.028469441635063344,0.5086317993048003,0.1647469308862602,-2.4983874650583107,-1.1093354945981697,2.31627623267715
0.02985874626112789,0.5099970038410667,0.1625429963227376,-2.5008856168735325,-1.1087071724070108,2.315544299165168
0.031238246562185806,0.5113696823430369,0.1603404025334883,-2.503365335427564,-1.1080901008744943,2.3148260295160346
0.03260825544383895,0.5127506149926296,0.15813811166198422,-2.5058268727059776,-1.1074840355005768,2.3141214374481027
0.03396756383050493,0.5141390489008812,0.15593752910732825,-2.508267739903002,-1.106889391840259,2.3134313180611263
0.0353289769954279,0.5155487938980563,0.15371715784866732,-2.510710579510486,-1.1063005252100495,2.312749457761742
0.03666568776874507,0.5169525626982672,0.1515201579617942,-2.513106984902001,-1.1057289246874056,2.312089476905411
0.037990581917064004,0.5183640478819952,0.1493250699605436,-2.5154797504288435,-1.1051688143129916,2.311445017860743
0.039303275975185646,0.5197833112531111,0.14713196719084276,-2.5178278706545205,-1.104620226785522,2.3108164345967794
0.04060342452965883,0.5212104502742242,0.14494086286439375,-2.520150402188022,-1.1040831632822121,2.310204057025627
0.0419031901516303,0.5226596172727073,0.142730399028905,-2.5224686851696996,-1.1035525359083123,2.309602464288576
0.04317687024331047,0.524102649157927,0.14054368697407776,-2.52473656055741,-1.1030387167097515,2.309023747075357
0.044436739203195866,0.525553583112422,0.13835939146374734,-2.5269755927760205,-1.1025364777623932,2.308462313101486
0.04568247896856915,0.5270125469637286,0.13617746263035396,-2.52918488734882,-1.1020458032451979,2.3079184732456475
0.04691374772202446,0.5284796391146946,0.13399789326536932,-2.53136350042599,-1.1015666721921564,2.307392544753536
0.048142302212315934,0.5299697652139981,0.13179889732954003,-2.533531804393161,-1.1010944295855052,2.3068798442480003
0.04934351251381187,0.531453587593492,0.12962390552008438,-2.535645998104556,-1.1006384149052213,2.306390854785475
0.05052921707497636,0.5329458443101649,0.12745123224512167,-2.537726639555269,-1.1001938559115396,2.305920730085037
0.051698626261115904,0.5344460734534954,0.1252816749164725,-2.539771997974485,-1.0997608987046674,2.305469961886068
0.05285152462005208,0.5359545255585947,0.12311498916240943,-2.5417813441201917,-1.0993394580267728,2.305038806024226
0.053998983555180895,0.5374866927710974,0.12092926914380785,-2.543773492787409,-1.0989253941089618,2.304623497905463
0.05511781957305884,0.5390121995665443,0.11876796893030996,-2.545707842800262,-1.0985269403647304,2.304232644948432
0.056218867704874054,0.540545893206904,0.11660994842249717,-2.547602865774792,-1.098139960170738,2.303862415259924
0.057302201594062636,0.5420884683507423,0.11445434926967911,-2.549458317523016,-1.0977642766260345,2.3035129826463843
0.05836687556476188,0.5436391744269156,0.11230233679791865,-2.551272198707698,-1.0974000561375679,2.3031848507888544
0.05942335960533768,0.5452144076426718,0.11013149913931512,-2.553061800492767,-1.0970436177639866,2.3028752209820915
0.06044984603810211,0.5467822894471647,0.10798588133158425,-2.5547898040654027,-1.0967021889205217,2.3025907202700338
0.06145682902097912,0.5483588961196922,0.10584337291516226,-2.5564736255756806,-1.0963720091727007,2.3023283822872718
0.062443781710464066,0.5499440630111123,0.10370431359614231,-2.558111981448691,-1.096053106083968,2.3020885699315126
0.06341038857127963,0.5515379530708966,0.1015685999441986,-2.5597039326303133,-1.0957454255441401,2.3018715872367297
0.06436549643694187,0.5531564867666021,0.0994152462454462,-2.5612634183736205,-1.0954460565964859,2.301675951927158
0.06528995072142975,0.5547679303379903,0.09728658987099,-2.562758741986915,-1.095160882179703,2.3015058581155543
0.0661926722559466,0.5563878620720408,0.09516194848522762,-2.564204090243162,-1.0948868984647737,2.3013596036843524
0.06707355269568917,0.5580168431743686,0.09304070891375134,-2.5655988397641503,-1.0946240048768872,2.301237472799876
0.06793191089765947,0.5596543897407559,0.09092362779528547,-2.5669414461892126,-1.0943722646610539,2.3011398342000557
0.06877577260447225,0.5613173934681807,0.08878922747828477,-2.5682437173044015,-1.0941292415938226,2.3010663827983175
0.06958787173436068,0.5629726675187932,0.08668023066347179,-2.569478529447331,-1.0938998062888485,2.301018942161772
0.0703764768599588,0.5646370694112997,0.08457506987029942,-2.570658215131638,-1.0936813927626297,2.3009969666308185
0.07114092172380845,0.5663100792351963,0.08247454084126976,-2.571781263092858,-1.0934740752310255,2.301000802198894
0.07188082997745761,0.5679917586509096,0.08037870288851454,-2.5728465941469816,-1.0932778362126407,2.301030773143643
0.07260333507823813,0.5697002970539897,0.07826528355871244,-2.5738635575382314,-1.0930907315979606,2.3010879472963315
0.07329320139660639,0.5714007160516515,0.07617771083003533,-2.5748101318082193,-1.0929166379372803,2.301171534794984
0.07395731785597762,0.5731099167022603,0.07409515869333522,-2.5756955482513786,-1.09275361273801,2.3012822862019164
0.07459541172836634,0.5748282677172654,0.07201734064578233,-2.576518835085292,-1.0926016441398536,2.301420570606258
0.07520713603105288,0.5765559851678921,0.06994417305177478,-2.577278895159912,-1.0924607352038787,2.3015867615222545
0.07579763602959465,0.5783100677610478,0.06785568331289317,-2.577980976367865,-1.0923296925012327,2.3017832526990056
0.07635483146043676,0.5800558612184247,0.06579331083953176,-2.5786100397497926,-1.0922111630756355,2.302006526384001
0.07688431489374077,0.5818107376087882,0.06373648750151194,-2.5791721891801505,-1.0921037897196102,2.302258728164935
0.07738570060946523,0.583574775323693,0.06168531870268291,-2.5796662672342965,-1.0920076188748953,2.3025402248178035
0.07785860228995092,0.5853480518528597,0.0596399225290781,-2.580091101285759,-1.0919226932293549,2.302851384976053
0.07830692611828455,0.5871485178949538,0.05758006464745265,-2.5804486871115153,-1.0918483741189895,2.30319614220702
0.07872140784124075,0.5889406274930742,0.055546635899325396,-2.5807307590860167,-1.0917862245582226,2.303568071430519
0.07910624347141107,0.5907422382451163,0.05351936771910317,-2.5809399916589446,-1.0917354884248167,2.303970809907528
0.0794610487453771,0.5925534594757406,0.05149838436456068,-2.5810751760460673,-1.0916962543049022,2.304404758559857
0.07978543864547123,0.594374399719559,0.04948382536283659,-2.581135086403164,-1.0916686098740274,2.3048703219036364
0.08008180678034871,0.5962235262152771,0.047455798049464294,-2.5811179228251295,-1.0916525424112455,2.3053730461293527
0.08034389914644657,0.5980643634223188,0.0454545875239456,-2.5810227813612356,-1.0916485118575987,2.3059034157630625
0.08057441910099683,0.5999152828630827,0.04346026285323866,-2.5808485986226355,-1.0916563885353232,2.3064666639779268
0.08077298427261595,0.6017764285473651,0.04147297725524138,-2.5805941049990095,-1.0916763156142089,2.3070632340890525
0.08093921245735465,0.6036479468019549,0.039492898716712736,-2.580258012826172,-1.0917084376033648,2.307693574869801
0.08107389039651194,0.6055488612262334,0.037500520492009026,-2.5798344036036367,-1.0917534094478465,2.3083649609347447
0.08117396948005808,0.6074417126605935,0.035535452513091426,-2.5793303556472784,-1.091810545443334,2.309064583132379
0.08124056680570749,0.6093454250968298,0.03357814403127852,-2.5787407495216983,-1.0918803818441587,2.309799383854123
0.08127330540764285,0.6112601873867632,0.031628781080756486,-2.5780642496439796,-1.091963129568878,2.310569857365984
0.08127181282643971,0.6131858463925529,0.029687912541083675,-2.5772996474113437,-1.0920589857249765,2.311376357130683
0.08123520299771587,0.6151417950519869,0.027736695551507654,-2.5764367267665236,-1.0921693097214218,2.3122278899974473
0.08116383251468046,0.6170900951898017,0.025813393617580463,-2.575490988943487,-1.0922922245376396,2.313108362162023
0.08105722213277346,0.61904900741956,0.02390011475880902,-2.574453628998387,-1.0924288962964661,2.3140259454036656
0.08091498821529783,0.6210198241251754,0.02199603459074848,-2.573322788613931,-1.0925796747927723,2.3149816461647905
0.08073683782764239,0.6230021975655406,0.02010195320085929,-2.5720974624850244,-1.092744804929557,2.3159757090679527
0.08052009678573432,0.6250166354948777,0.0181990806356879,-2.5707624552085617,-1.092926473401992,2.3170193224258604
0.08026877859942069,0.6270231697574163,0.016325658083456845,-2.569343110660803,-1.0931214083133256,2.318092187715972
0.07998059877551508,0.6290420645346576,0.014462953652494715,-2.5678252694833597,-1.0933316520792584,2.319205042472383
0.07965527253540924,0.6310735135013266,0.012611307652716232,-2.5662076782209,-1.0935575640294102,2.320358393578328
0.0792925617210662,0.6331175336571772,0.010771237456805438,-2.5644892491317877,-1.093799488008124,2.321552639123425
0.07888792445423919,0.635195447351725,0.008924458040620182,-2.56264960814648,-1.0940605212844132,2.3228011401437696
0.0784491543735982,0.6372661599745709,0.007108058293048392,-2.5607241113553223,-1.094335915299679,2.3240795927401408
0.07797215952167154,0.6393505642944944,0.005303949981411137,-2.558693668222742,-1.094628586234184,2.3254007672536763
0.07745678923871424,0.6414486145955832,0.0035127639258486806,-2.556557379482139,-1.0949389457109429,2.326765001057491
0.07690270223400891,0.6435611100969888,0.0017344298953260078,-2.554313506334299,-1.0952675380123607,2.3281731748768566
0.07630365453018853,0.6457093588781726,-4.796925923149674e-05,-2.551937109812092,-1.0956183606245207,2.3296403738901637
0.07567135155363022,0.6478510744843984,-0.001798718911362807,-2.549474172832227,-1.0959850000652864,2.33113804597825
0.074999935978057,0.6500076434927782,-0.0035350346524370027,-2.5469007098481375,-1.0963713081921598,2.3326809465975726
0.07428901728186517,0.6521801747467897,-0.005257144558120548,-2.5442146691221597,-1.0967779877031434,2.3342701857002686
0.07353876147017976,0.6543681160527165,-0.006963933923926582,-2.5414160633937115,-1.0972054453729414,2.3359056564783693
0.07274063271973458,0.6565949036471642,-0.008672567383156846,-2.538472884887232,-1.0976590508526003,2.337605691586886
0.0719106057698959,0.6588161035359493,-0.010348253081008047,-2.5354433356330484,-1.0981303346442328,2.339336626533341
0.07104074836102464,0.661054494824224,-0.012007879780859862,-2.5322972380531423,-1.0986243773545314,2.341115936577832
0.07013101829781143,0.6633104698944494,-0.013651018464309012,-2.5290336363222354,-1.0991418526554637,2.3429441611683663
0.06918138815130088,0.665584455291966,-0.015277248176690354,-2.5256515772939214,-1.0996834502680914,2.3448218500497093
0.06818192140553668,0.6678995355846289,-0.016901880318395995,-2.5221151010596867,-1.1002555683440929,2.3467687659639456
0.06715233064896445,0.6702106056276861,-0.0184925338678864,-2.518493006429991,-1.100847712087996,2.348747105866924
0.06608302152660496,0.672540848013177,-0.02006486909415057,-2.51475022715722,-1.1014661107954211,2.3507763240539967
0.0649739588026532,0.6748910110248391,-0.021618645969793435,-2.510885602644992,-1.1021116179550006,2.3528571626239736
0.06382531019849011,0.6772614714192218,-0.023153359366216545,-2.5068986326380878,-1.102784996600578,2.3549900175524905
0.06262501539433005,0.6796770024970519,-0.024683787088828367,-2.5027465281882924,-1.1034942897804874,2.357197727356267
0.061397107611091975,0.6820901322532781,-0.026179102703950404,-2.4985112529618974,-1.1042262812064052,2.359436883848562
0.06013018258568131,0.6845250505140397,-0.02765402800714276,-2.4941520540645596,-1.104988621075814,2.361729397409473
0.0588245550252902,0.6869821888120463,-0.029108090480801745,-2.489668748095482,-1.1057821475410308,2.3640755820471626
0.05748039014060273,0.6894623327171943,-0.030541019868151158,-2.4850605874937663,-1.1066078163764768,2.366476058704946
0.056084018181578266,0.6919911571084679,-0.0319663819249126,-2.480279428853575,-1.1074752552278917,2.3689559981056507
0.05466336220441707,0.6945193488860038,-0.033355668622386966,-2.475419474527895,-1.1083683058015987,2.371466807406156
0.053205413947005516,0.6970719977038164,-0.03472247098475307,-2.470434690185779,-1.1092961347686283,2.3740326887175605
0.05171024383515873,0.6996508307839225,-0.03606748185680025,-2.465324168637026,-1.1102609264924663,2.376654920906331
0.050178646457504215,0.7022549576021286,-0.037388619779567714,-2.4600883841501773,-1.1112614363373563,2.379332560758014
0.04859571770722457,0.7049112086017589,-0.038698770996792815,-2.4546751016804778,-1.1123099005575348,2.3820930557878928
0.0469929227316574,0.7075683902027842,-0.03997205891670738,-2.4491902690812295,-1.1133868237950069,2.3848827109615107
0.045355523138250385,0.7102530657048668,-0.041221151515933925,-2.4435818064634516,-1.1145032590676553,2.387728490004911
0.043684486756530284,0.7129653765639481,-0.0424455432051227,-2.437851291122571,-1.1156599513034502,2.3906299655012955
0.041980526783405234,0.7157059649641242,-0.04364498887662169,-2.4319993847802928,-1.1168578435823346,2.3935871871024488
0.04022615097488465,0.7185044767092134,-0.04483136144864014,-2.425964016001365,-1.11811101464588,2.3966318468026007
0.03845784543746717,0.7213046455152582,-0.04598031344921573,-2.419868800577613,-1.119394938083071,2.3997019667475907
0.03665907514611063,0.724134959019082,-0.047103662659922836,-2.413654982605584,-1.1207228547017796,2.402827632972222
0.0348309585202323,0.7269957144459999,-0.04820113009926617,-2.4073244470557453,-1.1220955111612274,2.406008313227694
0.03297458182888304,0.7298873329811768,-0.04927252859493699,-2.400878931693961,-1.1235136888193917,2.409243555269107
0.031072090600099512,0.7328396499080075,-0.0503280407144006,-2.394254082661053,-1.1249930371190093,2.4125660571013747
0.02916192894829832,0.7357952640842705,-0.05134687897786128,-2.3875816296101964,-1.126505336563228,2.4159101594220065
0.02722759225544265,0.7387821455785225,-0.052339047363201406,-2.3808020626772044,-1.1280649216319314,2.419306159189782
0.025269901681755563,0.741801380693369,-0.05330477874010749,-2.373916067337742,-1.1296728016730515,2.4227541390353715
0.02329004077137163,0.7448535468917582,-0.05424416759319257,-2.3669255603167407,-1.1313297049145103,2.426253561120457
0.021269749796191364,0.7479692713796886,-0.05516606645956862,-2.3597633520829406,-1.1330531057452824,2.4298384851999066
0.019250397159379585,0.7510872727866579,-0.05605239064286806,-2.352573766586824,-1.134809442148959,2.4334370607454554
0.0172134974339191,0.7542385846265379,-0.05691260116774842,-2.3452890831255027,-1.1366160101447074,2.4370836019649587
0.01516016456432878,0.7574240641271119,-0.05774708639029958,-2.337910883808942,-1.1384735548178844,2.440777711845582
0.013093160225945791,0.7606420376653135,-0.058555646355073994,-2.3304466761986213,-1.140381289731048,2.4445160140000466
0.010993699387123128,0.7639245934138367,-0.059346180705088784,-2.3228256290088996,-1.1423588069831425,2.448334390694479
0.008904275364506636,0.7672079667296652,-0.060103740531434836,-2.3151995380921195,-1.1443677613010836,2.4521571166594627
0.0068061068241035624,0.7705241112017469,-0.06083664892906626,-2.307497993565791,-1.1464272632697454,2.4560198155750754
0.004701740656308524,0.7738716799040154,-0.06154516001114468,-2.2997278895380244,-1.14853642256012,2.4599193519106204
0.002592250932591938,0.77725164983297,-0.06223010359753527,-2.29189072883836,-1.150695743813119,2.4638552765101367
0.00045937013429668853,0.7806963858440609,-0.06289829758055199,-2.2839154202799308,-1.1529261670799775,2.4678636395134883
-0.0016533928650449422,0.7841383110577822,-0.06353742179225033,-2.2759621920009137,-1.155183701181555,2.471864143316107
-0.0037652779905371337,0.7876110070479085,-0.06415497618890485,-2.267956949792059,-1.15748965156125,2.475894270727278
-0.005873828515155053,0.7911130803280533,-0.06475163469508252,-2.2599065857761476,-1.1598427364469819,2.479950772577258
-0.007976702440598445,0.7946432391531545,-0.06532818700669338,-2.2518176840886426,-1.1622416523093522,2.4840305264348133
-0.010092794026129124,0.7982363667688475,-0.06589106616506643,-2.243614313011699,-1.164709988974359,2.488172079937259
-0.012178174194629658,0.8018203986396358,-0.06643015192511308,-2.2354644969776527,-1.1671976750813906,2.4922907137757786
-0.014251858466452064,0.8054298301520401,-0.06695219489245,-2.227292702935002,-1.1697276381389865,2.4964246787052007
-0.01631217790075435,0.8090641630983239,-0.06745841205545347,-2.219103359317536,-1.172298844264827,2.5005718325534887
-0.01835754364345314,0.8127229615810536,-0.06795008731971366,-2.210900669271434,-1.174910251256763,2.504730122012683
-0.020405485610661366,0.8164406795858122,-0.06843302086019992,-2.2026111782764217,-1.1775859752663607,2.508936920016494
-0.02241343140208631,0.8201422222204624,-0.06889895350776949,-2.1944053135866186,-1.18027109799846,2.5131057176136933
-0.02439984382646753,0.8238628535806507,-0.06935409044434053,-2.186207035801523,-1.1829899519262699,2.5172750950474128
-0.02636200631793643,0.8275994194998588,-0.0697996474448977,-2.1780259644722193,-1.1857392372804432,2.5214401286530768
-0.0282986731998361,0.8313513551940923,-0.07023720874200674,-2.169865851999424,-1.1885174874370914,2.5255988529547078
-0.03022740071641832,0.8351554125109812,-0.07067263327238683,-2.1616500405227996,-1.1913510701209051,2.52979034714151
-0.03210830966794276,0.8389345778833792,-0.07109884875996594,-2.1535471553037127,-1.1941814858583693,2.5339284416487673
-0.03395902642532898,0.8427247163634858,-0.07152176604886036,-2.145481557160466,-1.1970341840810896,2.538051604361488
-0.035778019319046755,0.8465240572877956,-0.07194298743365257,-2.137459002529475,-1.1999066163174892,2.542156753817561
-0.03756383556565132,0.8503307924471534,-0.0723641411143682,-2.1294851505622,-1.2027961613461895,2.546240835762589
-0.03933243787418409,0.8541812259539314,-0.07279111834478341,-2.121486650747033,-1.2057292333605854,2.55034132003604
-0.041047513546716874,0.8579972387712531,-0.07321714625259315,-2.1136273380948984,-1.208644999559413,2.5543739753597747
-0.04272555431569046,0.8618150492865045,-0.07364812209217615,-2.105833019510333,-1.2115696434912124,2.5583766283653566
-0.04436545928559896,0.8656327722937119,-0.0740857366977229,-2.0981088131429515,-1.2145003472967024,2.5623464258203206
-0.04596662173007366,0.8694494881916944,-0.07453179983757402,-2.0904577407265634,-1.2174350111957404,2.566281577677701
-0.04754370525437173,0.8733019165337056,-0.07499269528783109,-2.082808359277695,-1.2204005000050968,2.570218643103285
-0.04906403952044161,0.8771104361423965,-0.07546084000749041,-2.0753196888021086,-1.2233340883407147,2.5740754681838895
-0.05054265985449509,0.880911214718056,-0.07594241725419257,-2.0679202724302908,-1.226262155182335,2.5778885652377084
-0.051978386934755906,0.8847009498332664,-0.07643891206445716,-2.060617137741003,-1.22918070553316,2.5816540297323303
-0.05337113658448751,0.8884789652411238,-0.07695212676883506,-2.0534120694061775,-1.2320877633100074,2.585370652519323
-0.054733952507380966,0.8922816608103746,-0.07748920885048431,-2.0462372341638186,-1.235009811564907,2.5890731721906564
-0.05603950176377498,0.8960320708007807,-0.07804118773964554,-2.0392382109583944,-1.2378862413659697,2.592686120720701
-0.05730116492670084,0.8997661121022092,-0.07861489331367784,-2.032347096789489,-1.240743214259671,2.596244249035969
-0.05851831261774816,0.9034808408522034,-0.07921171716115163,-2.025569489814225,-1.2435770269076465,2.599744359752819
-0.059690958617136504,0.9071750122415322,-0.07983327570893521,-2.0189077307404455,-1.2463852885804745,2.6031849360904586
-0.060830198371999086,0.9108839381231625,-0.08048777396846887,-2.012299362250139,-1.2491932302553905,2.6065979449579015
-0.06191342243934341,0.9145324210038166,-0.08116374327523403,-2.0058783447653203,-1.2519424900254201,2.609913850590514
-0.0629521421240798,0.9181555734487705,-0.08186897425610187,-1.999581611903075,-1.254658303147261,2.613164937182576
-0.0639465887027389,0.9217522997324119,-0.08260500074772344,-1.9934109659737653,-1.2573384500204186,2.6163499690036693
-0.06489688825953224,0.9253210099744608,-0.08337322926838128,-1.9873690119977996,-1.2599803599212467,2.619467298436482
-0.06581163795216424,0.9288937093242473,-0.08418283768411822,-1.9814025760888396,-1.262606080482815,2.6225440534835465
-0.06667339536284175,0.9323997607226037,-0.08501948659394283,-1.9756293796850064,-1.2651623555276243,2.625519198075027
-0.06749157879785071,0.9358726703886319,-0.08589219077967723,-1.9699927991651716,-1.2676725935597821,2.6284216689948208
-0.06826669207578116,0.9393118267443283,-0.0868024298542523,-1.9644936140431606,-1.2701350474047675,2.6312507813807215
-0.0689988864698023,0.9427149769008856,-0.08775121796235352,-1.9591352096713235,-1.272546820753787,2.634004515754153
-0.06969537873972359,0.9461149629698061,-0.08875006022225508,-1.9538669230096064,-1.2749295246541974,2.636708602689865
-0.07034279788788984,0.949443266948787,-0.08978042678427663,-1.948794744369112,-1.2772338869546969,2.6393083437050877
-0.07094859083822076,0.952732077885091,-0.09085305750280682,-1.9438681724259115,-1.2794813897368007,2.6418294376334672
-0.07151307778731267,0.9559794603745615,-0.09196884366306089,-1.939089930884232,-1.2816695241807177,2.6442702447191633
-0.07203693038039555,0.9591854702732623,-0.09312932704037541,-1.9344598178506478,-1.283797155687603,2.6466306306621097
-0.07252512571640572,0.9623792577782035,-0.09434687735668348,-1.9299357680280669,-1.2858812537978022,2.648931536663021
-0.07296858815852184,0.96549815441591,-0.09560039631533714,-1.9256090160794892,-1.2878811743365357,2.651126727809568
-0.07337268316451136,0.9685715811781063,-0.096901623672801,-1.9214361847779937,-1.2898144765070099,2.6532378835673245
-0.07373787429195414,0.9715984319910383,-0.0982515817843511,-1.9174188694868775,-1.2916793851402255,2.6552639991797133
-0.07406465438310808,0.9745779444891687,-0.09965142023194012,-1.9135582433537106,-1.2934743586878528,2.6572042926160333
-0.07435614248085907,0.9775379092345424,-0.10111679307294645,-1.9098199647385217,-1.2952144324523542,2.6590757406926984
-0.07460700547695151,0.9804186437139825,-0.10261966125050374,-1.9062797489864711,-1.2968635101702817,2.6608402550469945
-0.07482071670485142,0.9832482937763494,-0.10417498976180462,-1.9029018502983928,-1.2984373550835013,2.6625156206561695
-0.07499774823126219,0.9860267282831499,-0.10578419383134438,-1.8996869184615832,-1.2999349111594163,2.6641013694025943
-0.07513843531541581,0.9887521462434129,-0.10744771554601958,-1.8966376165744345,-1.3013542367484618,2.6655960498166174
-0.07524404804093411,0.9914506914434155,-0.10918432102591347,-1.8937269681419833,-1.3027072106558777,2.6670126127751876
-0.07531282082808426,0.9940673987043577,-0.11096015044235952,-1.8910150719571632,-1.3039653631364185,2.66832168233201
-0.0753463102318372,0.9966285807719855,-0.11279312140493329,-1.8884738123980087,-1.3051412419460997,2.66953689762949
-0.07534481192474,0.9991330742282801,-0.11468388035246231,-1.886105335144992,-1.3062334452027542,2.670657138032597
-0.07530860108906504,1.001580014595019,-0.11663323538374554,-1.8839115374444404,-1.3072407520810203,2.6716814198355414
-0.07523704611587559,1.0039920050821936,-0.11866224123623308,-1.8818752108093595,-1.3081707086821655,2.672617483344097
-0.07513177415854712,1.0063206578334893,-0.12073166931927944,-1.8800385583270338,-1.3090038884406539,2.6734458503188603
-0.0749924561163664,1.0085888385337136,-0.1228615651798628,-1.8783829540047872,-1.3097486905553588,2.6741751131128293
-0.07481921026380321,1.0107963048501272,-0.1250531244068623,-1.8769101219711917,-1.310404328381772,2.6748044430008435
-0.07461219680983774,1.0129417466517017,-0.12730644764046353,-1.8756225915511586,-1.3109697375462306,2.6753326822637624
-0.07436896579643584,1.0150446975913103,-0.1296452882759137,-1.874512578143693,-1.3114483432643107,2.675762567859906
-0.07409448921391086,1.0170623107206294,-0.13202319803959858,-1.8736044282389088,-1.3118299258903643,2.676084588816637
-0.07378654283524674,1.0190154230696857,-0.1344637754290104,-1.872888080016568,-1.3121191792006328,2.676302729656416
-0.0734450844295573,1.0209037857992294,-0.13696782589031942,-1.8723655417113754,-1.3123156913083522,2.676416167404724
-0.07307001040891008,1.0227271712602677,-0.13953616477052325,-1.8720389454847481,-1.312419087064769,2.6764240401954185
-0.07265689435395035,1.0245026259310077,-0.14219628387766192,-1.8719102745903087,-1.3124286566089691,2.676323917126967
-0.0722136834779687,1.0261948422846896,-0.14489640333968445,-1.8719845095492498,-1.3123439665949101,2.6761168366159898
-0.07173615836798201,1.0278215658657572,-0.1476633829337293,-1.8722619048113338,-1.312165327165232,2.675801357619064
-0.07122419414451048,1.029382002242327,-0.15049683038656664,-1.8727448729189524,-1.31189273401088,2.675376678185996
-0.07067761271278926,1.030875627170255,-0.15339648934304212,-1.8734356481037229,-1.3115263691215653,2.6748421106383984
-0.07009010633296825,1.0323162495585894,-0.15639260650187536,-1.874346552051376,-1.3110614336682014,2.6741899403422362
-0.06947295001723322,1.0336753267848202,-0.15942610293376,-1.875461809690749,-1.3105075958002472,2.6734324467552555
-0.06882011326485747,1.0349674689492707,-0.16252641298797685,-1.8767915399009008,-1.309861265422582,2.6725631488354495
-0.06813109245567218,1.0361929404955685,-0.16569399005908525,-1.8783380417656543,-1.3091231126207081,2.671581431539212
-0.06740535570062246,1.0373520184034708,-0.1689291338214376,-1.8801035619540774,-1.3082939332280688,2.670486749733754
-0.06663452836211331,1.0384556111606469,-0.17226536044936638,-1.882111240356591,-1.3073650298259296,2.669265983132521
-0.06583333020248495,1.03948223793533,-0.1756365366626484,-1.8843233095942913,-1.3063560410929749,2.6679430384069422
-0.06499369480579548,1.0404436487568622,-0.17907536662916107,-1.8867604917305534,-1.305259492906676,2.6665061171149618
-0.06411482363183844,1.0413406048604068,-0.18258242352516543,-1.889425113622197,-1.3040766887946846,2.6649547875049224
-0.0631958725765673,1.0421739102522305,-0.1861582126906768,-1.8923194953184976,-1.3028090572196152,2.6632886688367017
-0.06222632365621838,1.0429516796128426,-0.1898393038430204,-1.895477777922276,-1.3014444913904992,2.6614893645774584
-0.06122445896045567,1.0436595180837989,-0.19355322872475209,-1.8988396144340673,-1.3000118430989764,2.6595923481559898
-0.060180001504999955,1.044306424566157,-0.1973361434428607,-1.902436951410012,-1.2984999970682234,2.6575803794616792
-0.059092052911729344,1.044893515844437,-0.20118806609217613,-1.906271495955647,-1.2969111965172366,2.655453612636555
-0.05795952891773603,1.045422076238445,-0.20510950325772603,-1.9103453954609757,-1.2952476150679195,2.6532120038229965
-0.05676934186324488,1.0458988459583218,-0.2091425760512055,-1.914705678509507,-1.2934955191782123,2.6508314648310973
-0.05554404557613882,1.0463139165456292,-0.2132043441540057,-1.9192660363146723,-1.2916892880668553,2.6483597612915095
-0.05427106569356675,1.0466747392370217,-0.21733576815060524,-1.924070415951384,-1.2898163489431798,2.6457743970309893
-0.052948939627928425,1.046983041365412,-0.2215380509005919,-1.929121570835926,-1.287879174911064,2.6430752306077845
-0.051576914067640256,1.047240473251148,-0.22581003053987508,-1.9344193458354806,-1.2858814822011972,2.6402637387433656
-0.050139168934392915,1.0474507773143154,-0.23019607383911544,-1.9400222681173969,-1.2838055178304904,2.6373105695771812
-0.04866330978321424,1.0476117356824133,-0.23460841597315832,-1.9458191925237902,-1.2816963526750635,2.6342758966065154
-0.047133655290414515,1.0477278092580766,-0.23909171108157395,-1.951867261832256,-1.2795366200236808,2.6311310339715144
-0.04554912827218349,1.0478011584165057,-0.24364559648312747,-1.9581667576814512,-1.277330300253498,2.6278774691832774
-0.04390876818696179,1.0478340665722192,-0.24826938518356292,-1.964717302501413,-1.2750816832536034,2.6245170895441596
-0.04219397014478931,1.047828710190679,-0.25301075736673345,-1.9715891355586341,-1.2727716378278497,2.6210159304870815
-0.040438381791199934,1.0477877466837053,-0.25777338061212557,-1.9786428230571103,-1.270451357706092,2.6174469700285066
-0.03862322899376522,1.0477139226348395,-0.26260630747490377,-1.98594877552722,-1.2681013201711404,2.6137760619499293
-0.03674796920200099,1.0476099860002714,-0.2675078482326559,-1.9935043152176177,-1.265726825069999,2.6100065250861837
-0.03481114914097948,1.0474787460018673,-0.2724787808319021,-2.001310310109845,-1.2633320802818515,2.606139969662324
-0.03279283647524701,1.0473215754673024,-0.2775660398341823,-2.009441937384278,-1.2608994354807388,2.602141641456378
-0.030731144914290996,1.047144577442489,-0.28267084130220166,-2.0177404496172824,-1.2584808946489805,2.598091919303706
-0.02860667091605922,1.0469495414490453,-0.2878400127583104,-2.0262788114711823,-1.2560587606836355,2.5939569398061377
-0.0264183493364913,1.046739659934883,-0.29307380260203497,-2.0350560509974756,-1.2536377529495752,2.5897394807687526
-0.024165854286661154,1.04651825851031,-0.2983708003088929,-2.044068206812321,-1.2512233863708497,2.5854438330562046
-0.021826935074758594,1.046286558941155,-0.3037800792258781,-2.0533986380739884,-1.2487987473128521,2.581033151251963
-0.01944581186430106,1.0460524253994494,-0.30919761826082615,-2.0628657226059404,-1.2464152868583394,2.5765959678524752
-0.01700132608262395,1.0458172631862572,-0.31467132206547965,-2.07254887344826,-1.2440560504717482,2.5720969890329215
-0.014494084671087381,1.045584641881754,-0.32019862996796594,-2.082440673783595,-1.2417267704008979,2.5675422219163573
-0.011923245788089065,1.045358004379424,-0.3257803783033239,-2.092539518640052,-1.2394316459741777,2.5629350263690887
-0.00926484813163476,1.0451389922864105,-0.3314665839776529,-2.1029340152930076,-1.2371554540157323,2.5582382041269898
-0.0065719801348434895,1.044935467366263,-0.33714324965946496,-2.1134119976386607,-1.234948011434355,2.5535504888174865
-0.0038201860612346295,1.0447487638400055,-0.34286297859412157,-2.12406494611099,-1.2327919115927553,2.5488328119292327
-0.0010109239941848375,1.0445823614531404,-0.3486228500701155,-2.1348830327305732,-1.2306920135663408,2.5440921604541242
0.001854525466220037,1.044439657162699,-0.35442059763724265,-2.145857349807551,-1.228652667159274,2.5393350660931606
0.004802529542779714,1.0443230407826019,-0.3603091161589664,-2.157084196191885,-1.226659684115217,2.5345230617781525
0.0077724814182242455,1.0442380456250915,-0.3661683047656904,-2.1683293433650737,-1.2247565769055206,2.529759326161216
0.010790860412040507,1.0441864803954335,-0.37205273799969907,-2.1796908305027185,-1.2229270180975191,2.525003820158
0.013854915270793178,1.044171312706964,-0.37795857586161474,-2.191155433742495,-1.2211744396347555,2.520264448995912
0.016960860046879956,1.0441953462079012,-0.3838803391198463,-2.202706440315043,-1.219502318988663,2.515550377271801
0.02013704795637908,1.0442620901681268,-0.3898732957387506,-2.2144459806050953,-1.2178978438895818,2.5108228431033583
0.02331713606575271,1.0443726560734294,-0.39581462918161253,-2.226126956870381,-1.2163949402542993,2.506183656503191
0.026528656863720593,1.0445297426432474,-0.4017593095400801,-2.2378499687969198,-1.2149791327760513,2.5015936042489497
0.029767522077228832,1.0447353802150148,-0.4077026735291053,-2.2495988329974836,-1.2136518780017729,2.497060712791316
0.03302980703428337,1.0449914064885197,-0.41364067096757956,-2.2613583709035576,-1.2124140556918934,2.4925923567976924
0.03634442966252556,1.0453028315106696,-0.41962869220118154,-2.273231046872389,-1.2112551144651642,2.4881518515684893
0.039641120770337934,1.0456648572184482,-0.4255434017696612,-2.2849648672107397,-1.2101981451483454,2.4838349498536907
0.042948321318908286,1.0460815314890768,-0.431440321353979,-2.296662135106077,-1.20923089299995,2.479603756563155
0.04626166470199309,1.0465538769593778,-0.437315742317756,-2.308307674383546,-1.2083526435698488,2.475464561631751
0.04957660372309955,1.0470827031794996,-0.44316588363409004,-2.319886047736192,-1.2075623586044577,2.471423467302988
0.052920534068852866,1.0476745929968563,-0.4490432807824278,-2.3314927008402186,-1.2068523179690431,2.4674485239574033
0.056223366378792286,1.0483183287803255,-0.45482941815805417,-2.3428855179892674,-1.206234605741504,2.4636231771024373
0.05951421576626561,1.0490198782555487,-0.46058048712583755,-2.3541673035859754,-1.2056997230577409,2.4599116543472883
0.06278712834363671,1.049779037299835,-0.46629112924824895,-2.365319223788852,-1.20524567090057,2.45632003900761
0.06603805760218599,1.05059583811064,-0.4719594929987531,-2.3763293052276455,-1.2048699148756672,2.4528518763959393
0.06929536690940608,1.0514793478864153,-0.47764046810467303,-2.387294587999734,-1.204567182577983,2.4494772077125053
0.07249011067912726,1.0524117620869105,-0.48321930185915374,-2.397985154806002,-1.2043406538668109,2.4462665985306424
0.07564900476213697,1.053400754624989,-0.4887482240541645,-2.408493696545571,-1.2041842031165848,2.44319017319985
0.07876943757713492,1.0544463554015784,-0.4942284448565587,-2.418813995744263,-1.2040948098656827,2.4402489898879627
0.08184537187011774,1.0555473629789285,-0.4996552475655852,-2.4289286901757143,-1.2040695191647517,2.437447156767277
0.08490480746383613,1.0567157399619267,-0.505084560185095,-2.43893170846167,-1.204105982666172,2.4347588154828967
0.08788292341212518,1.0579276000439364,-0.5104074753573938,-2.448613923596782,-1.2042003989750447,2.432239565204602
0.09080545573312282,1.059193179287753,-0.5156756764945294,-2.458062706979029,-1.2043498287841814,2.4298642875621805
0.09366941450446867,1.0605120927301683,-0.5208900901508055,-2.467271332306777,-1.204551354837661,2.4276336814073223
0.0964715728038366,1.0618838530511145,-0.5260512758125953,-2.476232379049923,-1.2048021345190338,2.425548603453705
0.09923416087706263,1.0633216496979523,-0.5312077397050983,-2.485019239564183,-1.2051024626421258,2.423592204246232
0.1018997869211911,1.0647966431378335,-0.5362589160814427,-2.4934524567699143,-1.2054436358442655,2.4218037246464736
0.10449328246980437,1.0663224446437125,-0.5412574435067751,-2.5016142871461393,-1.205825867916935,2.420163367432924
0.107010593294867,1.067897944467052,-0.5462022896718777,-2.5094949759772094,-1.2062465216063387,2.4186723064295985
0.10944896779090477,1.0695227746161036,-0.5510948970073382,-2.517088892460551,-1.2067032445547707,2.4173308679673595
0.11182757075027838,1.0712127205994637,-0.5559823769930262,-2.5244581028385746,-1.207198650162216,2.4161287941755067
0.11409742938795574,1.0729345493204643,-0.5607711269164323,-2.531453814632723,-1.207720913480074,2.415089997173556
0.1162792852069389,1.0747041095447405,-0.5655102143266841,-2.538143310068611,-1.2082727013031866,2.4142024151613053
0.11836942157091741,1.0765202579847546,-0.5701987934722497,-2.5445179257225026,-1.2088518715760983,2.4134668984682244
0.12036525005237556,1.0783827362604443,-0.5748383390579506,-2.550572406206329,-1.2094566627360834,2.412883851159439
0.12228190277481579,1.0803050588237169,-0.5794655372300718,-2.556352088444318,-1.210082639348499,2.4124445531902268
0.12407921889318088,1.0822589009636698,-0.5840080184574402,-2.561743510457462,-1.210733803770317,2.4121697561775353
0.1257735346048349,1.0842573618161533,-0.5885029307546548,-2.566795715373915,-1.2114055831837236,2.412049165722866
0.12736224398954832,1.086300170847795,-0.5929511797846871,-2.5715030183109184,-1.2120967022567393,2.412083452116015
0.12884232796231077,1.0883864061123234,-0.597352149375358,-2.575858357528811,-1.2128057093667446,2.412273236032091
0.13022424561402124,1.0905369274229841,-0.6017490529195653,-2.579893717721179,-1.2135386393082417,2.41262322803849
0.13147825454897905,1.0927090105951311,-0.6060556002929801,-2.5835238238350926,-1.2142802200390466,2.4131274371286393
0.13261598534433938,1.0949227113458242,-0.6103144533568987,-2.586783965323758,-1.2150361557524856,2.413788743815485
0.13363509287678202,1.0971774230243219,-0.6145251792423082,-2.5896684167781037,-1.2158056109252446,2.4146076798616587
0.13453343573688148,1.0994726026425945,-0.6186873148544292,-2.5921717837993423,-1.216587756197627,2.415584678976974
0.13531599176834158,1.1018307401462868,-0.6228401875736799,-2.5943076064328277,-1.217389609141541,2.4167319418290045
0.1359655722154327,1.1042050382089472,-0.6269015769391928,-2.5960290912064843,-1.2181950011260287,2.4180274237843378
0.13648864505491984,1.1066167323680718,-0.6309095645977489,-2.597353902851124,-1.2190105672770635,2.4194809224172316
0.13688378209576343,1.1090641185621848,-0.6348612859753247,-2.5982778629480725,-1.21983552138759,2.4210916072996205
0.1371501590586627,1.111547406343294,-0.6387568281201506,-2.598798064673487,-1.2206697212584925,2.4228596845505144
0.13728769668597432,1.1140922259322859,-0.642634077134522,-2.59891039566586,-1.2215215251042397,2.4248054732278677
0.13729293932119765,1.1166487590643215,-0.6464162312636967,-2.5986093695866472,-1.2223744192540895,2.426891170473965
0.13716737512143654,1.119239671433224,-0.6501372937630958,-2.597895342967212,-1.2232357910330471,2.4291332724707138
0.13691092940341534,1.1218640624293217,-0.6537947766017771,-2.5967665055347564,-1.2241054911035076,2.4315307594284272
0.13652385376701814,1.124521005388179,-0.6573860065918544,-2.595221681276019,-1.2249833496564924,2.434082341374157
0.13600079081817731,1.1272370908225824,-0.6609436338869974,-2.5932382074975022,-1.2258782302671274,2.43681477585809
0.13535283343319707,1.1299583457630464,-0.6643952589148302,-2.5908549786285406,-1.226772832901348,2.4396730628744376
0.13457661729393416,1.1327102632983188,-0.667772836705601,-2.5880550299413727,-1.2276756288861368,2.4426812516355927
0.13367331683679648,1.1354929594455214,-0.6710744394801653,-2.584838609625462,-1.228587068737776,2.445838391771007
0.13264432902600784,1.1383064081124263,-0.6742977229668867,-2.581206333105503,-1.2295075204004484,2.449143261051481
0.1314795283013673,1.141178148039903,-0.6774700055419745,-2.5771180488240275,-1.2304463183459406,2.4526284990211016
0.13020346345683614,1.1440525370107852,-0.6805273268455588,-2.5726548916332215,-1.2313859550955235,2.4562250245510335
0.1288075578993987,1.1469570755210483,-0.6834977683835555,-2.5677811877597585,-1.2323356656020752,2.459964050347588
0.12729430785950963,1.1498974694074986,-0.6863886839616904,-2.5625020784315473,-1.233304745085106,2.4638502870115597
0.12566535807301735,1.1528635032050762,-0.6891779036579891,-2.556813076748852,-1.2342766133991037,2.4678703769483556
0.12390619774646344,1.1558900028210575,-0.6918980465491883,-2.5506591308285236,-1.2352701618577826,2.4720697368144293
0.12205376924630523,1.1589186032111263,-0.6944935098485937,-2.544162813281046,-1.2362668465253945,2.4763651496185095
0.12009427726099578,1.1619792485717362,-0.6969885644994883,-2.5372690390450767,-1.237277077645647,2.480795475287737
0.11803076964714715,1.1650724593389798,-0.6993803848719321,-2.5299813404002114,-1.2383016721293316,2.48535908590956
0.1158661715809969,1.168199204823524,-0.7016664350770047,-2.522302566217795,-1.239341624188159,2.4900549330151978
0.11358122435243316,1.1713911831006665,-0.7038646165258248,-2.514156008180082,-1.2404082496706132,2.494929234542395
0.11122440969847287,1.1745863301375385,-0.7059289988061251,-2.5057064226855377,-1.2414815932817858,2.4998844053888667
0.10877782517723009,1.177816042765885,-0.7078787699132835,-2.496881972672827,-1.2425728919631123,2.504965197723926
0.10624478994291335,1.181081789757863,-0.7097118511317898,-2.4876860681943933,-1.2436834907319503,2.51017097429847
0.10362974039615512,1.1843838177101313,-0.7114255472938081,-2.4781259846696173,-1.2448143756839916,2.5154990801671797
0.10090977954252749,1.1877562567740543,-0.7130328366339809,-2.4681078156547307,-1.245978322835245,2.5210023454529282
0.09814365224362229,1.1911326209550976,-0.7144997150155961,-2.457838568955471,-1.2471534537420277,2.526568863359185
0.09530925014516202,1.1945471106223158,-0.7158410929337031,-2.4472278068532836,-1.2483526136045937,2.5322507740920552
0.0924122119413369,1.1979995293635264,-0.7170552393021681,-2.436286945958821,-1.2495769232987668,2.538044173911436
0.08945814186444426,1.2014899628649267,-0.7181409929506367,-2.425027331550899,-1.2508276759061685,2.5439454712137843
0.08642062706974737,1.20505620274934,-0.7191071467364666,-2.4133365468346204,-1.252119978600294,2.5500153251360347
0.08336753573859476,1.2086257072142261,-0.719933774497118,-2.401465590683402,-1.2534290275718196,2.5561261303385043
0.08027508730076362,1.2122337388401936,-0.7206315014952881,-2.3893136545685265,-1.2547690246927727,2.562333523214437
0.07714905955881664,1.2158809210943131,-0.7212014369630994,-2.3768933217825903,-1.256141804422495,2.5686341628732756
0.07399666450092317,1.2195663215053543,-0.721645093585031,-2.3642231845570683,-1.2575486834092442,2.5750218288494318
0.07079321425315756,1.2233266252082913,-0.7219673851006877,-2.351191798945511,-1.2590056965565017,2.5815555370060497
0.0676093857995411,1.2270865883946886,-0.722165119869944,-2.338076961663334,-1.2604854713431277,2.5880994018516335
0.06441991942595036,1.2308834015191534,-0.7222460358866922,-2.3247676333372875,-1.2620040621383577,2.594712764004345
0.061229687593401604,1.2347190097434437,-0.7222147405346493,-2.3112748589333045,-1.263564045892134,2.601393546808541
0.058049730719929235,1.2385878278718145,-0.7220767020927463,-2.297636603124827,-1.2651648933958912,2.608126338286203
0.054855344305275444,1.2425282647709524,-0.7218354215990668,-2.2837360230097508,-1.2668245545230865,2.6149719429897704
0.05171470044627404,1.2464637594164132,-0.7215026194319214,-2.2698621958543845,-1.2685123678525585,2.621791181088551
0.04860352467809319,1.2504311537974566,-0.7210841168279636,-2.2559039875438827,-1.270245117367622,2.6286419188459917
0.04552942374742718,1.2544278152454957,-0.7205884547988934,-2.241889432375216,-1.272022901839142,2.6355132272495156
0.042468867298508926,1.2584923658325524,-0.7200187457701591,-2.2277026265909914,-1.2738644144009186,2.6424644943610565
