-1.0520008676886838,-0.09210035660667479,0.7745643889722956,1.0147717176477484,1.8339942232914241,-0.3420972700580741
-1.0509172066462127,-0.09102776315945552,0.7741054868182815,1.0150387471311673,1.8328086977423623,-0.3422654266021059
-1.0498319242238914,-0.08995701536274829,0.7736406058798884,1.0152997441732423,1.8316226118561105,-0.3424370017303072
-1.0487450325521734,-0.08888807275181047,0.7731696634326439,1.0155546975881216,1.8304360014741747,-0.3426119473434802
-1.047656544499528,-0.08782090720242426,0.7726925813367331,1.015803615939128,1.8292488926303165,-0.342790207895608
-1.0465664698964305,-0.08675545449763328,0.7722092647986614,1.0160465171279136,1.8280613047256353,-0.34297173991857727
-1.045474821814492,-0.08569168703516539,0.7717196423841741,1.0162833866028067,1.826873275749489,-0.3431564874659543
-1.044381635806144,-0.08462956404512703,0.7712236298776289,1.0165142355586383,1.8256848533592092,-0.3433444032372037
-1.0432869120694805,-0.08356904508760969,0.7707211386471762,1.0167390647254644,1.8244960614439791,-0.3435354332051229
-1.0421906874110034,-0.08251010415447997,0.7702120849563017,1.0169578711149412,1.82330694990564,-0.34372952757607605
-1.0410929476426887,-0.08145267575050763,0.7696963851640455,1.0171706599771313,1.8221175142471737,-0.3439266432664997
-1.039993729730999,-0.08039673067672429,0.7691739324731537,1.0173774409663152,1.820927828255705,-0.34412672713266557
-1.0388930335240274,-0.07934223038791136,0.7686446485848635,1.0175781895190568,1.8197378919065514,-0.3443297288654271
-1.0377908830352383,-0.07828913446798236,0.7681084449191531,1.017772930203727,1.8185477529135112,-0.3445355944672677
-1.0366873021006497,-0.07723740342547583,0.767565238033086,1.0179616391755317,1.8173574589561639,-0.3447442792406683
-1.0355822905412482,-0.07618699571369358,0.7670149257615307,1.0181443276351771,1.8161670338497244,-0.3449557268971223
-1.0344758842947797,-0.07513787093452162,0.7664574195346333,1.01832099630182,1.814976513389985,-0.3451698953809938
-1.0333680832027283,-0.07408998677021064,0.7658926112025306,1.0184916325299511,1.8137859213914935,-0.34538673137418174
-1.0322589470262313,-0.07304328942975288,0.7653204301215504,1.0186562370496417,1.8125953055511317,-0.3456061868693279
-1.031148523449292,-0.07199770962987095,0.7647408047599065,1.0188148217759463,1.8114046897112117,-0.3458282082290253
-1.0300368957584738,-0.07095316627745979,0.7641536567444853,1.0189673859902997,1.81021413347692,-0.3460527242312349
-1.0289241714067203,-0.06990956911997533,0.7635589750499769,1.019113942332102,1.8090236606761652,-0.3462796779523938
-1.0278104575326763,-0.06886682511148709,0.762956728966168,1.0192545735287113,1.807833319022437,-0.3465089802723231
-1.0266958377037954,-0.06782484698692422,0.7623469372919303,1.0193893279822503,1.806643168091655,-0.34674052660283006
-1.025580383449487,-0.06678358222478024,0.7617296298109586,1.0195183487289499,1.805453267490448,-0.34697419178442496
-1.024464046989614,-0.06574303575464846,0.7611048711923452,1.0196417781353175,1.8042636887730978,-0.34720983301495634
-1.0233467330573403,-0.06470326671750914,0.7604727159811298,1.0197597837710035,1.8030745153441372,-0.3474472891227453
-1.022228311892539,-0.06366438922489018,0.7598332607194308,1.0198725665740127,1.801885844846933,-0.34768641136190404
-1.021108542224738,-0.06262651339687383,0.7591865438883922,1.019980272370816,1.800697696622143,-0.3479270831957589
-1.0199872467512479,-0.06158982363826411,0.7585326092643747,1.0200830192848642,1.7995101324959593,-0.348169224218697
-1.018864174942118,-0.06055451866583805,0.7578714500162576,1.0201808424847343,1.7983231525462628,-0.3484128465286531
-1.0177391005122787,-0.05952081064490197,0.7572029835784122,1.020273659128368,1.7971367209354525,-0.34865803636626713
-1.0166118103008912,-0.058488938088641265,0.7565270685514585,1.0203612413834975,1.7959507922337223,-0.34890500543911285
-1.0154820747426485,-0.057459123419439,0.7558434206086261,1.0204432336896048,1.794765207020734,-0.3491540934595786
-1.0143496690240723,-0.05643164066516153,0.7551516906534538,1.0205190870046976,1.7935797648527596,-0.34940577415881047
-1.0132144139942567,-0.05540673934215494,0.7544513889362477,1.0205880733850465,1.7923942273252949,-0.3496606558389523
-1.0120761550333839,-0.054384630735185624,0.7537419562165808,1.0206492876827227,1.791208272589162,-0.3499194831618194
-1.0109347848510524,-0.05336548136821282,0.7530227368839604,1.0207016809332459,1.7900215549563,-0.35018311138912994
-1.009790219638957,-0.05234942904282924,0.7522929966167653,1.020744071886246,1.788833669020664,-0.35045248287032815
-1.0086423405564389,-0.05133660378723892,0.7515519737117251,1.0207752219299082,1.7876441976863333,-0.3507285893578793
-1.0074909922297537,-0.0503271527738816,0.7507988621204547,1.020793842197277,1.7864526996524261,-0.3510124271019983
-1.0063359485819703,-0.049321255151039266,0.7500328646069405,1.0207987063555648,1.7852587817891363,-0.35130495479804547
-1.005176917573013,-0.04831913218371113,0.749253206358008,1.0207886223908247,1.7840620388007153,-0.35160707837468763
-1.0040135530182923,-0.04732104174407148,0.7484591764324713,1.0207625036839145,1.7828621008019327,-0.35191960962192825
-1.0028455097146476,-0.0463272523334215,0.7476501268270894,1.0207193745961702,1.781658670133217,-0.3522432506587826
-1.001672465222799,-0.045338025241306215,0.7468255013879513,1.0206584224246171,1.7804514721769635,-0.35257860187811685
-1.0004941102074256,-0.04435361695824333,0.7459848311234382,1.0205789817555173,1.7792402689673823,-0.3529261237967344
-0.9993101406972542,-0.04337430127732844,0.7451277524683946,1.0204804923302575,1.7780248697913352,-0.35328617402974594
-0.9981202579857467,-0.042400367901620585,0.7442539713757441,1.020362570382622,1.7768051549378754,-0.3536589925011956
-0.9969241707318901,-0.04143209856866363,0.7433632812321243,1.0202249082913468,1.7755809937750455,-0.35404472372024254
-0.9957216516565708,-0.04046975511667696,0.7424555369339685,1.0200673129296591,1.7743523142511863,-0.3544434437554891
-0.9945124929337453,-0.03951357002853424,0.7415306630655024,1.019889643660821,1.7731190573051747,-0.35485516891630764
-0.9932965574818639,-0.038563733281990406,0.740588623850298,1.0196918170254463,1.7718811633403448,-0.35527987835408437
-0.9920737371838186,-0.0376203812502748,0.7396294112517843,1.0194737590741199,1.7706385840951469,-0.3557175348872995
-0.9908440030688126,-0.03668359771600134,0.7386530512015653,1.0192354126508434,1.7693912724557066,-0.356168089266664
-0.9896073336777264,-0.03575345229255422,0.7376596080726856,1.0189767199417772,1.76813919537521,-0.35663147122847216
-0.9883636936077224,-0.034829976425696255,0.7366491119631291,1.0186976153030443,1.7668822753468276,-0.35710763807787876
-0.9871130920443321,-0.033913233148118144,0.7356216233508448,1.0183980552867098,1.765620479878359,-0.3575965150358126
-0.98585551621088,-0.03300327673373289,0.734577211712488,1.0180779778281348,1.7643537368617386,-0.358098026144167
-0.9845909609953665,-0.03210016093583921,0.7335159327523371,1.0177373496490845,1.7630820111232879,-0.35861209536411853
-0.9833194411240115,-0.03120395349371119,0.7324378876411956,1.017376114152519,1.7618052579857477,-0.35913863080036135
-0.9820409263192331,-0.030314688885497886,0.731343134236532,1.0169942389928068,1.7605233873977597,-0.35967755252545963
-0.9807554499997266,-0.02943241707163082,0.7302317816992541,1.0165916700476685,1.7592363672111389,-0.3602287552263469
-0.9794630828725175,-0.028557133490546074,0.7291039472482908,1.0161683809866715,1.7579441371958722,-0.3607921330869257
-0.9781639449795052,-0.02768877024120666,0.727959793808465,1.0157243743166646,1.7566466383803374,-0.36136754753931866
-0.9768582031848738,-0.026827209998641702,0.7267995120929611,1.015259661941164,1.7553438469143914,-0.36195484662350097
-0.975546047443268,-0.025972309953999507,0.7256233445516913,1.0147743248415866,1.7540357144863037,-0.36255382611037595
-0.9742276752165266,-0.025123913787429508,0.7244315791786804,1.0142685204417248,1.7527222417220656,-0.3631642193687451
-0.9729033003525785,-0.02428185779561538,0.7232245717563415,1.013742520480062,1.751403475670611,-0.3637857118424428
-0.9715731321913168,-0.023445981959101126,0.7220027532711342,1.0131966850164202,1.7500795004235328,-0.36441789986900586
-0.9702373674016158,-0.02261613411036567,0.7207666005106474,1.0126315146805625,1.7487504589928364,-0.3650603245393114
-0.968896225853173,-0.0217921499449929,0.7195166720643783,1.012047615141067,1.7474164938602912,-0.36571245359884336
-0.9675499347034758,-0.020973833739285474,0.7182535894693074,1.011445727747794,1.7460778559303294,-0.36637370175248696
-0.96619875560433,-0.020160976050211762,0.7169780485677308,1.0108266848453908,1.7447348069284372,-0.3670434442108963
-0.9648429096760595,-0.019353388287943928,0.7156907660994505,1.0101914183156027,1.7433876811595526,-0.36772102133630147
-0.9634825935968094,-0.018550929454835517,0.7143924810991521,1.0095409532739539,1.74203680046586,-0.36840575964602595
-0.9621179260502075,-0.017753496325446247,0.7130839432863225,1.0088763250482173,1.7406825816309324,-0.3690969924097011
-0.9607490088977315,-0.016960995713536417,0.7117658810946466,1.0081985963344522,1.7393254303924635,-0.3697940929759127
-0.9593759774160191,-0.016173326052231117,0.7104390070250531,1.0075087638351845,1.737965732257976,-0.37049648716614103
-0.9579989419759485,-0.015390313991953874,0.7091039393390588,1.0068077531522022,1.7366038006301836,-0.371203708785923
-0.9566181099001767,-0.014611763698646564,0.7077612902870143,1.0060964074773522,1.7352399975007358,-0.3719153528704787
-0.9552336953057136,-0.01383742759328559,0.7064115834849176,1.0053754289321786,1.7338746564281848,-0.37263112490479244
-0.9538459489665684,-0.013067043645436094,0.7050552727980999,1.0046453909041617,1.7325079802711882,-0.3733508157597413
-0.9524550958432698,-0.012300380722235538,0.7036927256782576,1.0039067664980976,1.7311402117386536,-0.374074282961255
-0.9510612637793798,-0.011537212032450127,0.7023241958474316,1.0031598720187305,1.7297714493848901,-0.37480148411457037
-0.9496646244586927,-0.010777348929397058,0.7009499203809058,1.0024049193567321,1.7284018525935694,-0.37553240740390875
-0.9482653504078428,-0.010020584061947169,0.6995700476199573,1.0016420446344467,1.7270314689626445,-0.37626710097076665
-0.9468636147924456,-0.009266706252766533,0.6981847034029358,1.000871296502146,1.7256603224280411,-0.3770056388584145
-0.9454595725842395,-0.008515524132901752,0.6967939533045324,1.000092669002072,1.7242884368297553,-0.37774811344777814
-0.944053348678537,-0.0077668766218295104,0.6953978562681883,0.9993061015809872,1.7229158120719914,-0.3784946205802463
-0.9426450386993879,-0.007020636867877172,0.6939964486969061,0.9985115355877199,1.7215424124954581,-0.37924524918633723
-0.9412346960492954,-0.006276727319599117,0.6925897418762602,0.9977088866056234,1.720168202237602,-0.38000006830577887
-0.9398223090552434,-0.005535122432602079,0.6911777662553348,0.9968981138918835,1.718793169483328,-0.38075913405948114
-0.9384078300333115,-0.004795828411969794,0.6897605337455616,0.9960791518737238,1.7174172903696272,-0.3815224881657876
-0.9369912408523504,-0.0040588512242752724,0.6883380615927237,0.9952519518907152,1.7160405409650565,-0.382290163926163
-0.9355725358154601,-0.003324181727621678,0.6869103802432264,0.9944164791595114,1.7146628737006693,-0.3830621906267801
-0.9341517325302562,-0.0025918019388727846,0.6854775188571622,0.993572690967963,1.7132842884505521,-0.3838385985931275
-0.9327288550987731,-0.0018616897671176248,0.6840395138405754,0.9927205406381092,1.7119047376528584,-0.38461941411435563
-0.9313039392826014,-0.00113381862050268,0.6825964128492046,0.9918599864370791,1.71052420938355,-0.38540466104457566
-0.9298770563652411,-0.0004081490031412116,0.6811482450809521,0.9909909856362887,1.7091426677626373,-0.38619436970497245
-0.9284482900213646,0.0003153778797697626,0.6796950707519969,0.9901134915624639,1.7077601009872891,-0.3869885574427194
-0.9270177652128695,0.0010368364198985347,0.6782369607973209,0.9892274912768428,1.7063764731714683,-0.3877872367285448
-0.9255856192414782,0.0017563105187374363,0.6767739754091822,0.9883329679203712,1.7049917605987872,-0.38859038913436306
-0.9241520189761019,0.0024738889440238053,0.6753062278191664,0.9874299512977458,1.7036059394299543,-0.38939796400674853
-0.9227171251805671,0.0031896633928614193,0.6738338366833133,0.9865184940248142,1.7022190095365715,-0.3902098694790318
-0.9212810989444634,0.003903724965134181,0.6723569515598826,0.985598698455442,1.7008309829654025,-0.3910259530402335
-0.9198441122829948,0.00461615338129171,0.6708757805514025,0.9846707241031382,1.6994418881269922,-0.3918459965959791
-0.9184062859564335,0.005327055879567411,0.6693904791292127,0.9837347575515721,1.6980517157572224,-0.39266974543855965
-0.9169677861292783,0.0060365169312103,0.6679013154987019,0.9827910725488522,1.6966605182382581,-0.3934968558284325
-0.9155287140425827,0.006744603893084289,0.6664085633897443,0.9818399900473395,1.6952683788915182,-0.39432691987110435
-0.9140890221033431,0.0074513025733690345,0.6649124974174967,0.9808818685650806,1.6938753335899435,-0.39515947527468853
-0.9126484473143833,0.00815646691156342,0.6634134034315295,0.9799171065442067,1.692481458506458,-0.39599400863880163
-0.9112064963322268,0.00885985791654953,0.6619115020710453,0.9789460804562224,1.6910868396141097,-0.3968300390642774
-0.909762632133534,0.009561126860270797,0.6604070080313363,0.9779691239703027,1.6896915531921877,-0.39766709167149444
-0.9083162822641371,0.010259870026552065,0.6589000461575892,0.9769864867269262,1.6882956587489701,-0.3985047880766821
-0.9068668688590364,0.010955638551498125,0.6573906525335375,0.9759982528696411,1.68689914444129,-0.3993428987162709
-0.9054138793553193,0.011647971358657295,0.6558787317737369,0.97500430915116,1.6855019626029246,-0.40018137292850897
-0.9039568782043532,0.01233641452759091,0.654364092861141,0.9740043032172139,1.6841040177668305,-0.40102038658837386
-0.9024954665077416,0.013020498286058313,0.6528463427328731,0.9729976099544289,1.6827051193080904,-0.4018603538849959
-0.9010291668876547,0.013699703247370111,0.6513249624247734,0.9719833463527308,1.681305004826902,-0.40270193955418776
-0.8995574971393921,0.014373515728763308,0.6497992848244223,0.9709603808841336,1.6799033645383248,-0.40354605532134896
-0.8980801175328323,0.015041569371053321,0.6482685172392451,0.9699273129201827,1.678499828912635,-0.40439385148408247
-0.8965969677833854,0.01570375759156324,0.6467318007252402,0.9688825318941156,1.6770938851281754,-0.4052466517304737
-0.8951081916112471,0.016360231574936,0.6451882478729359,0.9678243225686259,1.6756850566041237,-0.4061059128147299
-0.893614044659347,0.01701131698607803,0.6436369995198645,0.9667509427710286,1.674272818457439,-0.40697311975572814
-0.892114861353366,0.017657448458478345,0.6420772638587338,0.9656607731317124,1.672856694278633,-0.4078496812106458
-0.8906109575723378,0.018299101587606968,0.640508409125917,0.9645524189749637,1.671436278764429,-0.40873682197468214
-0.8891026128919393,0.018936703037199368,0.638929981209273,0.9634248528958722,1.6700112852958455,-0.40963549702945556
-0.8875900483945302,0.019570591384670166,0.6373417845415347,0.9622775049479401,1.6685815713503445,-0.4105463010609121
-0.8860736692608426,0.020201082827525065,0.6357439031000226,0.9611103102955539,1.6671471656491916,-0.4114694384102222
-0.8845540414780189,0.020828608451652818,0.6341366565227176,0.9599236883051503,1.6657082009427426,-0.412404728355402
-0.8830319342550907,0.021453653134280336,0.6325207438145697,0.9587186433528799,1.6642650402476533,-0.4133515304148709
-0.8815079850693437,0.02207664071575568,0.6308970938032488,0.9574966753161803,1.6628182314561086,-0.41430883862417717
-0.8799825517994634,0.02269779590739098,0.6292668577886005,0.9562597412445385,1.6613684306544343,-0.41527528081617715
-0.8784556704206523,0.02331713468455039,0.6276313898219328,0.9550101674707236,1.6599164654796739,-0.4162491981037498
-0.8769270720964186,0.023934578506589865,0.6259920817704512,0.9537504758875712,1.658463183662923,-0.4172287744675316
-0.8753964234706828,0.02455000778493268,0.6243504253796572,0.9524833221226444,1.6570095084561784,-0.4182120819388174
-0.8738633368518336,0.025163393598870876,0.6227078688259737,0.9512112743218382,1.6555563220081921,-0.419197240359248
-0.8723276039178757,0.02577489692526864,0.621065759283286,0.9499366994032925,1.6541044110400067,-0.4201825120225429
-0.8707891948584916,0.026384911867845418,0.6194253066288269,0.9486616475982828,1.652654454998776,-0.42116637117378775
-0.8692482464454201,0.026993969111636498,0.6177875243783801,0.9473877997634943,1.6512070024803733,-0.42214756888766586
-0.8677049377906598,0.02760257580166936,0.6161532049891973,0.9461164015531025,1.649762446617669,-0.4231251666522049
-0.8661594891744357,0.028211140192165196,0.6145228853473441,0.9448482698687826,1.6483210142533693,-0.42409852326636044
-0.8646122703836966,0.02882003314134831,0.6128968928000618,0.9435838215846332,1.6468828123058588,-0.42506730841882073
-0.8630639072128815,0.029429671473407203,0.6112753227150052,0.9423230745766759,1.645447781190103,-0.4260314774043671
-0.8615152519023752,0.030040510706209212,0.6096581219687991,0.9410657074139849,1.6440157424514497,-0.4269912353111579
-0.8599672343192936,0.030652979675250335,0.6080450814407911,0.9398111355828533,1.64258644541338,-0.42794699690614735
-0.8584207665452709,0.03126742634435011,0.6064358558971875,0.9385585845169431,1.6411595685032097,-0.42889931904821665
-0.8568765576800047,0.031884063567598805,0.6048300634261622,0.9373071956939271,1.639734789581175,-0.4298488548042627
-0.8553350189641492,0.03250289283623112,0.6032272689454544,0.9360560750950953,1.6383117629596426,-0.43079628659838465
-0.8537961984209744,0.03312367152021896,0.6016270495971995,0.9348043763405229,1.6368902027454026,-0.43174227878498356
-0.8522598811663841,0.03374598513997924,0.6000289818813414,0.9335513484681741,1.635469846483255,-0.4326874484684744
-0.8507257757303535,0.03436938570977724,0.59843273929,0.9322963507665065,1.6340505085418071,-0.43363233262977163
-0.8491935414632394,0.03499351621341802,0.5968379797004502,0.9310388048507605,1.632631964307703,-0.43457741584398024
-0.8476629224161002,0.03561807362161887,0.5952445075157868,0.9297783026822941,1.6312141114526697,-0.43552305334755204
-0.8461336386262814,0.0362428128514896,0.5936521738744887,0.9285145637669785,1.629796878540077,-0.4364695074755275
-0.8446054455537819,0.036867532340304085,0.5920608951877228,0.9272474156209369,1.628380193954453,-0.4374169271510688
-0.8430781528727038,0.03749208122627952,0.5904707023878231,0.9259768612566432,1.6269640865500095,-0.4383653458403203
-0.8415515512837146,0.03811638683555803,0.5888816290945315,0.9247029657700011,1.6255485225572839,-0.43931471461132077
-0.8400255397548904,0.038740411572921296,0.5872938372472363,0.9234259888663928,1.624133614179442,-0.44026486417400723
-0.8385001123939958,0.03936420979635944,0.5857075356180133,0.9221462818539805,1.6227194687983286,-0.4412155442667498
-0.8369753942926138,0.039987940219513976,0.5841229803214403,0.920864292090954,1.6213061936092685,-0.44216643296382896
-0.8354515821304801,0.04061184572015453,0.5825404932035696,0.9195805798159824,1.6198939554839087,-0.4431171369078456
-0.8339289084875702,0.04123620161692827,0.5809604261854033,0.9182957945293253,1.6184829691345186,-0.44406721499337465
-0.8324075401254504,0.04186127273174893,0.57938317833178,0.9170106695072775,1.6170734609039443,-0.4450161904461154
-0.830887608334541,0.0424872987022427,0.5778091493527754,0.9157259855558408,1.6156656694099893,-0.4459635594577136
-0.8293691963905587,0.043114497340480895,0.5762387560902255,0.9144425890051338,1.6142599282204544,-0.44690882750690336
-0.8278523698466813,0.04374307537904247,0.5746724157409006,0.9131613261811651,1.6128565114983617,-0.4478515088430335
-0.8263372302346681,0.044373247947434004,0.5731105281618027,0.9118830437402892,1.611455765232344,-0.4487911471775107
-0.8248239263685662,0.04500524284393066,0.5715534683291636,0.9106085400527633,1.6100579990689483,-0.44972732264028326
-0.823312661126647,0.04563930169592449,0.5700015765928583,0.9093385487503127,1.608663499465814,-0.4506596682335811
-0.8218036905562712,0.04627567422142195,0.5684551503521604,0.9080737308926302,1.6072725402116959,-0.45158787150074603
-0.8202973007435332,0.04691460738466055,0.5669144577973725,0.9068146646074156,1.6058853716326014,-0.45251167317331
-0.8187937721462276,0.04755633395802246,0.5653797082539043,0.9055618274213402,1.60450218492189,-0.45343087005867916
-0.8172934084005874,0.04820106893647011,0.563851067904865,0.9043156000876934,1.603123158430222,-0.45434530773796594
-0.8157965377484458,0.048849025038828486,0.5623286567015938,0.9030762695166998,1.6017484237831838,-0.4552548693943109
-0.8143035173775501,0.04950041644297851,0.5608125692531303,0.9018440554065337,1.6003780400725787,-0.4561594781371141
-0.8128147108593226,0.0501554446776515,0.5593028711316734,0.9006190948408175,1.59901207882574,-0.45705906840284594
-0.8113304465252099,0.05081428341101901,0.5577996048264353,0.8994014840748406,1.5976505286471365,-0.4579536008365686
-0.8098510099408429,0.0514770759827476,0.5563027933943077,0.8981912818205302,1.5962933770767562,-0.45884302539063454
-0.8083766454639203,0.05214393203221572,0.5548124848335803,0.8969885684457779,1.5949406167055826,-0.4597272864989158
-0.8069074848500918,0.05281495536650524,0.5533286912404349,0.8957933807971501,1.5935922033112662,-0.4606063456649494
-0.8054436705235787,0.053490197770360834,0.5518514478952354,0.8946058043175981,1.5922481170123661,-0.46148011813994216
-0.8039853044621623,0.05416969588737075,0.5503808032767452,0.8934259591323326,1.590908334490996,-0.46234852282392824
-0.8025325052123378,0.054853469320395296,0.5489168102266901,0.8922539933115872,1.5895728313804738,-0.4632114649925384
-0.8010854095815887,0.05554151833328351,0.5474595640126125,0.8910901119407726,1.5882416715050909,-0.4640688327714585
-0.7996440784218919,0.05623385706949886,0.546009107356771,0.88993451376802,1.5869148469514016,-0.46492052739414047
-0.798208600166754,0.05693048006895722,0.5445655526050559,0.8887874803982327,1.585592409089145,-0.4657664257342276
-0.7967790530121874,0.05763140423535038,0.543129007876091,0.8876493108797718,1.5842744657561867,-0.46660638999894954
-0.7953555077592682,0.058336674867826586,0.5416995915288823,0.8865203260079483,1.5829610879244456,-0.46744028977714436
-0.7939380657560207,0.0590463657286552,0.5402774346852596,0.8854008714759487,1.5816523828728237,-0.4682679700989745
-0.7925268528641538,0.059760570466406905,0.5388626693570814,0.8842913120066299,1.580348494223631,-0.46908927226390484
-0.7911220293080078,0.06047939137264517,0.5374554377161133,0.8831920338711483,1.5790495048573008,-0.46990403908068434
-0.7897237627457798,0.06120294524173016,0.5360559015953215,0.882103437665856,1.577755594174721,-0.47071208796122266
-0.7883322550403478,0.06193136970437951,0.5346642031157984,0.8810259154910056,1.5764668688578467,-0.4715132260109982
-0.786947690950251,0.06266481822727651,0.5332805091769928,0.8799599024309657,1.5751834600226062,-0.4723072535540808
-0.7855702441640687,0.06340345160838173,0.531904981662646,0.8789058349944525,1.5739055352132367,-0.47309394920173065
-0.7842000926453239,0.06414742569337228,0.5305377924595177,0.8778641587817333,1.5726332129769844,-0.47387307838486026
-0.7828374161059571,0.06489689386611772,0.5291791094601507,0.8768353462022332,1.5713666370534725,-0.47464440176614103
-0.7814824222477057,0.06565199627521974,0.5278291104522481,0.8758198546410001,1.5701059617156374,-0.47540766995515965
-0.7801352958347252,0.06641285697433545,0.5264879504123456,0.8748181549449839,1.5688513300157183,-0.4761626415634581
-0.7787962526214528,0.06717959014543365,0.5251557974949606,0.8738307257897191,1.5676028382397704,-0.47690907705390584
-0.7774913301898039,0.06793630562126599,0.5238584067144444,0.8728760628131852,1.5663849246775272,-0.4776328097343615
-0.7761439877112991,0.06873169206362029,0.5225198963662336,0.8719018266934455,1.5651254745242908,-0.47837457940534023
-0.7747040409906958,0.0695988677167799,0.5210905473273868,0.8708747431651318,1.5637770746011257,-0.47916063952087884
-0.7733992204362721,0.07039028254937368,0.5197958178744017,0.8699487303624096,1.5625545031433261,-0.47987067614969875
-0.772145204332736,0.07116053528008504,0.5185521172932142,0.869066839969659,1.5613781634809925,-0.48054925000950915
-0.7708339998043983,0.07198179524140738,0.5172523711285691,0.8681578804829201,1.5601457420890597,-0.48125264292611836
-0.7695569343953821,0.07279289052291897,0.5159868748751251,0.8672818252888335,1.5589436348318144,-0.4819334290523323
-0.7682895833344958,0.07361084129228299,0.514731254023286,0.866422998795477,1.5577484531790333,-0.4826041906958508
-0.767032221555246,0.07443581688590228,0.5134855926461398,0.8655816475832466,1.556560244944103,-0.483264787234986
-0.7657850884651622,0.07526799710697585,0.5122499453774652,0.8647580179882027,1.5553790703824006,-0.4839150804658445
-0.7645225793793827,0.07612355552747915,0.5109987754499088,0.8639343197882083,1.554180704190037,-0.4845688698071555
-0.7633216686178514,0.07695406352616346,0.5098081953850624,0.8631636139124197,1.5530374074188216,-0.4851850396668887
-0.7622328736984457,0.07772665253502034,0.5087281087449298,0.8624798692101479,1.5519967791896079,-0.48573699210683047
-0.7610288060069308,0.07858905277077773,0.5075332737874589,0.8617298851405536,1.5508442335878954,-0.4863446706076438
-0.7597941472876414,0.07948683782472292,0.5063074922484503,0.8609713294824985,1.5496595239205022,-0.48696315436847826
-0.7586372456024663,0.0803480169468716,0.5051580358196872,0.8602760987312109,1.5485451646790693,-0.48753581835932425
-0.7574671706458844,0.08123395693315709,0.5039948273759677,0.8595849283306394,1.5474149416239016,-0.4881097340005922
-0.7563087055458937,0.08212788512534352,0.5028424121528616,0.858914178677739,1.5462923943343754,-0.48867199114775917
-0.7551619939282205,0.08302986851257801,0.5017009159976368,0.8582642896910642,1.5451776310538547,-0.4892223845390212
-0.7540271862521252,0.08393998705268418,0.5005704862661048,0.8576357049736658,1.544070795770199,-0.4897607100777542
-0.7529044598653627,0.08485832245073155,0.4994512587149984,0.8570288570510598,1.5429720067321455,-0.490286760612053
-0.7517939876369212,0.08578495741793857,0.498343358499028,0.8564441631552058,1.5418813831592502,-0.4908003364697315
-0.7506959379262355,0.08671998905879193,0.49724691512651586,0.8558820670244586,1.5407990571551182,-0.4913012424368617
-0.7496105118858736,0.08766353780741207,0.49616204643542117,0.8553429593371817,1.5397250992553495,-0.49178929526044046
-0.7485379196833094,0.08861575520497861,0.4950888730504971,0.8548272184010444,1.5386596296879929,-0.49226431754100586
-0.7474783981654696,0.0895768033644905,0.4940274978566862,0.8543352228438437,1.5376027427842132,-0.49272613204914817
-0.7464321917164,0.09054684843179332,0.4929780370772704,0.853867318378849,1.536554510080657,-0.4931745718886219
-0.7453995403555667,0.09152605167633512,0.49194058752521813,0.8534238714951214,1.5355150041433034,-0.4936094715374793
-0.7443806987532071,0.09251456324119278,0.4909152580055235,0.853005242826265,1.534484343118038,-0.494030653818038
-0.7433758883456563,0.09351250815712042,0.48990216567330835,0.8526118081514085,1.5334625755111346,-0.49443793420738585
-0.7423852401119404,0.09452002045414458,0.4889013965823864,0.8522439454356003,1.5324497842043456,-0.49483113173306775
-0.7414089320916446,0.09553719048668778,0.4879130693908621,0.8519020572278095,1.5314460643034749,-0.4952100516224249
-0.740447126955695,0.09656412373740428,0.48693731375037147,0.8515865460187569,1.5304515003589358,-0.4955744894955842
-0.739500019645709,0.09760093152276603,0.48597424436848086,0.8512978258459384,1.5294662223829618,-0.4959242414696689
-0.7385678307878379,0.09864772119433293,0.4850240074674758,0.8510363246697807,1.5284903260324427,-0.49625909403183355
-0.73765075269352,0.09970464209804293,0.4840867174366423,0.8508024534257288,1.5275238953015333,-0.49657884658722085
-0.7367489922904781,0.10077180557813685,0.48316251896724793,0.8505966546791797,1.5265670485647889,-0.4968832814521079
-0.7358627183184752,0.10184933135705726,0.4822515626508988,0.8504193728986479,1.5256199180952195,-0.4971721732579681
-0.7349920600303278,0.10293732471299855,0.48135399291196845,0.8502710576208813,1.5246825861703202,-0.497445315271014
-0.7341371664455721,0.10403587802825517,0.48046995876476617,0.8501521439573793,1.5237552196824709,-0.49770249589791715
-0.7332982003831091,0.10514508346688815,0.4795996078540867,0.8500630884171982,1.522837927113153,-0.49794351355665756
-0.732475368559642,0.10626503589202532,0.478743099493272,0.8500043106485947,1.5219308383883459,-0.4981681615492562
-0.7316689113395171,0.10739585951206881,0.47790058137591984,0.8499762494240826,1.5210340739524668,-0.49837624120327745
-0.7308790472717362,0.10853770426939047,0.47707220976540726,0.8499793242117675,1.5201477517616468,-0.49856755187422835
-0.7301059790283773,0.10969072959262247,0.47625814558647905,0.8500139701228704,1.5192719910269488,-0.498741893884295
-0.729349875505585,0.11085508434273725,0.475458554474983,0.8500806320234346,1.5184069241466205,-0.4988990565807711
-0.7286108896453414,0.11203088861795826,0.4746735926481733,0.8501797471518018,1.5175527048111803,-0.4990388304272443
-0.7278892082962102,0.11321823768058631,0.4739034347283706,0.8503117724427767,1.5167094297022459,-0.4991610106571841
-0.7271850379751982,0.11441720762243471,0.4731482487980173,0.8504771509331277,1.5158772643805947,-0.49926536993143034
-0.7264985932576622,0.11562788933125914,0.47240821069337074,0.8506763475421848,1.515056339977889,-0.49935169068988045
-0.7258301146995223,0.11685040716502826,0.47168350104778084,0.850909819343346,1.5142468008985588,-0.49941974127940514
-0.7251797789507293,0.11808491092873838,0.47097431172457505,0.851178027107602,1.5134487888220634,-0.49946930039193377
-0.7245477615756044,0.11933153851694885,0.4702808367396898,0.8514814402658487,1.5126624688066386,-0.4995001310660484
-0.7239342023929964,0.12059044624068704,0.4696032681027617,0.8518205427395344,1.511887988958995,-0.4995120135786181
-0.7233392568814679,0.12186171391504778,0.4689418068795618,0.8521957997291707,1.51112550101152,-0.4995047102377669
-0.7227631061034628,0.12314541677914752,0.46829666065466713,0.8526076983953517,1.5103751733075454,-0.499477995212564
-0.7222059444742627,0.12444162858399155,0.46766803904273785,0.8530566932580825,1.509637183186919,-0.4994316443542317
-0.7216679643761836,0.12575044104873323,0.467056158984002,0.8535432636219695,1.5089116950414792,-0.4993654337115288
-0.7211493197922948,0.1270720209284537,0.46646122637049814,0.8540678858774982,1.5081988703416982,-0.499279147202941
-0.7206501590763367,0.12840649420259984,0.46588345910629836,0.8546310288473251,1.5074988838903436,-0.4991725573034131
-0.7201706157013519,0.12975399428315082,0.4653230917244599,0.8552331740138271,1.5068119041348838,-0.4990454380471959
-0.7197108362997937,0.13111462017676212,0.464780339672906,0.8558748054158627,1.5061381083129617,-0.498897553503474
-0.7192826148526251,0.13244065530420368,0.4642701922415199,0.8565275596466222,1.5054976317722548,-0.49873751517994264
-0.7188628546181406,0.1338277800187405,0.4637633734148636,0.8572496165085455,1.5048507300339566,-0.498547382345393
-0.718463335131321,0.13522830352065007,0.4632748701785516,0.8580126081342001,1.5042175723935542,-0.4983357570082205
-0.7180842079066565,0.13664235828496415,0.46280492323705147,0.8588170340144159,1.5035983394230812,-0.4981023892668645
-0.7177255956441513,0.1380700887032643,0.46235377770462804,0.859663395767825,1.5029931844081488,-0.49784701949898535
-0.7173876115996904,0.13951162589612265,0.4619216809375601,0.8605521702243693,1.5024023457660405,-0.4975693884237728
-0.7170703714940657,0.14096708030027552,0.46150888257969597,0.8614838691152329,1.50182598019353,-0.49726923707088133
-0.7167740039725856,0.14243654710950615,0.461115639600159,0.8624589760702349,1.5012642886096956,-0.4969463088527476
-0.7164986188434341,0.14392013083753163,0.46074220471269167,0.8634779791372523,1.5007174873639086,-0.496600344713238
-0.7162443268131824,0.14541794450697632,0.46038883180995926,0.8645413617427351,1.5001857415451354,-0.4962311060461474
-0.7159995783040415,0.14697792674207372,0.4600410322820252,0.8656784350231049,1.4996493091959564,-0.4958295074788879
-0.7157877074374994,0.14850463296005945,0.4597285784632021,0.8668320009046397,1.4991483077775798,-0.4954129986305446
-0.7155971741022938,0.15004599947592875,0.45943698239773595,0.8680313766168979,1.4986629459967618,-0.49497251200089065
-0.7154280531344227,0.15160214452290594,0.4591665167562766,0.8692770033482475,1.4981934449004144,-0.4945078191140794
-0.7152804118894664,0.15317323031009672,0.4589174461929275,0.870569387388261,1.497740007797529,-0.4940186884799232
-0.7151543286576612,0.15475937302971177,0.45869004688194936,0.8719089821034771,1.497302830094543,-0.49350489755600224
-0.7150498835162977,0.15636072499707715,0.4584846015794895,0.8732962640544286,1.4968821283260012,-0.49296621687579717
-0.7149671334517904,0.15797744828712929,0.4583013937322121,0.8747317043054835,1.496478115077241,-0.49240240507124045
-0.7149048906599205,0.15955291158291418,0.45814261580964766,0.8761588894650544,1.4961013046357152,-0.4918367404283913
-0.7148656704171799,0.161200865181072,0.4580047796528106,0.8776921348071,1.4957313382641586,-0.4912219338009862
-0.7148482704855269,0.1628646758327313,0.4578900809275467,0.8792750359887777,1.4953787396423308,-0.4905812384644349
-0.7148527351612131,0.16454449747403344,0.45779884134083915,0.8809081101124008,1.4950437376096715,-0.48991437773525204
-0.7148790796791161,0.16624048760246862,0.4577313828966069,0.8825918696538679,1.4947266161360404,-0.4892210776253251
-0.7149273100216135,0.16795280269781515,0.45768803937636593,0.8843268510653473,1.4944276017141305,-0.4885010520243327
-0.7149918080988129,0.1696214607961587,0.4576660192100704,0.8860461247092474,1.4941534834713366,-0.4877830459417112
-0.7150837759782405,0.17136689242823736,0.4576719300111932,0.8878851547823985,1.493891472974417,-0.48700870347277603
-0.7151975557789569,0.17312912958178509,0.4577029874961426,0.8897770208900766,1.4936483695799438,-0.4862067604561048
-0.7153330842990272,0.1749083100470879,0.45775953967664407,0.8917222247030963,1.4934244460631816,-0.4853769565534691
-0.7154915335894543,0.1767613595793763,0.45784003216753033,0.893778172271277,1.4932096587085084,-0.48449551227951987
-0.7156703595771432,0.17857489213684025,0.4579486020004552,0.8958315495694847,1.4930248957291041,-0.483609195817985
-0.7158707375655695,0.18040583593634235,0.45808369173016816,0.897939705492206,1.492860099635243,-0.48269426212349914
-0.7160925927070594,0.1822543673868838,0.4582456323592353,0.9001030832432377,1.4927155586969434,-0.481750495519978
-0.7163358210758701,0.18412065870897426,0.4584347454771233,0.9023220754778407,1.4925915088776378,-0.4807776879062061
-0.7166003213695887,0.18600489020009103,0.4586513440085198,0.9045970577491147,1.4924882124402417,-0.4797756485402459
-0.7168915916640628,0.1879673846861868,0.45889887838352905,0.9069958606457249,1.4923993855979347,-0.47871516079333387
-0.7171982757226829,0.1898880457607101,0.45917139039175514,0.9093838832083747,1.492338348517103,-0.4776541194279105
-0.7175258577699537,0.19182718838950513,0.459472326377768,0.9118288934870151,1.492298843117328,-0.4765633257435667
-0.7178742170249108,0.19378502066270975,0.4598019904585854,0.9143311990406033,1.4922811043168962,-0.4754426119281419
-0.7182432343069252,0.19576174823904233,0.4601607045102938,0.9168910859898574,1.492285406299868,-0.47429180510623326
-0.7186327392399562,0.19775758796252793,0.46054878793483167,0.9195088712221122,1.4923120139844515,-0.4731107228432762
-0.7190425564853115,0.19977274912773563,0.460966570968165,0.9221848517117678,1.4923612226939214,-0.4718991810450802
-0.719472485542218,0.201807406866652,0.46141439881434676,0.924919296564741,1.4924333071607634,-0.47065698697502967
-0.7199223278758382,0.20386178245379166,0.46189263666974656,0.9277126104185924,1.4925285908780097,-0.46938389956723087
-0.7203918328862187,0.20593599652814082,0.4624016410292285,0.9305650851081083,1.4926473935066724,-0.4680797059244924
-0.7208807525844577,0.20803019007067464,0.4629417881318602,0.9334770615644459,1.492790051672273,-0.4667441638783799
-0.7213887925587414,0.21014449329059776,0.46351344673806805,0.9364488663739365,1.492956908193105,-0.4653770387971548
-0.7219156437939148,0.21227901461677529,0.46411699307989807,0.9394808009195345,1.4931483079895203,-0.46397810995880207
-0.7224609789316787,0.21443394044176864,0.4647528080140944,0.9425732412094646,1.4933645893437983,-0.4625471116760565
-0.7230244330542348,0.2166093663433571,0.4654212460451319,0.9457264218140011,1.4936061061474333,-0.4610838478966599
-0.7236056685778806,0.2188054005851442,0.4661226627882158,0.9489405884543174,1.4938732190735096,-0.45958812400776594
-0.7242042899658486,0.22102213604466242,0.46685738504528446,0.9522159125598448,1.4941662468877666,-0.4580597740620817
-0.7248199038723442,0.22325967256292611,0.4676257168157122,0.9555525431987888,1.494485535296701,-0.45649866392111277
-0.7254521010418387,0.22551813778999427,0.46842793927599474,0.9589505472642941,1.4948313854616004,-0.45490468537685447
-0.7261004384079911,0.227797684236415,0.46926430469123376,0.9624099353641669,1.495204092247036,-0.45327778273573927
-0.7267644887434755,0.23009848726750082,0.4701350436756201,0.9659306611981548,1.4956039569193535,-0.4516179222378554
-0.7274438150342235,0.2324207261078044,0.4710403547250138,0.9695125921810728,1.496031226528919,-0.4499251168221662
-0.7281379941321632,0.2347645676423008,0.47198040176266715,0.9731555555468901,1.4964861514179006,-0.4481994021971161
-0.7288465986510062,0.23713015307815,0.4729553349789868,0.9768593380157171,1.49696902100942,-0.44644084000249223
-0.729569155972689,0.2395176139013473,0.47396525749061313,0.9806236581501991,1.4974800703703295,-0.4446495235951119
-0.7303051782013938,0.2419270858299689,0.47501025274931263,0.9844482031653741,1.4980195406443044,-0.44282554935338964
-0.7310273848601753,0.24427430683424567,0.4760490924336665,0.9881942833860933,1.4985643848850032,-0.44103576935474964
-0.7317887633278133,0.2467281967331429,0.477164354419331,0.9921381466204082,1.4991614623942495,-0.43914690556621566
-0.7325619972862342,0.24920449056629623,0.47831477598325306,0.9961410556036641,1.4997877410509546,-0.43722581608803635
-0.73334650196187,0.251703231936074,0.47950032092353323,1.0002024757507284,1.5004434987902642,-0.43527270252825473
-0.7341416130180789,0.25422440118988876,0.4807209173464102,1.0043218014390618,1.501128991554367,-0.43328779807285117
-0.734946633948016,0.25676802101361806,0.481976504681154,1.0084985164608014,1.501844521633234,-0.43127129108171686
-0.7357607322594447,0.25933401241992055,0.48326695019580224,1.0127319129290697,1.502590365244589,-0.42922346628674857
-0.7365830149435908,0.2619223289225963,0.48459211204946795,1.0170212644764236,1.503366788300923,-0.42714460599503
-0.7374125332978565,0.26453292757276536,0.48595180126465753,1.0213657954291961,1.50417404936411,-0.4250350209393268
-0.7382482535246083,0.26716572432958496,0.4873458049910596,1.0257646206560649,1.505012367561028,-0.422895069435981
-0.739115900591895,0.26990511712941356,0.4888152104121716,1.030355281162207,1.505905271144968,-0.4206583443124032
-0.739960826006984,0.27258219381392434,0.4902771916960603,1.0348601208761865,1.5068063181993125,-0.4184586633463745
-0.7408086909880695,0.27528122317098225,0.4917727426773396,1.0394164718824244,1.5077389534165946,-0.41622971531469377
-0.7416584691888545,0.2780020996093078,0.4933015693822014,1.0440233533225096,1.5087032849058915,-0.4139718871874237
-0.742509254692959,0.28074470986108147,0.49486336489518123,1.0486797521170472,1.5096993961261205,-0.4116855782894369
-0.7433603025377125,0.2835089552305834,0.49645779040683213,1.053384625042861,1.5107273266447465,-0.4093711905331986
-0.7442110285422985,0.2862947258316971,0.49808448440930564,1.0581368933792874,1.511787060753477,-0.4070291415106624
-0.7450609611129722,0.289101899792249,0.4997430648821933,1.0629354622180616,1.5128786012791124,-0.40465985307224484
-0.7458816234518111,0.29183289640580357,0.5013721870109876,1.0676112844218921,1.5139597108547718,-0.40234752345247815
-0.7467286422303914,0.29468225605970433,0.5030932544088429,1.0724989859541494,1.5151146954205388,-0.3999251038758018
-0.7475734375555533,0.297552335647978,0.504844854716407,1.077429522531233,1.5163013295806764,-0.3974767961243771
-0.748415389867597,0.3004427931201147,0.5066264228630303,1.0824016016162887,1.5175195169812468,-0.3950031456228501
-0.7492537775706865,0.30335328521381677,0.5084373544494397,1.0874138930313308,1.5187691660595077,-0.3925047215913047
-0.7500877845350203,0.30628347273262757,0.5102769694361143,1.09246497333736,1.5200501657147583,-0.38998214988224617
-0.7509164690668229,0.30923301897003586,0.5121445198475442,1.0975533048533235,1.521362372942201,-0.3874361247875669
-0.7517387755008371,0.3122015536935499,0.5140391864820502,1.102677294640094,1.52270567226268,-0.3848674005108144
-0.7525535065371741,0.3151886722995438,0.5159600600583772,1.107835209827647,1.524079881103819,-0.38227680234845707
-0.7533593922615068,0.3181939262436726,0.5179061497043577,1.1130252582167715,1.5254848134552277,-0.37966520493108574
-0.754183205984208,0.32131425073391184,0.5199373062175325,1.1184134376672403,1.5269624487750435,-0.37694981355847335
-0.7549676283643862,0.32435441999946946,0.5219305228012885,1.1236619753791472,1.5284281831876343,-0.3742991461088508
-0.7557396164342152,0.3274113724226932,0.5239455016134272,1.1289366578685502,1.5299239037951338,-0.3716305540835144
-0.7564982000452289,0.3304847213208152,0.5259809834578505,1.134235371854092,1.5314492822911574,-0.36894514539437184
-0.7572424695393579,0.333574004777649,0.528035622099155,1.1395558264318282,1.5330039802003625,-0.36624411928074496
-0.7579715961882073,0.33667882538942595,0.5301080892329224,1.1448959067266173,1.5345875932616422,-0.3635286008083625
-0.7586847435789708,0.3397986209991635,0.5321969290497506,1.1502532954588987,1.5361997318029808,-0.3607998298335865
-0.7593810633647138,0.34293283606307545,0.5343007009965022,1.1556257177139855,1.5378398985600596,-0.35805902372571696
-0.7600597648399458,0.34608088472136184,0.5364179191312786,1.161010894790894,1.5395076490593964,-0.3553074088161552
-0.7607200582772975,0.3492421580248234,0.5385470749150243,1.1664064864444668,1.5412024284568702,-0.35254625700366804
-0.7613612381534324,0.3524161470121231,0.5406867286338795,1.1718103439598508,1.5429237285379145,-0.3497767276069069
-0.7619826063584924,0.3556021785643747,0.5428353524377186,1.177220125942597,1.5446709673760552,-0.34700008768711965
-0.7625834631095187,0.3587995388578105,0.5449914214851319,1.1826335561007055,1.5464434924155626,-0.3442175493997155
-0.7631631254412014,0.362007436751803,0.5471533970906051,1.188048392880745,1.5482407045427067,-0.3414303293820232
-0.763720931766278,0.36522505277252587,0.549319711737914,1.193462442975445,1.5500618885848099,-0.3386396345443785
-0.7642562476598244,0.36845157146215446,0.5514888042951356,1.1988734651076727,1.5519063798053025,-0.33584668935956685
-0.7647685035718098,0.37168620793488083,0.5536590829249319,1.204279230340913,1.5537733767166515,-0.33305272793997887
-0.7652571960327975,0.37492820913346625,0.5558289503152821,1.2096774849041965,1.5556620713519806,-0.3302590079241092
-0.7657218570244708,0.37817679633538026,0.5579968031639992,1.2150659766557852,1.5575715908846632,-0.3274668017946965
-0.7661620335603686,0.38143112618819075,0.5601610143730014,1.2204424408361945,1.5595010413150363,-0.3246773998911173
-0.7665772756598755,0.38469029636935437,0.5623199324173399,1.2258045990024897,1.5614494713362432,-0.3218921079448954
-0.7669671869625517,0.3879533972972271,0.5644718949332515,1.231150223591405,1.563415877278112,-0.3191122338060154
-0.7673313888765108,0.39121954129455255,0.5666152380011169,1.2364770594542052,1.5653992718300174,-0.3163391103773471
-0.7676695626579374,0.3944878875881439,0.5687482997445571,1.241782867751931,1.567398544320247,-0.3135740600402158
-0.7679814579599225,0.39775763452994684,0.5708694411340914,1.2470654432615391,1.5694126219465603,-0.310818414848179
-0.7682668630008422,0.4010279418545307,0.5729770215691345,1.2523226135540853,1.5714403620441773,-0.30807349323682875
-0.7685255842879357,0.4042978796541573,0.5750694392977465,1.2575522597090383,1.573480618533108,-0.3053405873735464
-0.7687574385577904,0.40756639873387773,0.5771450594456979,1.2627522558795135,1.5755322354027157,-0.3026209879304666
-0.76896227055486,0.4108325367403934,0.5792023517685905,1.26792072314895,1.5775941049129187,-0.2999158580988329
-0.7691399717616761,0.4140952268085666,0.5812397311140245,1.273055670315904,1.579664998167516,-0.2972264303818825
-0.7692904673891321,0.41735350883035094,0.5832556810882921,1.278155221703929,1.5817437241246126,-0.294553874958136
-0.769413772648059,0.42060647438006105,0.5852487081889777,1.2832175219531252,1.5838290539664286,-0.29189934910503723
-0.7695099502260603,0.42385316062777023,0.5872173332903017,1.2882407327218686,1.5859196758757776,-0.2892640117806998
-0.7695791217937227,0.42709266731660145,0.5891601726712452,1.293223233243367,1.5880143876916122,-0.2866489148499518
-0.7696214307750906,0.43032390426102507,0.5910757799699582,1.2981632734083746,1.5901118650672401,-0.2840551732883292
-0.7696370348844297,0.4335458302942078,0.5929627570734497,1.3030591671445648,1.5922107969495982,-0.28148385363937867
-0.7696261578882826,0.4367574571215723,0.5948197186724684,1.3079093105010173,1.594309836120317,-0.2789360141436006
-0.7695890679598903,0.4399578788234677,0.5966453237555727,1.312712082326212,1.5964076236789198,-0.27641270974421983
-0.7695260957672702,0.44314625660302553,0.5984382512727535,1.3174659152121793,1.5985027289593177,-0.27391499243709705
-0.7694376556738461,0.4463217871755475,0.600197235521827,1.3221692534181044,1.6005937574740983,-0.2714438992987674
-0.7693241976362657,0.4494836196138452,0.6019210206421249,1.3268205648473952,1.6026792543151032,-0.26900047665532656
-0.7691862015127853,0.4526308615026194,0.6036084188313439,1.3314183657059602,1.6047577896673602,-0.26658574930923534
-0.7690241738840911,0.4557626069235725,0.605258261878555,1.3359612375066292,1.6068279569311357,-0.2642007573555333
-0.7688386006819812,0.45887796554202664,0.6068694424240277,1.3404477545647553,1.6088883243627379,-0.26184655364282394
-0.7686402182080869,0.4618756482631577,0.6083947919906564,1.3447379779096194,1.6108712186004368,-0.259596534195223
-0.7684089573784179,0.46495571479438436,0.6099256483136969,1.3491077997530794,1.6129076367188417,-0.2573071318620961
-0.7681555186959756,0.46801689349576014,0.6114150038655339,1.353417387955639,1.614929929192033,-0.2550517651640931
-0.7678803312644533,0.47105828140649975,0.6128620659147175,1.3576656338633626,1.616936677523188,-0.25283152037586876
-0.7675838276011375,0.4740788568605671,0.6142660843031336,1.361851481105083,1.6189265088827143,-0.25064746120251086
-0.7672663977204621,0.47707740945391014,0.6156263131893893,1.3659740192082297,1.6208980424790866,-0.24850060252607378
-0.7669284436281487,0.4800524480731273,0.6169419474050257,1.3700323852618936,1.622849906951069,-0.24639195821703835
-0.76657034490742,0.48300240441670894,0.6182121184530018,1.3740259014723393,1.6247807420388767,-0.24432245843954092
-0.7661924821844593,0.4859254624530198,0.6194357940750437,1.377953664847317,1.6266890237764529,-0.24229313925709162
-0.7657952881799219,0.48881974166274644,0.62061180052428,1.381814678489323,1.6285730210953488,-0.24030511247639907
-0.765369039083535,0.49178397355141784,0.6217849920845495,1.3857462377811287,1.6304970258625986,-0.2382872830632614
-0.7649349197398152,0.49461599251042365,0.6228616500757895,1.389469486277622,1.6323263804750012,-0.23638574028066228
-0.7645008982504833,0.49732752187965923,0.6238605781032249,1.3930107307168327,1.634070252006893,-0.23458426407665983
-0.7640330291002655,0.5000946756485298,0.6248320743992934,1.3965884897093988,1.635835092840432,-0.23277530595453583
-0.7635496645844626,0.5028292674137311,0.6257486926179083,1.4000900741307105,1.6375635571181306,-0.23101509635272277
-0.7630517810536532,0.5055312301419065,0.6266089990024512,1.4035131867480544,1.6392529344935383,-0.2293051698612416
-0.7625403499717379,0.5082004177742274,0.6274117180606951,1.4068558010890655,1.6409007098208577,-0.2276468541144986
-0.7620162578650891,0.5108365343604813,0.6281558415312503,1.4101162028033059,1.6425046488534576,-0.22604119092379166
-0.7614803407289245,0.5134392827881751,0.6288407564585525,1.4132932572305066,1.6440629447654147,-0.22448882971798484
-0.7609333541557333,0.5160085488013649,0.6294663007718113,1.4163863821101785,1.6455742687927568,-0.22298999594781463
-0.7603759849391607,0.5185443483799489,0.630032785605016,1.4193957663975283,1.6470378278868112,-0.22154440749578158
-0.7598088707862815,0.5210465265129431,0.6305409439831564,1.422322351677505,1.6484533478482262,-0.22015127470839885
-0.7592150869514456,0.5236025661847485,0.631017698135922,1.4252782355730744,1.649875750170213,-0.21875470604390512
-0.7586299808737295,0.526034734306623,0.6314124251210501,1.4280449882639545,1.651196649124961,-0.21746220566229227
-0.758036681463345,0.5284291675017467,0.6317523137531851,1.430735697817704,1.6524716761258786,-0.21621724030473716
-0.7574358305020666,0.5307837210885655,0.6320386083919303,1.4333531924587646,1.6537019898082803,-0.2150178092839205
-0.7568281849050649,0.5330965414659352,0.632272465233156,1.435899951477802,1.6548885079788191,-0.213862112693203
-0.756214560460863,0.5353664255133541,0.6324548376573034,1.438377885717523,1.6560317499308552,-0.21274872970112213
-0.7555957506539159,0.5375929670792349,0.6325863994789301,1.4407880645249662,1.6571316851579923,-0.2116767387281932
-0.7549724582243669,0.539776387449115,0.6326674187362555,1.4431306823738397,1.6581876646311684,-0.21064580205508887
-0.7543452857172013,0.5419171507653633,0.6326977227704333,1.445405044166148,1.6591984897412544,-0.20965614563388257
-0.7537147278087346,0.5440155073200088,0.6326766559216146,1.447609647884883,1.6601624796914507,-0.20870852642926818
-0.7530812847854604,0.5460714162621173,0.6326031391040032,1.4497423393405284,1.6610774949356937,-0.20780418335566112
-0.7524454874919584,0.5480848052293563,0.6324758733283766,1.4518004211943918,1.6619411214570874,-0.20694471899154082
-0.7518079334314066,0.5500556657982056,0.6322934150885544,1.4537808137331354,1.6627507240653698,-0.20613203211447273
-0.7511692333035427,0.5519840633124278,0.6320543295528139,1.455680392919723,1.6635036157350924,-0.20536811965482044
-0.7505298775529369,0.5538700302182591,0.6317572394535219,1.4574960764997626,1.6641972035374721,-0.2046549701195879
-0.7499113652352136,0.5556589401658432,0.6314220415739626,1.4591811326107944,1.6648178805955012,-0.2040080712928905
-0.7492714630449256,0.5574575386088487,0.6310021905732072,1.4608166913040632,1.665382714303155,-0.20340443705285055
-0.7485680149756888,0.559364678960323,0.6304417951663013,1.4624706262231202,1.665898897858233,-0.2028293046962723
-0.7479284025562265,0.5610771053682087,0.6299016694996027,1.4639288209546124,1.666335562646725,-0.20233412601817874
-0.7472895056757082,0.5627427733376308,0.6292988430433972,1.465295013656572,1.666704972579717,-0.2018955439458779
-0.7466519082524428,0.5643599672848876,0.6286329323161169,1.4665689672801192,1.6670064877985795,-0.20151390640880465
-0.7460162478907307,0.5659272387179939,0.6279037363391253,1.4677506691495124,1.6672395324005493,-0.2011894508978557
-0.7453830729151093,0.567443556503379,0.6271111537250832,1.4688400714832994,1.6674035579993869,-0.2009223920247777
-0.7447527114634781,0.5689084734652695,0.6262551113518995,1.4698370559994118,1.6674979603063662,-0.20071296462669608
-0.744125252619574,0.5703219718523989,0.6253354975680445,1.4707413595409746,1.6675221157962796,-0.2005614270799569
-0.7434795135181418,0.5717387501783261,0.6243309584970327,1.4715965693420485,1.667486575821067,-0.20045442814789355
-0.7428580013332833,0.5730516571595465,0.623286683461572,1.4723187518344076,1.6673715710551988,-0.20041682853343162
-0.7423033505049645,0.5741604866917847,0.6222573020507363,1.4728376847410942,1.6671675857185988,-0.20046499679311297
-0.7416888382700548,0.5753664976858801,0.6210808964034357,1.4733656030745947,1.666903536835889,-0.20054878919186192
-0.7410783965208494,0.5765195293160132,0.6198395361931986,1.4737972291257535,1.6665654743971543,-0.2006926318642009
-0.7404722346957826,0.5776193479296822,0.6185329219369797,1.4741314420403286,1.666152578738084,-0.2008970746020921
-0.7398703701629672,0.5786659241994861,0.6171607277535465,1.474367061558584,1.665664095998301,-0.20116262861755702
-0.7392726241254863,0.5796593832356802,0.6157226436556336,1.4745029194131547,1.6650993109015075,-0.20148975885061376
-0.7386786692487533,0.5805998259480664,0.6142183160105319,1.4745378591768286,1.6644576062926233,-0.20187887206788063
-0.7380882547232943,0.5814871514836127,0.6126474488550258,1.4744708201531325,1.663738502708145,-0.20233030350089862
-0.7375012745409193,0.5823208220246592,0.6110097832846101,1.474300760840893,1.6629416113492197,-0.20284433558779258
-0.7369177802159399,0.5831000828904798,0.609305072079966,1.4740267120970145,1.6620666514073719,-0.20342124396551994
-0.7363378143223342,0.5838242358376668,0.6075331716284289,1.473647680555095,1.661113386467818,-0.20406126033830108
-0.7357612759502259,0.5844928212287837,0.6056939248402871,1.473162640277934,1.6600816402313854,-0.20476462028516879
-0.735187848797537,0.5851055715991482,0.6037871968202033,1.4725705431373228,1.658971338744493,-0.2055315500879651
-0.7346170153824929,0.5856623039582491,0.6018128101560783,1.4718702940817279,1.6577824196670492,-0.20636228375902588
-0.734048088474033,0.5861630854573932,0.5997705631572365,1.4710607205003157,1.6565148312701041,-0.20725710304135844
-0.7334804012946563,0.5866082702877311,0.5976604295883057,1.470140644980026,1.6551685802589957,-0.20821627897649292
-0.7329134294483239,0.5869984061153979,0.5954824906805805,1.4691089217035027,1.6537436929547598,-0.2092400979668355
-0.7323466960146092,0.5873339704774562,0.5932369334502305,1.4679645628319462,1.6522402861628478,-0.21032877868418398
-0.7317797539788358,0.5876153864889795,0.5909240379789082,1.4667068173012807,1.6506586101260097,-0.21148243889001464
-0.7312120847570867,0.5878431245401871,0.5885441657721288,1.465335242420244,1.6489990727556347,-0.21270105058227173
-0.7306431519813288,0.5880177572764836,0.5860978135873274,1.463849768273937,1.6472623270469655,-0.21398439442771816
-0.7300723713464408,0.5881397432466262,0.5835855337522347,1.4622506315469195,1.6454492220949333,-0.21533209968940098
-0.7294991649157523,0.5882093868642992,0.5810079779616963,1.4605384181803032,1.6435608161391597,-0.21674363257326235
-0.7289230499268313,0.5882270099165001,0.5783659149831812,1.4587138790219456,1.6415983488068122,-0.21821837480313205
-0.7283436266127197,0.5881929697568744,0.5756601773032287,1.456777882581136,1.6395631819936343,-0.21975566948495526
-0.7277483136135501,0.5881000949487363,0.5728294851308995,1.4546785299643035,1.637407252995135,-0.22139346764648876
-0.7271609866436435,0.5879630803751479,0.5699987073475313,1.4525223153259503,1.6352311194575377,-0.22305394881638066
-0.7265689094040682,0.5877743969495413,0.5671063727716685,1.4502570650402675,1.6329867298753016,-0.22477524324658021
-0.7259714680061335,0.5875341578640139,0.5641529998597234,1.447883088929038,1.6306754430597181,-0.22655705004388907
-0.7253678988430167,0.5872427026499573,0.5611389985249076,1.4454003501101198,1.628298407362371,-0.2283992840352866
-0.7247572370558302,0.5869005739220483,0.5580646383685327,1.4428084445155065,1.6258565844320771,-0.2303020630939578
-0.724138396920577,0.5865084868198522,0.554930084963987,1.4401065720792814,1.6233507413282782,-0.23226570601238022
-0.7235102469748866,0.5860673593075489,0.5517354290487596,1.4372936732840316,1.6207814103368605,-0.23429067330094072
-0.7228715594286996,0.5855780317085468,0.5484806407579257,1.4343684845128593,1.6181490085839698,-0.2363775297102812
-0.7222210157695188,0.5850411718195261,0.545165570083163,1.4313296096150026,1.6154538744235483,-0.23852688900897123
-0.7215694765882745,0.5844648034754847,0.5418521137496719,1.4282284977729347,1.612745886945112,-0.24070072699434633
-0.7208913445427101,0.5838349870081132,0.5384159748987265,1.4249581011666124,1.6099263931128176,-0.24297681114047054
-0.7201976354282096,0.5831600836049035,0.5349190751687452,1.4215698735208178,1.6070453410992258,-0.24531705027951745
-0.7194871722355984,0.5824409555676908,0.5313613874499772,1.418062763911837,1.6041034116806145,-0.2477217637773613
-0.7187586833137558,0.581678145965163,0.5277428209866855,1.4144358043418805,1.6011015393430257,-0.25019113971538476
-0.7180108357092123,0.5808719164112702,0.5240632937535104,1.4106883178854759,1.5980409353539045,-0.25272519260601456
-0.7172423321374637,0.5800224888308904,0.5203228166362812,1.4068198424198584,1.5949230277083273,-0.25532379426354057
-0.7164519143799055,0.5791302962413759,0.5165213991861606,1.4028298928690388,1.5917494474112914,-0.25798680508246297
-0.7156384306897067,0.5781961438934922,0.5126593219098368,1.3987181766159522,1.5885220704211207,-0.2607139311847611
-0.7148008053636673,0.5772211831445382,0.5087369500146167,1.3944844644247012,1.5852428572908108,-0.26350487328310523
-0.7139380161307187,0.5762069447643932,0.5047548332127434,1.390128675721607,1.5819139243021483,-0.26635923920599963
-0.7130490199663043,0.5751550856159853,0.5007136806781162,1.3856509891337396,1.5785374646619035,-0.26927654177695787
-0.7121326812296871,0.5740670973275321,0.49661431095420383,1.3810518551113233,1.5751158092819793,-0.2722561537379221
-0.7111878289491529,0.5729442776755036,0.49245770847647846,1.3763321225607228,1.5716514431676956,-0.27529726295657325
-0.7102133092619752,0.5717880113320291,0.48824507046390264,1.3714930049355984,1.56814688853743,-0.27839890222165875
-0.7092080767317398,0.5706000069932877,0.48397792355047853,1.3665360544109404,1.5646047847212798,-0.28155991090797344
-0.7081711538945725,0.56938218972942,0.47965804981720056,1.3614632019498232,1.5610278256440666,-0.28477895697736244
-0.7071015832380838,0.5681363978063423,0.47528742774654165,1.3562766987528931,1.5574187967093565,-0.2880545095535901
-0.7059984448036729,0.566864392969525,0.4708682360634896,1.3509792406406433,1.5537805628437211,-0.2913848094308065
-0.7048608106160485,0.5655677635864969,0.46640279964596587,1.3455738543154951,1.550116124777753,-0.2947678931946577
-0.7036877908017345,0.5642479133185809,0.46189355586476993,1.3400638309393258,1.5464285611824125,-0.2982015938429313
-0.7024785688052504,0.5629060937616999,0.4573429930016054,1.3344526869473325,1.5427210308839592,-0.30168359594309924
-0.7012324726766621,0.5615437626408131,0.452753698981762,1.3287439983945462,1.5389966667919652,-0.3052114912043479
-0.6999490300179729,0.5601627999781265,0.4481283875438734,1.322941365387217,1.535258606196291,-0.3087828004624569
-0.6986279383219938,0.5587654382726241,0.44346990111874973,1.3170484400172342,1.5315099443204503,-0.3123949654054776
-0.6972690053684416,0.5573540289743335,0.43878092489990406,1.311068695086226,1.5277536203953446,-0.31604549944997873
-0.6958721953849434,0.5559309913100272,0.434064305260496,1.3050058531165747,1.523992695150278,-0.31973171123922767
-0.6944375574848607,0.554498708147424,0.42932282551565704,1.298863707010014,1.5202301245434426,-0.32345086612596036
-0.6929652154506499,0.5530594873260078,0.4245592722157412,1.2926462241607708,1.5164689247719196,-0.3272001348529095
-0.691455417316557,0.5516156520904694,0.41977651105523106,1.2863575989270657,1.512712120647953,-0.3309765778452906
-0.6899084432572934,0.5501695109421284,0.4149772807259673,1.2800020338082987,1.5089626153015019,-0.3347773399156715
-0.6883246828883927,0.5487236022091075,0.41016454757499754,1.2735840654059303,1.5052234091324521,-0.33859941267542837
-0.6867045550062856,0.5472805724860379,0.40534126348162475,1.267108323700802,1.501497436048615,-0.34243984814316375
-0.6850485050854914,0.5458430380608981,0.4005104338216647,1.2605795959458193,1.4977875196931876,-0.34629573537601954
-0.683357063530606,0.5444134484873047,0.3956750951549104,1.254002781199071,1.4940964613057246,-0.35016423149630144
-0.681630804293853,0.5429939922763338,0.3908383315935907,1.2473828806867062,1.4904269573396476,-0.35404258419408663
-0.6798703454769282,0.5415865160312648,0.38600328452593546,1.240725025610689,1.4867816040505146,-0.35792813086174036
-0.6780763624948762,0.5401924696469479,0.38117315512128724,1.2340344449947964,1.4831628959264662,-0.36181832115941076
-0.6762496104048821,0.5388129065237941,0.37635122097385504,1.2273165190552362,1.4795732019846186,-0.3657106601091662
-0.6743909057078199,0.5374486372157762,0.37154083760108636,1.2205767786852162,1.476014787052918,-0.3696026712955295
-0.672501168483096,0.536100384804643,0.36674543671844406,1.213820919580047,1.4724898245688167,-0.373491857208645
-0.6705814753481476,0.5347687970850288,0.36196849752310245,1.2070548447051976,1.469000349042477,-0.37737563426557796
-0.6686331042589102,0.5334545019494599,0.3572135092626596,1.2002846685930821,1.4655483675880674,-0.3812512955919217
-0.6666575785689475,0.532158218491223,0.3524839292702857,1.1935166381528175,1.462135782968187,-0.3851159782671765
-0.6646565670582489,0.5308808407508543,0.34778317866477193,1.1867570710058062,1.4587644309271868,-0.3889666605198123
-0.6626318906323846,0.529623473713167,0.3431145988542532,1.1800123461206113,1.4554360807271025,-0.3928001606406546
-0.6605856144806836,0.5283875693082911,0.3384813838084149,1.1732887679811141,1.4521524080846406,-0.3966131577207612
-0.6585202172936562,0.5271750802464517,0.33388660621767413,1.1665925801779138,1.4489150636007024,-0.4004021635174723
-0.6564385889521787,0.5259884217198398,0.3293329285057425,1.1599295607378366,1.4457254959828703,-0.4041637690289889
-0.6543440686579529,0.524830354189372,0.3248228763126555,1.1533054254616644,1.442585183359006,-0.40789443226765626
-0.6522400345741403,0.5237036766456362,0.32035858591980854,1.146725484095788,1.4394954429900053,-0.41159072509653355
-0.6501296111584822,0.5226111152032942,0.3159419054762559,1.1401947023522865,1.4364575324122653,-0.41524938827324503
-0.6480155110519206,0.5215552890471926,0.3115745827379278,1.1337177615902476,1.4334725990175456,-0.4188673368028709
-0.6458998600855083,0.5205386171272928,0.3072581943611105,1.127298859017202,1.430541632486711,-0.42244185217722785
-0.6437843759569362,0.5195634102248633,0.30299451788265297,1.1209423119120459,1.427665678508268,-0.4259702863503627
-0.6416704356425782,0.5186318609082001,0.2987853121177111,1.1146524433287568,1.424845780866312,-0.4294501511691713
-0.6395593383505755,0.5177458772087937,0.29463220362203946,1.1084338585630262,1.422083029487706,-0.43287900275650915
-0.637452246248057,0.516906728653391,0.29053648575707597,1.1022916594464391,1.419378699878172,-0.43625431700777995
-0.6353500479812084,0.5161148321249591,0.28649899690731856,1.0962315176787456,1.4167341937395408,-0.4395734708203307
-0.6332533152226475,0.5153697648229347,0.2825201623202602,1.090259598634816,1.414150970305397,-0.44283375285587423
-0.6311626685318685,0.5146705726887455,0.2786003019371158,1.0843824697001452,1.4116305151748065,-0.44603238728853256
-0.6290792098274949,0.514016105791022,0.2747399092990207,1.0786067950238247,1.409174227400959,-0.44916664279180907
-0.6270047450194212,0.5134053628860059,0.27093989039052246,1.0729391665325752,1.4067832156164286,-0.4522338640679379
-0.6249419037577055,0.5128377531304231,0.2672015458886996,1.0673859034619368,1.4044583459523239,-0.4552315515940165
-0.6228941596737996,0.5123131461531323,0.2635264598946918,1.0619528573953319,1.4022000992781585,-0.4581574456747681
-0.6208655559489074,0.5118315888643359,0.25991642970744666,1.0566452763511847,1.4000085193889134,-0.46100956166179047
-0.6188601373461153,0.5113930462391607,0.25637336815220096,1.0514675916145224,1.3978833002238844,-0.46378629918287617
-0.6168815514291225,0.5109974289191654,0.25289934645753864,1.0464233554498918,1.3958236669985553,-0.46648652276966196
-0.6149330678782917,0.5106448672184478,0.2494966885600604,1.0415151350745617,1.393828447420222,-0.4691095824766247
-0.6130178004312725,0.510335946007654,0.24616802639716512,1.0367444996515873,1.391896107807952,-0.47165535644250123
-0.6111388706212466,0.5100716898571895,0.24291623156738212,1.0321122764816522,1.390024903299846,-0.4741241333553283
-0.6092992124879104,0.509853213895024,0.23974401117981115,1.0276186991757754,1.3882129549641349,-0.47651649470523727
-0.6075013709821904,0.5096812750921877,0.23665350645575745,1.0232638274273853,1.3864586178693488,-0.4788331288475206
-0.6057473181912428,0.5095558909652624,0.2336460072905126,1.0190477971462883,1.3847605041507705,-0.4810746763714967
-0.6040382230859273,0.5094759770963584,0.2307218419516467,1.0149709729890675,1.3831176294422505,-0.4832416470643264
-0.6023743765261613,0.5094393435387112,0.2278805698718358,1.011034072261009,1.3815295394011713,-0.48533433602938203
-0.6007552499061483,0.5094431159073316,0.22512112727480157,1.0072379182825615,1.3799960407488983,-0.4873529636010996
-0.5991800558709088,0.5094844375204971,0.2224423231035459,1.0035835036216612,1.3785173162613404,-0.48929758645080346
-0.5976480247980469,0.509560928607059,0.21984283333791269,1.0000716618923717,1.377093658633396,-0.49116825528143765
-0.5961585196605157,0.5096706715708749,0.21732113144870413,0.9967028825167574,1.3757253472919615,-0.4929650863427615
-0.5947109525846251,0.5098121114328122,0.2148753861226787,0.9934772188889525,1.3744125562956668,-0.49468827498119194
-0.593304746111366,0.5099841064465082,0.21250325832991165,0.9903940033453068,1.3731551826423356,-0.4963382500899421
-0.5919394981003222,0.5101859799186776,0.21020208515404948,0.9874519489781051,1.3719527977135129,-0.4979156300455134
-0.5906149213832108,0.5104174016498455,0.20796890070300406,0.9846489566905661,1.3708044901630274,-0.49942130324373435
-0.5893308381664917,0.5106783680244369,0.20580058095919754,0.9819821069673594,1.369708870651087,-0.5008564733975603
-0.5880872365741261,0.5109693856696964,0.2036939820593787,0.9794478060628649,1.3686640320268224,-0.5022225589345628
-0.5868844075363484,0.5112914952988299,0.20164598803172068,0.9770420105923108,1.3676676795644653,-0.5035211341436558
-0.585722846853917,0.5116461237172445,0.19965353703250913,0.9747604434214623,1.3667171848300712,-0.5047538045247724
-0.5846029946160598,0.5120347829018641,0.1977136643191102,0.9725990006119446,1.3658098233094393,-0.505922034458288
-0.5835249411547487,0.5124588217512176,0.19582350253529485,0.9705539900285715,1.364942955289183,-0.5070270298000821
-0.582488322964172,0.5129192535047551,0.19398035035218725,0.9686224258225536,1.3641141133686405,-0.5080696517082348
-0.5814924237650849,0.5134166845542169,0.1921817903791215,0.9668021518749612,1.3633212039307523,-0.5090503755361677
-0.5805362909408907,0.5139513727461875,0.19042581744499998,0.9650918672685436,1.3625624702204875,-0.5099693220117036
-0.5796188444392051,0.51452334045806,0.18871092864176547,0.9634911501494173,1.361836593076714,-0.5108263108011805
-0.5787390901507194,0.515132577213997,0.18703608334768945,0.9620003150278194,1.3611425671710777,-0.5116209560466544
-0.5778962294659713,0.5157792856896386,0.18540064984315663,0.9606203930907582,1.3604797607598584,-0.5123527629990082
-0.5770896290311981,0.5164640366394224,0.1838042990503112,0.9593529772376769,1.3598477961166537,-0.5130211697716177
-0.5763187539517063,0.5171876778021272,0.18224690404145819,0.95820011019932,1.3592465264321247,-0.5136256714300501
-0.5755832397934689,0.5179512396434213,0.18072852859003347,0.9571642551324089,1.3586759962085408,-0.5141658045019429
-0.5748830806636633,0.5187559918524485,0.1792492986864051,0.9562481527664857,1.3581363347334503,-0.5146412305483977
-0.5742188555175836,0.5196032700077091,0.17780953270986688,0.9554548124170281,1.357627845054489,-0.5150516547504423
-0.5735916952532534,0.5204942534856783,0.17640970478768558,0.9547875450980541,1.3571509004836684,-0.5153968070239845
-0.5730031629533293,0.5214298847170533,0.17505047318390332,0.9542498879775622,1.3567060097918726,-0.5156764032121708
-0.5724551866326373,0.5224111440736543,0.17373272184785513,0.9538457280037249,1.3562938355170528,-0.5158900313287222
-0.5719498336528233,0.5234392233183081,0.17245749813847872,0.9535792695692749,1.355915214142061,-0.5160371067027466
-0.5714891642113045,0.5245153655361654,0.17122610864140847,0.953455062982536,1.3555712214743607,-0.5161167901964895
-0.5710750255230153,0.5256407745915048,0.17004003092976844,0.953478019087305,1.3552631730326794,-0.516127959052924
-0.570708979577175,0.5268165472234494,0.16890087775572377,0.9536532758246494,1.3549926499223774,-0.5160692089696248
-0.5703924866096998,0.5280436370643535,0.1678104610183997,0.9539861496611024,1.354761487859713,-0.5159388591530633
-0.5701269592368186,0.529322729765709,0.16677086825856086,0.9544820060613488,1.3545717062222793,-0.5157350055993302
-0.5699136133301004,0.5306541469936739,0.16578440463018004,0.95514607095769,1.3544255054924124,-0.5154556125904919
-0.5697533969599291,0.532037924831647,0.16485351297941228,0.9559833238835069,1.3543251202268152,-0.5150985609457592
-0.5696470249107335,0.533473949657639,0.1639806839716783,0.9569982976376081,1.3542728455835715,-0.5146617500903772
-0.5695950991991381,0.5349622215220393,0.16316847897750542,0.9581949736725732,1.3542708510538461,-0.514143159503837
-0.5695982104777848,0.5365029612480668,0.16241950855571935,0.9595766997631159,1.3543211931095187,-0.5135408958482679
-0.5696569899269561,0.5380965201633217,0.16173632819246359,0.9611460883841942,1.3544257013620495,-0.5128532703613473
-0.5697722132000684,0.5397432265321896,0.16112142996646134,0.9629050934066129,1.3545860155845446,-0.5120787527633677
-0.5699448390230792,0.5414432825273223,0.1605772150784741,0.9648550329805176,1.3548034879890765,-0.511215994616083
-0.5701759045028141,0.5431967180009445,0.16010597373850216,0.9669967655562886,1.355079227201807,-0.510263768062498
-0.5704663584273859,0.54500330093706,0.159709756233935,0.9693308029041561,1.3554142177627497,-0.509220911950512
-0.5708169029570577,0.5468625719316236,0.1593902612347332,0.9718573960108557,1.355809251245978,-0.5080863285599587
-0.5712278851111321,0.5487741141299416,0.15914887644982514,0.9745767231501787,1.3562650859754555,-0.5068589219287258
-0.5716992916290444,0.5507377006843257,0.15898671445611362,0.9774888205805994,1.3567823702239665,-0.5055376453487526
-0.5722307590034234,0.5527532183834438,0.15890470659141656,0.9805937063718915,1.3573618192549306,-0.504121482536134
-0.5728216387818307,0.5548205602139177,0.1589036209864318,0.9838913917706194,1.358004131986138,-0.5026094892424822
-0.5734709999050431,0.5569395053380077,0.15898404092475077,0.9873817580534792,1.3587101114248652,-0.5010008455745286
-0.5741777291394095,0.5591096974239711,0.15914643006233753,0.991064624586987,1.3594805748797638,-0.49929488032579206
-0.5749405672271748,0.5613306215617135,0.15939113605806304,0.9949397918764262,1.3603164941922643,-0.49749104071326117
-0.5757580245232936,0.5636014265698086,0.15971838772781197,0.9990067283131936,1.3612189053788155,-0.4955890397278459
-0.5766282895833811,0.5659211408665861,0.16012831568885771,1.0032647834300206,1.3621888774515511,-0.4935887821258532
-0.5775491685357373,0.5682888287009908,0.16062092781918197,1.00771298039232,1.363227534710444,-0.49149044667791664
-0.57851822739998,0.5707037372207828,0.16119622099620018,1.0123499409251395,1.3643359768068848,-0.4892944914237971
-0.5795328778259177,0.5731654109861204,0.1618542040245167,1.0171740398647655,1.3655152432993178,-0.48700157985305453
-0.5805904118498788,0.5756734252475966,0.16259479978542862,1.0221830001099719,1.3667662347360903,-0.48461275091845724
-0.581688033084015,0.5782274458213172,0.16341784086699818,1.0273741198390638,1.3680897465409756,-0.48212927166912534
-0.5828229591190399,0.5808272465770955,0.16432304608743104,1.032744140525942,1.3694863898299345,-0.4795526972837516
-0.5839924662770115,0.5834727441483565,0.16531004154545634,1.0382892479243764,1.3709566891572438,-0.47688482762360773
-0.5851936856494468,0.5861639379951142,0.1663783065017835,1.0440051235750587,1.3725010347771613,-0.4741276843371276
-0.5864233053479944,0.5889008286118177,0.16752706979987372,1.0498869071367807,1.3741197159062097,-0.47128353715279425
-0.5876775734954286,0.5916834692056177,0.16875533672539475,1.0559293134267391,1.3758130037452134,-0.4683548404015948
-0.5889527261448798,0.5945120270721574,0.1700618996390535,1.062126601099274,1.377581091908941,-0.465344250706705
-0.5902454375888453,0.5973867585468376,0.1714453833231303,1.068472726878511,1.3794241950386463,-0.46225457216735427
-0.591552962075997,0.6003078360317928,0.17290425766965,1.0749614498345679,1.3813425486442554,-0.45908870710186067
-0.5928729731668376,0.6032750334655518,0.17443677162285348,1.081586386960494,1.383336441670643,-0.45584962112358984
-0.5942035112772963,0.606287527820718,0.17604097446883174,1.088341224288027,1.3854062528110687,-0.4525402559742222
-0.5955428704699017,0.6093438474209535,0.17771473716338412,1.0952197116423408,1.3875522947161685,-0.44916353476266674
-0.5968893104009758,0.6124420135660031,0.17945592455353,1.1022158651819154,1.3897747820327992,-0.44572232721378474
-0.5982408112649473,0.6155796410533825,0.18126249429826444,1.1093239172722464,1.3920736166710341,-0.4422194807094094
-0.5995951551393517,0.6187540190482551,0.18313256535358596,1.116538334805257,1.3944482052606304,-0.43865786676687757
-0.6009502639374276,0.6219622033270462,0.18506455428349045,1.1238536735994018,1.3968972957398933,-0.4350404570118641
-0.6023042383696002,0.6252011580824515,0.1870573262755052,1.1312648730536736,1.3994188834634853,-0.4313702148706723
-0.6036549466558163,0.6284673330974343,0.1891099922649701,1.138766703237259,1.402010026650602,-0.427650380912301
-0.604999855098115,0.6317567796884014,0.1912218739453781,1.1463540131079029,1.404666954572022,-0.4238843259150068
-0.606336127232661,0.6350654180690668,0.19339240684680875,1.1540216066683513,1.4073849505516876,-0.42007563471378584
-0.6076606655085982,0.63838944917917,0.19562116129111723,1.1617640805383473,1.4101584428461664,-0.4162281707425357
-0.6089703836006322,0.6417257387753565,0.19790791742537267,1.1695761699854685,1.4129811540597217,-0.4123458993636982
-0.6102624357153268,0.6450717375451681,0.20025240249710097,1.177452128907872,1.4158460754356073,-0.4084331445381208
-0.6115346679244297,0.6484256882564914,0.20265438051690055,1.1853862427005837,1.4187458803253208,-0.4044943045941505
-0.6127857295530668,0.6517862845757882,0.20511357334538047,1.1933727465920638,1.4216731140090446,-0.4005338291892457
-0.6140147384959662,0.6551521497580829,0.20762961151882564,1.2014060499683041,1.4246205410488102,-0.39655604521383014
-0.6152209530195976,0.6585215558500495,0.2102019728042702,1.2094809013429852,1.4275814402219824,-0.39256502476121824
-0.6164036009381235,0.6618924162280486,0.21282998439787448,1.217592455520125,1.430549753926178,-0.3885644739159163
-0.6175618449290006,0.6652623825287804,0.21551292279876044,1.225736508774058,1.4335202495341632,-0.3845576401676014
-0.6186948415724238,0.6686289038479258,0.2182500452313363,1.23390946889799,1.4364886113912234,-0.3805472631138761
-0.6198017623952574,0.6719893219898119,0.22104062615851242,1.2421084275647103,1.439451370774215,-0.3765355628177657
-0.6208817995914011,0.6753409479825798,0.22388395665573313,1.2503311464957862,1.4424060235260852,-0.3725242379207463
-0.6219341397954686,0.6786808920153717,0.22677934195639365,1.2585760135788662,1.4453508300383802,-0.368514483505327
