805.3003533751428,296.0648320294347,463.8530492103056,-0.6829010814170039,-0.6953378374301666,-0.22394509335421042
806.0102966783699,295.5346080465299,463.3323484609939,-0.6844336504823135,-0.6929500047527143,-0.22665142620479548
806.7201187339328,295.00269840760524,462.81295648443125,-0.6859741867699939,-0.6905222126475975,-0.2293872030552519
807.4295024577935,294.4693175510447,462.2950620635007,-0.6875216452540823,-0.6880551171731089,-0.23215112112376146
808.138738553806,293.93422368503354,461.7784094943618,-0.6890762935718484,-0.6855472805060191,-0.23494422280210536
808.8476844827806,293.3975004308757,461.26305933120085,-0.6906374458402287,-0.682998766737247,-0.23776585759668017
809.556249176151,292.8591935958405,460.7490337866611,-0.6922045151121966,-0.6804094840792683,-0.2406155506887971
810.2644131833047,292.3192951460156,460.2363025999859,-0.6937770610786483,-0.6777790951635637,-0.24349309575496025
810.9721694433943,291.77778766143615,459.72482632909015,-0.6953546611102863,-0.675107221551403,-0.24639832524054095
811.6795515674485,291.2346224201371,459.21453605449597,-0.6969369740940332,-0.6723933310627889,-0.2493312304604853
812.3867485042313,290.6896303085374,458.70525111818307,-0.6985239994992241,-0.669636274951009,-0.25229245211330537
813.0935184021948,290.14297379576504,458.19710107340114,-0.7001147609193028,-0.6668365795324946,-0.25528082133272445
813.7997907980853,289.594684707269,457.69009127433304,-0.7017086531900549,-0.6639941397752471,-0.2582958543653553
814.505412732496,289.0448600214418,457.18428575677933,-0.7033048732199175,-0.6611092124097806,-0.26133668814775196
815.2106092780716,288.49330224109735,456.67947744022774,-0.7049034635214807,-0.6581805160579933,-0.2644040759841914
815.9152481557871,287.94009226487566,456.17571531857976,-0.7065036488972241,-0.6552082350414131,-0.26749722022634986
816.619276326935,287.3852499673581,455.6729912658542,-0.7081048230414001,-0.6521922517924035,-0.2706156430945223
817.322733211537,286.82872256553776,455.1712309955632,-0.7097065804717656,-0.6491320638412615,-0.2737592616301004
818.0255303949552,286.27055851529616,454.6704513086875,-0.711308215450587,-0.646027734092074,-0.27692740820720757
818.7276544423341,285.710747478248,454.17061534514767,-0.7129091836880631,-0.642879018054266,-0.28011973146995933
819.4291402630151,285.14924053865946,453.6716517888468,-0.7145090423285584,-0.6396854614914458,-0.2833360880424555
820.1298306080192,284.5861431042566,453.17362587700643,-0.7161069016002166,-0.6364475041318779,-0.28657543503385113
820.8299160138088,284.0212814813017,452.67635555203384,-0.7177026562961888,-0.6331639955406124,-0.2898383202691489
821.5293637455395,283.454660802831,452.17981749211265,-0.7192956833054919,-0.629834813167724,-0.2931242536878577
822.2279566153654,282.88643701955675,451.6841191099695,-0.7208849318214567,-0.6264607516853882,-0.29643184995973726
822.9254014300303,282.3168312492217,451.18942144746194,-0.7224691733902712,-0.6230430538022598,-0.29975931446667786
823.6221244281069,281.7454774941757,450.6953752729045,-0.7240488071564375,-0.6195794562558298,-0.3031082681832847
824.3180925549191,281.17238312856915,450.20195725982717,-0.7256231795593181,-0.6160699203105318,-0.30647814697756276
825.0132222999251,280.5975979037525,449.7091798046861,-0.7271915166439173,-0.6125146902862676,-0.30986812082664605
825.707403049991,280.0211954167712,449.21707450096324,-0.7287529788242635,-0.6089141906833612,-0.31327720031816864
826.400602902717,279.44318521034796,448.72561718410424,-0.7303068997088763,-0.6052684766960175,-0.3167047573935257
827.0928760497361,278.8635052318017,448.2347227027949,-0.7318528002446373,-0.6015771668822865,-0.32015057560461246
827.7840742027585,278.28226350041473,447.7444495621126,-0.7333897448012129,-0.5978409828080097,-0.32361341365210006
828.47442956904,277.69924837314926,447.2545864355674,-0.7349176390078422,-0.5940586085981491,-0.32709392141336113
829.163577734631,277.1147521913481,446.76534541881165,-0.7364350633783064,-0.5902320131450554,-0.3305897277377585
829.8519843142485,276.52836433496907,446.27634947605526,-0.7379424240947945,-0.5863585911798831,-0.33410265079858514
830.5393704400112,275.9403058755662,445.7877501534737,-0.7394384841572494,-0.5824398909344787,-0.33763071779010534
831.2257212963909,275.35057492348255,445.299511697494,-0.7409225870776731,-0.5784760291008337,-0.3411732752046374
831.9108898386023,274.7592844838051,444.8116926616982,-0.742393791612246,-0.5744679264287484,-0.3447289655370534
832.594762347092,274.1665211789756,444.3243283505239,-0.7438512347235164,-0.5704163707924175,-0.3482965755391627
833.2773357523588,273.5722772038325,443.83737559663246,-0.7452942933481093,-0.56632153871281,-0.3518754482664256
833.9587143054586,272.976451156383,443.3507147473075,-0.746722568829431,-0.5621829750028015,-0.3554654804868893
834.6389267123584,272.37900693799975,442.86428002925743,-0.7481354989766722,-0.5580006844473826,-0.35906616566752475
835.3180013920132,271.77990867964286,442.3780059267098,-0.7495325193480891,-0.5537746894612622,-0.3626769854178636
835.9958835141244,271.1791944401574,441.8918867046075,-0.7509128955116093,-0.5495055563766501,-0.3662969654058835
836.6724424272023,270.5769712467347,441.4059715262677,-0.7522757475452546,-0.5451943794238805,-0.3699247062576899
837.3475027117494,269.973388820035,440.9203425947733,-0.7536201215145006,-0.5408426080045848,-0.37355854402659366
838.021402522932,269.36813793830703,440.43471281855426,-0.7549460885658527,-0.5364484021356027,-0.37719956946592403
838.6939555862596,268.7613786589606,439.9491725627858,-0.7562526788399758,-0.5320133264702099,-0.38084604002859523
839.3653145152509,268.1529668142838,439.4635680613427,-0.7575395912948607,-0.5275367559345296,-0.3844980347919713
840.0351221942329,267.54322139179646,438.9781147210236,-0.7588055576321348,-0.5230215034374996,-0.3881528470184942
840.7034990821137,266.9320301621858,438.4926831460759,-0.7600502381296151,-0.5184672426891618,-0.39181035435196593
841.3705355905545,266.3193072249028,438.0071654167063,-0.7612732326783294,-0.5138738486837517,-0.3954702679676879
842.0362407146022,265.70504113797836,437.52151278665036,-0.7624739929661819,-0.5092417685901266,-0.3991318468544033
842.7005800337334,265.08926132413757,437.03570852372883,-0.763651901777583,-0.5045717829787653,-0.4027941021578031
843.3635350456595,264.4719836359401,436.5497247604425,-0.7648063829525196,-0.4998645980857075,-0.4064561233093897
844.0250362949382,263.8532727384087,436.06357158533723,-0.7659367866303606,-0.49512132212173116,-0.4101167093240487
844.6850165421183,263.2331931500821,435.577258337012,-0.7670424869576156,-0.49034309618592126,-0.41377466237637145
845.3434662372308,262.61175675931474,435.09075259565543,-0.7681229731070329,-0.48553068581479325,-0.4174290973535855
846.0003763013899,261.9889759969458,434.6040220882588,-0.7691777494327088,-0.4806848850553098,-0.42107912683603355
846.6557380928283,261.3648638856697,434.11703472692096,-0.7702063361171404,-0.47580651649977623,-0.42472386165761683
847.3095433883652,260.7394340756724,433.62975863617646,-0.7712082698372928,-0.4708964311744812,-0.4283624115649111
847.9617843712263,260.11270087481705,433.14216217595424,-0.7721831044310475,-0.4659555083432379,-0.4319938859241234
848.6124536247432,259.4846792736363,432.6542139604503,-0.773130411560216,-0.4609846552259974,-0.43561739447237297
849.2615448314076,258.8553842852924,432.1658823457407,-0.7740497823436924,-0.4559848012196999,-0.43923205200703824
849.9090663666952,258.224817682613,431.67712515761434,-0.7749408462836559,-0.4509567912918359,-0.4428370548508141
850.5550164860122,257.59299203296507,431.1879083460148,-0.77580323630839,-0.4459015761434713,-0.4464315433817335
851.1995108819112,256.95980534998915,430.69810901948756,-0.776636753750582,-0.4408192053426464,-0.4500153118782018
851.8425765474362,256.3252424407626,430.2076713615352,-0.7774410904166891,-0.43571043652244357,-0.453587661248773
852.4840497900575,255.68947815153894,429.7166860073644,-0.7782157267807591,-0.4305775805562349,-0.45714683605318085
853.1239244617868,255.0525341297385,429.2251247441716,-0.7789603720816115,-0.42542173872989913,-0.4606919610135461
853.7621889675702,254.41443875015415,428.73296426392426,-0.7796747518874632,-0.42024408418243425,-0.46422213538228635
854.3988326289942,253.77522085780424,428.2401813321707,-0.7803586165961928,-0.4150458105696525,-0.46773646921386897
855.0338525322236,253.13490285655666,427.74674746966286,-0.7810117486860775,-0.4098280746213795,-0.4712341219250243
855.6672463208567,252.49350788422421,427.25263449258347,-0.7816339545379404,-0.40459205317510855,-0.4747142631319723
856.2990122135111,251.85105981110158,426.75781451259985,-0.7822250647850448,-0.399338942156028,-0.47817607353331365
856.9290249650296,251.20771018425836,426.26235769799,-0.7827848273441511,-0.3940709956624374,-0.48161806907279026
857.557145434783,250.56362828430252,425.7663476181873,-0.783313026823181,-0.3887906288732992,-0.4850387086711853
858.1836378431504,249.9185709196282,425.2695499957917,-0.7838098094897813,-0.38349688341410615,-0.4884386583382404
858.8085029316463,249.27256476948725,424.7719381333562,-0.7842751058681027,-0.3781910179303118,-0.4918171532921672
859.4317421228918,248.62563720659517,424.2734856071992,-0.7847088718034179,-0.37287430432165686,-0.4951734440472831
860.0533575413158,247.97781628844757,423.7741662623994,-0.7851110885540641,-0.36754802650582985,-0.49850679718648
860.6733520335083,247.3291307482837,423.27395420753936,-0.7854817628378987,-0.3622134791630506,-0.5018164961035712
861.2917291882384,246.67960998567878,422.7728238091653,-0.7858209268332181,-0.35687196646467867,-0.5051018417137434
861.9084933561592,246.02928405674027,422.27074968592126,-0.7861286381342579,-0.351524800788954,-0.5083621531304853
862.5236496692391,245.37818366386543,421.76770670230655,-0.7864049796615487,-0.34617330142687674,-0.5115967683075573
863.1372040599767,244.72634014499675,421.26366996198414,-0.7866500595275513,-0.340818793281076,-0.5148050446447966
863.7491632804596,244.07378546231118,420.75861480056795,-0.7868640108581457,-0.33546260556054724,-0.5179863595566593
864.3595349213581,243.42055219024434,420.25251677778977,-0.7870469915706634,-0.33010607047385093,-0.5211401110026754
864.9683274309396,242.76667350275653,419.74535166894594,-0.7871991841092967,-0.3247505219234071,-0.5242657179790913
865.5755501342103,242.11218315972266,419.2370954555077,-0.7873207951388137,-0.31939729420331786,-0.5273626209711731
866.1812132522991,241.45711549232362,418.7277243147673,-0.7874120551976238,-0.31404772070308834,-0.5304302823657877
866.7853279222054,240.80150538730265,418.2172146083831,-0.7874732183113292,-0.30870313261947985,-0.5334681868240292
867.3879062170392,240.14538826994672,417.7055428696783,-0.7875045615679886,-0.3033648576786781,-0.5364758416137727
867.9889611668864,239.48880008564737,417.1926857895397,-0.7875063846563946,-0.29803421887087167,-0.5394527769021534
868.5885067804295,238.8317772798982,416.6786202007605,-0.7874790093687509,-0.2927125331993296,-0.5423985460080457
869.1865580674557,238.17435677658938,416.1633230606706,-0.7874227790691991,-0.2874011104460426,-0.5453127256146888
869.7831310623646,237.51657595447534,415.64677143190204,-0.7873380581297154,-0.282101251956079,-0.5481949159426253
870.3782428487752,236.85847262171967,415.12894246115525,-0.7872252313349801,-0.2768142494429654,-0.551044740883093
870.9721519085447,236.199818092298,414.60960268678855,-0.7870846407427518,-0.2715392497694242,-0.5538629831840285
871.5647712115958,235.54076712498116,414.0888198514162,-0.786916709202353,-0.2662784693699009,-0.556648784718122
872.1559857425901,234.88150871310035,413.56668930392823,-0.7867219085635901,-0.26103436974257155,-0.5594011944920751
872.7458170859493,234.22208216932646,413.04318823058753,-0.7865006996004805,-0.25580819507238756,-0.5621199310305246
873.3342866464652,233.5625286202735,412.51829498989025,-0.7862535607726266,-0.25060118645392426,-0.5648047304336701
873.92140675512,232.9029010276458,411.9919971294354,-0.7859809921212214,-0.24541465954965724,-0.567455306524017
874.5071982749059,232.24324446803644,411.4642757090224,-0.785683507419839,-0.24024984787231973,-0.5700714312836478
875.09156849073,231.58373398847044,410.9352159573844,-0.7853617016151819,-0.23510897556764307,-0.5726523965230906
875.6745129921114,230.92444737722263,410.4048257119854,-0.7850161500964035,-0.22999347419382055,-0.5751979189079853
876.256207913659,230.26525943370228,409.87294890869526,-0.7846473287969535,-0.2249031844709455,-0.5777085138948821
876.836696280407,229.60619649314467,409.339550434946,-0.784255795055447,-0.2198391120884407,-0.580184119670743
877.4160205341068,228.94728705609202,408.80459647301797,-0.783842117175046,-0.21480226015694848,-0.5826246856888301
877.9942138483724,228.28857172257128,408.2680626081374,-0.7834068808345125,-0.2097937039507269,-0.585030136697055
878.5713107263459,227.63009119421605,407.729924149045,-0.7829506818297237,-0.2048144977555385,-0.5874004182255215
879.1473469607606,226.9718863203999,407.190156151819,-0.7824741253609276,-0.1998656749876178,-0.5897354958813276
879.7223595692749,226.3139981736936,406.6487334677574,-0.7819778253618082,-0.19494824857027426,-0.5920353545370409
880.2963557121782,225.65650367545027,406.10566020971993,-0.7814624322343905,-0.1900634746392826,-0.5942998760006208
880.8692778483388,224.99955574605974,405.5610036483644,-0.780928670358433,-0.18521313960031907,-0.596528712411735
881.4411483959996,224.34321748360398,405.01475718147054,-0.7803772058575491,-0.18039832913953552,-0.5987218548054082
882.0119971369793,223.68754510786357,404.4669083667751,-0.779808706061586,-0.17562005150552662,-0.6008793385195993
882.5820418943849,223.03238019809447,403.91726414694944,-0.7792236495927062,-0.17087774046642598,-0.6030019085612518
883.1512700110354,222.37783056911195,403.3658530055118,-0.7786227465168859,-0.1661727541218514,-0.6050894433007902
883.7195934736228,221.72409247225679,402.8127788412363,-0.7780068014393876,-0.1615070439306157,-0.6071415746552427
884.2869941053389,221.071283505499,402.25808037511786,-0.7773765591684025,-0.15688195170337563,-0.6091582212243671
884.8538934281062,220.4190168478072,401.7013655559792,-0.7767322689318268,-0.15229524696576036,-0.6111408513196072
885.4200197190037,219.76770488036965,401.1429219678442,-0.7760749594082988,-0.14775032487207287,-0.61308849188319
885.9853940747867,219.11742458242207,400.5827528969631,-0.7754053426446128,-0.1432481660226216,-0.6150012337624587
886.5501153613632,218.46816496363698,400.0207853863916,-0.7747240400318218,-0.13878911998997262,-0.6168794387635084
887.1143922124018,217.81979054884815,399.4568365201257,-0.7740315341355728,-0.13437268278582026,-0.6187238206863167
887.6782090648595,217.17242527638447,398.8909470197197,-0.7733285780782837,-0.13000011555234509,-0.6205343506074398
888.2414446656373,216.52631564655388,398.3232663280596,-0.7726160660119157,-0.12567345842557134,-0.6223106912046644
888.803945510947,215.88174577917022,397.7539803020251,-0.7718949458030734,-0.12139493295992118,-0.62405245203855
889.3660958202029,215.23838495039482,397.18273142915297,-0.7711654750308992,-0.1171626573860792,-0.6257609142752526
889.9278300512319,214.59641948882805,396.60961732487715,-0.7704284833781674,-0.11297817517578622,-0.627435960025855
890.4893301047996,213.95575425470957,396.03448436385685,-0.7696844764439627,-0.10884116829882336,-0.6290782199413124
891.0505029873782,213.31660938405676,395.4574608595629,-0.7689343212627736,-0.10475334219432418,-0.6306875192068386
891.6113332591142,212.6791170985417,394.87859800559175,-0.7681787846180436,-0.1007157877916118,-0.6322639361471288
892.1719605496003,212.0432345561626,394.2977878501428,-0.7674184221023176,-0.09672846517422974,-0.6338079909901949
892.7326483076243,211.4087811541021,393.71479288808615,-0.7666536141379825,-0.09279049011360728,-0.6353205182218233
893.2930038538991,210.77631966837055,393.1300591381828,-0.7658856343471213,-0.08890556390474738,-0.6368005934415314
893.8533849992734,210.1455651787296,392.5432526594287,-0.7651147287300524,-0.0850721151081127,-0.6382493142271055
894.4137450250028,209.5166911608489,391.954461585719,-0.764341692669479,-0.08129138555994757,-0.6396667003064171
894.9741751120652,208.88971691260815,391.3636305614041,-0.7635671283368128,-0.0775636590161935,-0.6410531329956143
895.5348185622918,208.2646054356651,390.7706491822579,-0.7627915613900568,-0.07388888518619477,-0.6424091114843101
896.0954862889374,207.64169094981384,390.17575975688305,-0.7620159731124311,-0.07026916964108443,-0.6437343400188209
896.6564045883533,207.020845868584,389.5787656709046,-0.761240765450635,-0.06670389277458803,-0.6450295246768533
897.2175930235827,206.40217402563172,388.9796897088967,-0.7604666214672317,-0.06319377790678331,-0.646294873929913
897.7788517469455,205.78602000116967,388.37879094150213,-0.759694520100853,-0.059740864341174975,-0.6475301269103266
898.3405151462042,205.1721417372512,387.7757576712086,-0.7589246985556908,-0.05634387371428537,-0.6487362097316771
898.9026357243413,204.56060948046184,387.17057925148606,-0.7581577779492756,-0.0530032966733773,-0.6499134052139336
899.4651552202979,203.95161395197113,386.5633653076384,-0.7573945236402337,-0.04972025611543706,-0.6510617725620192
900.0283003505486,203.34503803892608,385.95391839707895,-0.7566353082153208,-0.046494201843262355,-0.6521819527991133
900.5918506092437,202.7412471320281,385.3425254444326,-0.7558811008736349,-0.043327140131489285,-0.6532736947636022
901.1562292790911,202.1399168055745,384.72877571192555,-0.7551320016537458,-0.04021743786877141,-0.6543379996375563
901.721154341669,201.54147718435576,384.11302474402584,-0.7543890446177585,-0.037167387206647085,-0.6553745148302127
902.2867304522424,200.94594460324726,383.4952088500415,-0.7536527390908299,-0.03417710120436051,-0.6563836337189983
902.8531143279213,200.353282755694,382.87520704945644,-0.7529235229266924,-0.031246442420315657,-0.6573658254425252
903.4201853016865,199.76374588830828,382.2532022274379,-0.7522021834949764,-0.028376701842257497,-0.658321075113007
903.9882438286461,199.17715030590114,381.6289156865685,-0.7514889640209936,-0.02556702600219398,-0.6592500770846047
904.5571078965212,198.59381257379982,381.00259852203806,-0.7507847100822538,-0.02281897234966037,-0.6601527199123032
905.1269819346509,198.01365055278916,380.37407718219987,-0.7500897747897443,-0.020132184599934655,-0.661029518931723
905.6978014793374,197.43685738175736,379.7434743109353,-0.7494048347744132,-0.01750759256476702,-0.661880561596517
906.2697431395321,196.86338179639978,379.1106464149781,-0.7487302672760775,-0.014945000436505897,-0.6627062952972802
906.8426890052774,196.2934681522899,378.47577569047274,-0.7480667896566597,-0.012445533967541514,-0.6635067346282489
907.4168392734119,195.72704258876445,377.838692042232,-0.7474147381777952,-0.010008903129445447,-0.6642823428428328
907.992135150432,195.16428814249542,377.1995122335365,-0.7467747391821166,-0.007635937533032294,-0.6650332182511436
908.5685435521017,194.6053589579668,376.55832476263447,-0.7461473722363764,-0.005327309311157593,-0.6657595051369928
909.1463625284091,194.05008899742575,375.9148492326559,-0.7455328514774898,-0.003082380384118482,-0.6664617515649418
909.7255055955185,193.49868484007288,375.2692325833988,-0.7449318014687284,-0.0009020535775668006,-0.6671400133854197
910.3058410366286,192.95139006412398,374.62167242874426,-0.7443448688947852,0.0012126743036217438,-0.6677943138205343
910.8878192992509,192.40789987424796,373.9717161094479,-0.743772106495501,0.0032629119297746187,-0.6684253189436974
911.4710010086587,191.86874212676702,373.3199038557612,-0.7432144407661045,0.005246602040503136,-0.6690327108622979
912.0559288639292,191.3335314436149,372.66567804380054,-0.7426718366844687,0.0071650870498776355,-0.6696172074575786
912.6423638677072,190.8026044306509,372.0093540007933,-0.7421449981408207,0.009017048095283283,-0.6701787034651344
913.2302318271369,190.27613880066633,371.3510624567972,-0.7416344453555596,0.010801796452660859,-0.6707172807193407
913.8197621482976,189.7540389405258,370.69059329886716,-0.7411404243632154,0.012519568426288584,-0.6712332916215736
914.4108921196589,189.23646964083844,370.028062564993,-0.7406634253041303,0.014169712440569878,-0.6717268117814745
915.003681660387,188.7234845295955,369.3634479449605,-0.7402038220003464,0.015751948475887408,-0.672198019943002
915.5981631807767,188.21515985297162,368.6967568611356,-0.7397620004579615,0.017265919026948896,-0.6726470625213415
916.1943529704927,187.7115834532729,368.02801366156024,-0.7393383466022251,0.018711231966383763,-0.6730740665348711
916.7922728483038,187.21283592317758,367.3572352632193,-0.7389332293233448,0.020087518014011485,-0.6734791564865316
917.3919667065313,186.71897730431346,366.68441250096083,-0.7385469910159632,0.021394461453939986,-0.6738624630296323
917.9934863988476,186.23005962101803,366.00952588004765,-0.7381799597392372,0.02263175749055671,-0.6742241100644999
918.5968138768842,185.74618931297277,365.3326328672411,-0.7378324942150795,0.023798960516529667,-0.6745641703786878
919.2019596375599,185.2674460588679,364.6537573514333,-0.7375049202579222,0.024895698238214352,-0.6748827281865994
919.8089179115304,184.79391899787748,363.97293983101764,-0.7371975576317459,0.025921580152988902,-0.6751798521165756
920.4178005326016,184.32560357489876,363.2900871995832,-0.7369106565251748,0.026876408150197175,-0.6754556558239627
921.0283476510326,183.86277622764368,362.60552135934495,-0.7366446230006616,0.02775942588070907,-0.6757100810843263
921.6411993949101,183.40503095382138,361.91855335631607,-0.7363994668499881,0.02857115092246582,-0.6759434255601713
922.255713999933,182.9529226411688,361.22992941346655,-0.7361757183369814,0.029310334254696417,-0.6761554673571067
922.8721513941865,182.50632550868357,360.5393829090319,-0.7359735208089019,0.029976967024662748,-0.6763463300086362
923.4905181261963,182.06530104582924,359.84692922144205,-0.7357931095623869,0.03057069275560687,-0.6765160254309986
924.1106185211835,181.6300481491586,359.1528079200963,-0.7356347540322286,0.031090999722530082,-0.6766645094847197
924.7324723143927,181.20060562957497,358.4570150303196,-0.7354986372015635,0.03153761660415052,-0.6767917947297915
925.3560976542831,180.77701058622608,357.75954611070307,-0.7353849306152211,0.031910264400091315,-0.6768978791885543
925.981511069845,180.3592983739967,357.0603962419536,-0.735293794288502,0.03220865617808263,-0.6769827461228388
926.6087274389242,179.94750257163486,356.3595600162963,-0.7352253766023046,0.032432496841470766,-0.67704636381021
927.2377599576007,179.54165495054048,355.657031527451,-0.7351798141840644,0.03258148291756243,-0.677088685319122
927.8686201106661,179.14178544424595,354.9528043612055,-0.735157231773985,0.032655302367367973,-0.6771096482828369
928.5013176432406,178.7479221186199,354.2468715866105,-0.7351577420760534,0.0326536344173461,-0.6771091746719854
929.135860533577,178.36009114282126,353.5392257478153,-0.7351814455933426,0.03257614941380486,-0.6770871705656906
929.7722549670918,177.97831676103618,352.82985885656933,-0.7352284304471182,0.032422508700652476,-0.6770435259212092
930.4105053116673,177.6026212650242,352.1187623854098,-0.7352987721792823,0.032192364521244736,-0.6769781143420894
931.0506140942664,177.23302496750472,351.40592726155694,-0.7353925335377014,0.03188535994512592,-0.6768907928448803
931.6925819789019,176.8695461764109,350.69134386154,-0.7355097642439814,0.03150112882051291,-0.6767814016244804
932.3364077460025,176.51220117004112,349.9750020065723,-0.735650500743275,0.03103929575342529,-0.6766497638182548
932.9820882732126,176.16100417313447,349.25689095869734,-0.7358147659357199,0.030499476114425175,-0.6764956852690986
933.6296185176711,175.81596733389978,348.53699941772686,-0.736002568889135,0.029881276073985417,-0.6763189542876825
934.2785810055809,175.47731266255823,347.8157716477249,-0.7362137637081833,0.029184757572577883,-0.6761194746877665
934.9293079798597,175.14486219788415,347.0928158147142,-0.7364484166872891,0.028409227750902873,-0.6758969191654761
935.5814358195119,174.8187940037925,346.368510626534,-0.7367063409235823,0.027554773406189555,-0.6756511686554831
936.2350105232329,174.49906967515142,345.6427769092797,-0.7369874699437855,0.026621027349368172,-0.6753819586343138
936.8900771998938,174.18565082417513,344.9155338884172,-0.7372917310797122,0.025607584304543015,-0.6750889977681216
937.5465631388636,173.87855316401442,344.186828951717,-0.737618984872662,0.024514202243374476,-0.6747720259789928
938.2043950353509,173.57778736777078,343.45670747000145,-0.737969069446654,0.023340655261989886,-0.6744307720974634
938.8635270922877,173.28334677489147,342.725181652969,-0.7383418169100883,0.022086678045414764,-0.6740649375652379
939.5238699572396,172.9952396012403,341.9923094634477,-0.7387370143072297,0.02075209669576461,-0.6736742344599278
940.1854698997569,172.7134114184435,341.2579957947926,-0.7391545125446086,0.019336459912324175,-0.673258277262895
940.8481654376681,172.4378932356439,340.5223736129682,-0.739594015031704,0.01783975377235384,-0.6728167923845432
941.5119418063641,172.16864906444027,339.785410589705,-0.7400552964237047,0.016261660869673115,-0.6723494006995042
942.1768209702084,171.90562644010544,339.0470311580216,-0.740538144285346,0.014601753744489862,-0.6718556732260295
942.8425333896581,171.6488832967491,338.3074811653955,-0.7410421110005614,0.012860350704046786,-0.6713353864527033
943.5092848736156,171.39828929742856,337.56647613307825,-0.7415670847818266,0.011036546199914728,-0.6707879347574465
944.1769008204535,171.15385834824133,336.82415189172207,-0.7421126490237772,0.009130420767674818,-0.6702129897096277
944.8451834080944,170.9156046281239,336.0806681764513,-0.742678333141489,0.007142184561901181,-0.6696102468465244
945.5141751482942,170.6834515318273,335.33591537809315,-0.7432638441889623,0.005071359866636195,-0.668979176978289
946.1838659767092,170.45734069671335,334.58984015294175,-0.7438688323611966,0.0029175960970567964,-0.6683192709136886
946.854085945772,170.23726433337902,333.84256533953254,-0.7444927817376313,0.0006810659612305319,-0.6676301626572303
947.5248134665768,170.02316102430615,333.09404666622265,-0.7451352878752494,-0.0016385221865052792,-0.6669113269454294
948.1961211173082,169.8149391995048,332.3441326373638,-0.7457960235838955,-0.004041816814339248,-0.6661621085916616
948.8677926347799,169.61259507130296,331.59299253479054,-0.7464743587806251,-0.0065284392765976446,-0.6653821542269273
949.5398060154,169.41606078960774,330.8405771022406,-0.747169829669742,-0.00909868409419161,-0.6645708837882102
950.2120301094632,169.225297908061,330.08695770885043,-0.7478818378718833,-0.01175242104210361,-0.6637278336645398
950.884493945859,169.04021982775254,329.3320246841597,-0.7486099319737739,-0.014490140412104899,-0.6628523256209177
951.5570238582785,168.86079399115107,328.5758943883237,-0.7493534205600199,-0.01731150667002853,-0.6619439272565399
952.2296060526376,168.68694129050562,327.81850242913436,-0.7501117620549023,-0.020216820574180665,-0.6610019853168073
952.9022683840838,168.51857191231784,327.0597357722129,-0.7508844449614839,-0.023206585074200797,-0.6600257606518689
953.5746662581478,168.35568570319754,326.29990070860293,-0.7516705031648294,-0.026279612295282,-0.6590150503968342
954.2469947492623,168.198147354904,325.5386932359423,-0.7524695721141222,-0.02943712902725182,-0.6579688430898705
954.919064384688,168.04591351941292,324.7762427587678,-0.7532808160904673,-0.032678600436873144,-0.6568866882374514
955.5908226980133,167.89890577823007,324.0125229997081,-0.7541035357600767,-0.03600410031767711,-0.6557679178752688
956.2622819064902,167.7570310279109,323.24743295873594,-0.7549370898708292,-0.0394140250465766,-0.6546117360443451
956.9333532895241,167.6202170870871,322.4809854817603,-0.7557806903883048,-0.04290826098124643,-0.6534174999001345
957.6038479899396,167.48840887805864,321.71330777757856,-0.7566333953857343,-0.04648612253425611,-0.6521847479041388
958.2737739628278,167.36150978536557,320.94430172968674,-0.7574944861529582,-0.050147927864011704,-0.6509126583335213
958.9430380034478,167.23944206083934,320.1739844793702,-0.7583630916720094,-0.05389343816448535,-0.6496005838301583
959.6116558446415,167.12210719063313,319.4022472323847,-0.7592384583834857,-0.057723007211862486,-0.6482476515575566
960.2794810417308,167.00943449092568,318.6291678228819,-0.7601195966493628,-0.06163604496275754,-0.6468533038881066
960.9465777954899,166.9013165347797,317.8545800294548,-0.7610057696828113,-0.06563316732608437,-0.6454165367080538
961.6127311385769,166.7976907352238,317.07864129888384,-0.7618958458443348,-0.06971330154946852,-0.6439369345457819
962.2778519720111,166.6984712740691,316.3013639510242,-0.7627888337943819,-0.07387606018355733,-0.6424138251706312
962.9419403980178,166.60355837908565,315.5226560182676,-0.7636838378136284,-0.07812158604114225,-0.6408463260850172
963.6048422726403,166.5128736832467,314.74260648596265,-0.7645797302487591,-0.08244900465523346,-0.6392339147167458
964.2666182875308,166.42630843554838,313.96105195156247,-0.7654756494195097,-0.0868588022969713,-0.6375755473740471
964.9269798534615,166.3437987516047,313.17824201277915,-0.766370237112816,-0.09134909551625256,-0.6358710580109843
965.5860687724908,166.26522485837637,312.39391766587113,-0.7672626944830508,-0.09592085203038031,-0.634119190531539
966.2440457451572,166.19046896350352,311.60779400817927,-0.7681522238854914,-0.10057524414838895,-0.6323185757229228
966.9005458618178,166.11947296380094,310.82021412943425,-0.7690372928329179,-0.10530969623522161,-0.6304692776900885
967.5555597505581,166.0521360631863,310.0310985490521,-0.7699168274012909,-0.11012405679400288,-0.6285704184890998
968.2090649086938,165.98835938904068,309.24038342237816,-0.7707897127966,-0.11501805530578672,-0.6266211499786849
968.8609534527368,165.9280521368148,308.44810892248006,-0.7716546982006431,-0.11999073476341704,-0.6246208852702653
969.5111779966327,165.8711170525077,307.65424316689916,-0.7725105928347281,-0.12504153308283059,-0.622568870858825
970.1597798595828,165.81744969985613,306.85864595824114,-0.7733563001521799,-0.13017054797034364,-0.6204640694319306
970.8064845740182,165.7669711688489,306.0615659773881,-0.7741902932342302,-0.13537531301982533,-0.6183064891190136
971.4511182645987,165.7195912114966,305.26313341228524,-0.775011167507981,-0.14065401231652097,-0.6160958846293166
972.0941501619347,165.67517445127368,304.4626802054753,-0.7758183121023574,-0.14601010552539972,-0.6138297774555346
972.735310027909,165.6336408136239,303.6604539060136,-0.7766101526122045,-0.15144097031316167,-0.6115082201984341
973.3742682192311,165.59490987543165,302.85678384163225,-0.7773850443937965,-0.1569432832516902,-0.6091315938243846
974.0113632510117,165.55886026033664,302.05116110558663,-0.7781421411624351,-0.16251939470916094,-0.6066978279922457
974.6464953966308,165.5253990123096,301.2436263616722,-0.7788800401730933,-0.1681678799309714,-0.6042064607230567
975.2795214842929,165.49443440270375,300.43427881820094,-0.7795972819736202,-0.17388682235423125,-0.6016572537175061
975.9102262655539,165.46587648213017,299.6233149409768,-0.7802923290020843,-0.17967351615345184,-0.5990503391982669
976.5386090446027,165.4396244977712,298.81065967464394,-0.7809638832184983,-0.18552710394600064,-0.5963850323488119
977.1646829228264,165.4155780548681,297.99622051367555,-0.7816106487415166,-0.19144681312537992,-0.5936606029694081
977.7887531911066,165.3936279336122,297.17952156599256,-0.7822316015544488,-0.19743465388139345,-0.5908750112979025
978.4102254348768,165.37369688528258,296.3612659046263,-0.7828248166883414,-0.20348393536358078,-0.588030266589922
979.0294039428777,165.3556763765501,295.5409821762754,-0.7833892598094168,-0.20959651897216727,-0.5851244028836979
979.6459161775387,165.33947899648462,294.7190949019972,-0.7839232659481662,-0.21576755859222843,-0.582158632817817
980.2600909456469,165.3249984076155,293.8950981287911,-0.7844257932117162,-0.22199911229866556,-0.5791308738815212
980.8719704952266,165.31213808605736,293.0688637039656,-0.7848955195687665,-0.22829039390291325,-0.5760403800190828
981.4811473833728,165.3008102970274,292.24087603422583,-0.7853308018652635,-0.2346358655435808,-0.5728887695201199
982.0875553038743,165.2909189781505,291.41116694408936,-0.7857303029937807,-0.24103333249533984,-0.5696760689931539
982.691186482144,165.28236751515277,290.5796911756803,-0.7860927414997017,-0.2474811338175073,-0.5664020569929848
983.2922863209917,165.27505717878216,289.74605292451304,-0.786416976020353,-0.2539802972785081,-0.5630651369258485
983.890815076915,165.2688944337918,288.9102480337666,-0.786701686881221,-0.26052877633702914,-0.5596652683154205
984.4865370649928,165.26378750499475,288.0725517895047,-0.786945501818985,-0.26712225791035904,-0.5562036286251082
985.0794505806721,165.25964222984305,287.23291790763267,-0.7871471994430745,-0.2737588792744187,-0.552680162867584
985.6695400714439,165.25636516839683,286.3913218353599,-0.7873055751213847,-0.2804365553730976,-0.5490949551701032
986.2564739754278,165.25386459467717,285.54819718652436,-0.7874194018068169,-0.28714949619991226,-0.5454501374922655
986.8410519819398,165.25204504616823,284.7023507652094,-0.7874876690117597,-0.29390483059770384,-0.541740825216044
987.422731551902,165.2508171337248,283.8545212086261,-0.7875091449663933,-0.3006942520970507,-0.5379705506346005
988.0013522941656,165.25008958483966,283.00490932482853,-0.7874827695179774,-0.30751366440212086,-0.5341406499399537
988.576965222768,165.2497712709001,282.153411552439,-0.7874075359703469,-0.3143613648594129,-0.5302511712206148
989.1496450349705,165.24977189075122,281.2998893441961,-0.7872824535507685,-0.32123589888009635,-0.5263020383788936
989.7193927591702,165.25000186082735,280.4443146098772,-0.7871065728132141,-0.32813488778855116,-0.5222937281360281
990.2860021368122,165.25037202494912,279.5869769173487,-0.7868790814438049,-0.3350533526489612,-0.5182282914554593
990.8497046994985,165.25079410177523,278.72750840178264,-0.7865990556446879,-0.3419915864602375,-0.5141047368477509
991.4102851224989,165.25118015789621,277.8662227959104,-0.7862658216150661,-0.34894435314068106,-0.5099253829446195
991.9678474291018,165.25144313827872,277.0029510374959,-0.7858786082560252,-0.3559102887441107,-0.5056902999382692
992.5224750224509,165.2514965277398,276.13755494180793,-0.7854366785929013,-0.3628877561805047,-0.5013997410601942
993.0740990464833,165.25125435060863,275.2701362818033,-0.7849394670588699,-0.3698731628574886,-0.49705520463137176
993.622717301336,165.25063129626625,274.40069796483533,-0.7843864303173403,-0.37686369915331663,-0.49265777188074317
994.1682059785296,165.24954299295604,273.5294420076608,-0.7837772357943461,-0.3838549485509573,-0.48820960982299005
994.7104712168598,165.2479061537822,272.6565324550087,-0.7831116380497295,-0.390842807694397,-0.483712788775147
995.2498704856971,165.24563656244737,271.7814074547232,-0.7823888783140996,-0.39782897562096564,-0.4791656803724345
995.7859767493903,165.24265378858166,270.90477934985756,-0.7816092975333021,-0.4048049765865615,-0.4745733209318153
996.3191695366907,165.23887434362285,270.02605272113465,-0.7807721996281521,-0.41177277149325026,-0.46993399211440784
996.8493948374912,165.2342172746873,269.14534041928573,-0.7798775501892676,-0.41872867949489817,-0.46524971754880695
997.376536337059,165.22860346283568,268.2628679012255,-0.7789255396174675,-0.4256681644881952,-0.4605231997119011
997.900606045712,165.22195379543075,267.37865469004385,-0.777916245032731,-0.43258835115924077,-0.4557561125816145
998.4216209611927,165.21418992185733,266.49271670288715,-0.7768498156167907,-0.43948642155830336,-0.45095016270319216
998.939600734561,165.20523426788412,265.60507012059577,-0.775726476450893,-0.44635958887249705,-0.44610710726759045
999.4545672964346,165.195010037742,264.71573204364006,-0.7745465292319432,-0.45320509670301484,-0.44122875515673415
999.9665445172056,165.183441220031,263.8247211190019,-0.7733103529826801,-0.4600202186560079,-0.43631696780835955
1000.4755602476046,165.17045253474475,262.9320540046068,-0.7720183986308515,-0.46680228955047026,-0.43137363693890074
1000.9816543462173,165.15596916056052,262.03773105067864,-0.7706711655701712,-0.47354881641505664,-0.4264006015833144
1001.484844094088,165.13991772643743,261.14179749481286,-0.7692692934222876,-0.48025702108840784,-0.42139998563462594
1001.9851072214358,165.12222735925997,260.2443757251706,-0.7678136269817969,-0.48692361812902935,-0.4163743800105783
1002.4825299854433,165.10282443013114,259.34539950231385,-0.7663047825962248,-0.4935467926624156,-0.41132535008530063
1002.9771413284409,165.08163800034657,258.44490993763725,-0.7647436150191528,-0.5001239927887059,-0.4062550862752619
1003.4689727265077,165.05859801811528,257.54294934934694,-0.7631310527300299,-0.5066527311979707,-0.4011658090226447
1003.9580605626927,165.03363519734393,256.63955687777957,-0.7614680878762181,-0.5131306200784984,-0.3960597402968293
1004.4445021493266,165.00667773791707,255.73466376192084,-0.7597555722417206,-0.5195561128524374,-0.3909385067313282
1004.9282768916789,164.97766111151395,254.82842573046867,-0.7579948419694401,-0.5259261433036171,-0.3858050172528951
1005.4094325799215,164.94651835384497,253.9208782505292,-0.7561870756866148,-0.5322385946060141,-0.3806615097121598
1005.888033121259,164.9131822952977,253.01203186144744,-0.7543334586082795,-0.5384916053914757,-0.37551008527998603
1006.3641337443485,164.87758711559218,252.10191889181363,-0.7524352725774273,-0.5446832457540399,-0.37035296998427997
1006.8377919795678,164.83966770050478,251.19057299767758,-0.7504938543093834,-0.5508116637169045,-0.36519239553591715
1007.3090679734426,164.79935960393993,250.27802858811185,-0.748510591518557,-0.5568750906809503,-0.3600305928162538
1007.7780240320833,164.75659907161588,249.36432173534683,-0.7464869221345805,-0.5628718366616805,-0.35486979383310024
1008.2447241282784,164.71132308371745,248.44949118978354,-0.7444243339085789,-0.5688002850476213,-0.3497122342934449
1008.7091468251783,164.66347860098068,247.53375064573333,-0.7423247599825759,-0.5746577994780477,-0.34456111825895164
1009.1712565690805,164.6130172932376,246.61735189157991,-0.7401902857039485,-0.5804416566058617,-0.3394198347565297
1009.6314641269885,164.5598415154942,245.6996648323693,-0.7380209587043287,-0.5861547515906821,-0.3342868105397056
1010.0894531216504,164.50393694609346,244.7815124684846,-0.7358202742673372,-0.5917909828484179,-0.32916858385399456
1010.5457257461226,164.44519242612478,243.86208657676957,-0.7335878690344835,-0.5973544129029336,-0.32406256153841206
1011.0000824570377,164.383583747179,242.9419924870807,-0.7313267967591546,-0.6028405298245428,-0.3189739988507822
1011.4525907222937,164.31905630759354,242.02130822038225,-0.7290388804595545,-0.6082481849865485,-0.3139051707743101
1011.9033236119712,164.25155605425408,241.10010696319648,-0.7267259518827053,-0.6135763595460224,-0.3088582876764458
1012.3523536631462,164.18103035136443,240.17846949418833,-0.7243898789758687,-0.618824090503678,-0.30383556119983995
1012.7999325354397,164.10739785110343,239.2561133117731,-0.7220316111487695,-0.6239925337083156,-0.2988371971127224
1013.245964673429,164.03063432963359,238.3334766277851,-0.7196539444951635,-0.629078870236829,-0.2938672747927315
1013.6907406172083,163.95065133053504,237.41020670499893,-0.7172576517234285,-0.6340847587171473,-0.28892556101323086
1014.1341742609454,163.86742737787387,236.4867373527792,-0.7148455429918247,-0.6390076356921004,-0.28401600516857406
1014.5764835436466,163.78088701715438,235.56287745334328,-0.7124188079776537,-0.6438484026785272,-0.27913917032191726
1015.0178116089292,163.690967451964,234.6385963212765,-0.709979046636126,-0.6486071311319017,-0.2742964505466697
1015.4579619542385,163.59767880415376,233.71458284682012,-0.7075297643550783,-0.6532803303911068,-0.2694929358549747
1015.8971837379966,163.5009420815805,232.79059912070272,-0.7050720154037355,-0.657869373923037,-0.2647288045314035
1016.335755315424,163.40066770934902,231.8663493079962,-0.702606679438094,-0.6623758779608159,-0.2600039428635917
1016.773676172176,163.29682859006942,230.94213077703182,-0.7001362054386573,-0.6667985863242121,-0.2553212468831965
1017.2108139190013,163.18943528408312,230.01852739975425,-0.6976638036148037,-0.6711350615677008,-0.25068495419598497
1017.6475007954471,163.07838759634603,229.09514798589942,-0.695190060918179,-0.6753875627914723,-0.24609432993706667
1018.0839644721054,162.96360672110626,228.17182738776648,-0.6927161506170421,-0.6795572346752564,-0.2415497867414203
1018.5203522646702,162.84503308365998,227.24857675692704,-0.6902437031067872,-0.6836444243112018,-0.2370525921175191
1018.9566480992296,162.72265355799078,226.32575956766937,-0.687775275538757,-0.6876480008420812,-0.2326056690957385
1019.3927406545436,162.59648873268128,225.40394643639388,-0.6853139544088775,-0.6915661176928048,-0.22821281460901416
1019.8291301688687,162.46638337188602,224.48242117209054,-0.682859368344189,-0.6954024520792621,-0.22387164337344034
1020.2657230482916,162.33235481244867,223.5617287736236,-0.6804144909703904,-0.6991553657976677,-0.21958573485960775
1020.7027648932781,162.19432046962402,222.64170402112563,-0.6779803812612913,-0.7028262295708246,-0.21535527310017905
1021.1402179313916,162.05228778367422,221.72278411825334,-0.6755596682830568,-0.7064140446848631,-0.21118317182308535
1021.5784146578228,161.90614591066503,220.80463375104068,-0.6731529185166051,-0.7099208893596153,-0.2070687787751439
1022.0175829321629,161.75581411164495,219.8871462547503,-0.6707612910785636,-0.7133478911657114,-0.2030125034574252
1022.4574451652873,161.60138891182817,218.97127430461865,-0.6683886694000128,-0.7166923227394995,-0.19901934866726284
1022.8983310631506,161.44276098059532,218.0567061603084,-0.6660356091531747,-0.7199562339843778,-0.1950886682690491
1023.3404832425608,161.2798475705332,217.1433207427782,-0.6637031522673935,-0.7231409115818417,-0.19122067792712136
1023.7838009112381,161.1126941331978,216.2317105257863,-0.6613941312820262,-0.7262451963627548,-0.18741856329008005
1024.228923905422,160.94106642647318,215.3209516762263,-0.6591075180800999,-0.7292730920348693,-0.18367916823687822
1024.6755142719705,160.76510351999377,214.41213138162937,-0.656847330791634,-0.7322218501786267,-0.18000762804085374
1025.1238172562591,160.58472430735156,213.50514318251885,-0.654614541198569,-0.7350927853175948,-0.17640407995680624
1025.5740838480124,160.3998426133627,212.59987810687448,-0.6524101080838294,-0.7378871677459559,-0.17286867427587133
1026.026357838293,160.21045709236165,211.69664936432855,-0.6502359970958552,-0.7406049594556676,-0.16940319392038483
1026.4808930676252,160.01647987237362,210.79535347142007,-0.6480931387807702,-0.7432474019176702,-0.1660077799620326
1026.9375514150197,159.8179922068067,209.89666534599394,-0.64598427743167,-0.7458134860556761,-0.16268545518442376
1027.3967536581204,159.61483535499616,209.00015866835474,-0.6439095273614044,-0.7483053981482962,-0.15943510176662007
1027.8586518578552,159.4069646190602,208.10594550206997,-0.6418702660159039,-0.7507237283306841,-0.15625762485699674
1028.323354467991,159.19435582095838,207.21422448814667,-0.6398680393943951,-0.753068842390983,-0.153154205888959
1028.7910263912256,158.97695997295403,206.3250872532792,-0.6379041226914934,-0.7553413985495254,-0.15012562036655513
1029.2617985764823,158.75474414818012,205.43869241802247,-0.6359799149359032,-0.7575418795111687,-0.14717285274400105
1029.7357356542661,158.52770823356576,204.555322065621,-0.6340970459414271,-0.7596704802423112,-0.1442972549176589
1030.212928846129,158.29584161280627,203.67520425464045,-0.6322569835961529,-0.7617275581368308,-0.14149994299926386
1030.6936845299333,158.05902855685463,202.79817282498266,-0.6304603544367211,-0.7637143688815529,-0.13878077765805802
1031.1780616910123,157.81727344581003,201.9245186421108,-0.628708718011915,-0.7656310859182132,-0.13614105982954544
1031.6662291037658,157.57052702777094,201.05433074553605,-0.6270031911896237,-0.7674783365153782,-0.1335814403935516
1032.158341612118,157.31874647958512,200.1877240541378,-0.625344924504329,-0.7692566684325536,-0.13110264478157344
1032.6543783691452,157.06197993890976,199.32511706851437,-0.6237356085055409,-0.7709660163957919,-0.12870622457762507
1033.1545910475793,156.80013552711853,198.46644739225223,-0.6221759936090027,-0.7726072783412361,-0.126392351156222
1033.6591304596368,156.5331719241076,197.61183022319096,-0.6206671559869584,-0.7741809551956135,-0.12416170944163037
1034.1681258134067,156.26105854033784,196.76141520483463,-0.6192102125581049,-0.7756874598391359,-0.12201507002028493
1034.681730290597,155.98375120761466,195.91530906837,-0.6178061861949421,-0.7771272562017262,-0.11995309069647592
1035.1999410719943,155.7012899341821,195.07386826533332,-0.6164564791771384,-0.7785003751779088,-0.11797701101647534
1035.722859520843,155.41365882465328,194.23726689379612,-0.6151621460758812,-0.7798071599710666,-0.11608758457809078
1036.2507696028438,155.1207395050389,193.4053861560958,-0.613923783378066,-0.7810483619842041,-0.11428492658506201
1036.7835362728722,154.82264468666796,192.57876245472903,-0.6127429436127458,-0.7822237218952629,-0.11257057322901715
1037.3214106217627,154.5192715877438,191.7573164561835,-0.611620237524168,-0.7833338715568888,-0.11094471921896766
1037.8644990505259,154.21059591468537,190.94119119448294,-0.6105565904644833,-0.784379072163662,-0.10940804811373754
1038.4129226664763,153.89658324131818,190.13050063348135,-0.6095528694956308,-0.7853595868875762,-0.10796119012598052
1038.9665415885859,153.57734800674996,189.3257287644161,-0.6086103465969116,-0.7862752298314022,-0.10660538902308277
1039.5256449761323,153.25275641963094,188.52671984123276,-0.6077294918738333,-0.7871265385600785,-0.10534076609367093
1040.0901970109223,152.92285992423467,187.73378087269418,-0.6069112931289995,-0.7879134876622781,-0.10416822083702248
1040.6602043722437,152.58768433898865,186.94713917538138,-0.6061565901315701,-0.7886361359734851,-0.10308847305532348
1041.23584341224,152.24715328291245,186.16677685964237,-0.6054659599923862,-0.7892947313737512,-0.10210190162840439
1041.8170810499962,151.90131120362048,185.39295174336257,-0.6048402097368809,-0.7898892380807003,-0.10120924982301051
1042.4039619489492,151.5501543979061,184.62580021034785,-0.6042799940924701,-0.790419701102006,-0.1004110793160767
1042.9963901419785,151.19376116494198,183.86562447521203,-0.603786035385949,-0.7908860355881987,-0.0997080848502268
1043.5947342200104,150.83192684938524,183.1121212117505,-0.6033586468122747,-0.7912884750239492,-0.09910041680605422
1044.1986354057549,150.46488271728538,182.36589567367741,-0.6029986512557068,-0.7916267035910663,-0.09858898896601165
1044.808148115803,150.09260842316604,181.62700715719268,-0.6027064771052154,-0.7919007073312463,-0.09817419306361608
1045.4230686821202,149.7152384954635,180.89580844579325,-0.6024826100001962,-0.7921103469977542,-0.09785654207281606
1046.0434339257013,149.3327577234429,180.17234103010196,-0.602327353213651,-0.7922555815495553,-0.09763633070846946
1046.6692751497408,148.9451502348411,179.45664182465657,-0.6022409887981808,-0.7923363159561526,-0.09751386480096841
1047.3006180609,148.55239948168804,178.74874310526184,-0.6022237775449054,-0.7923524005331076,-0.09748946163030114
1047.937482696769,148.15448822901766,178.04867245027492,-0.6022759588527327,-0.7923036302952069,-0.0975634501699151
1048.579883359682,147.75139854654623,177.35645268593805,-0.6023977505057615,-0.792189744327237,-0.09773617123841748
1049.227828557058,147.34311180338779,176.6721018358527,-0.6025893483566283,-0.7920104251727588,-0.09800797755693205
1049.8813209484126,146.92960866587993,175.99563307470612,-0.6028509259136373,-0.7917652982416937,-0.09837923370972104
1050.54030265717,146.51090388856767,175.32710956172923,-0.6031826035434645,-0.791453959693469,-0.09885027297917122
1051.2043220888227,146.08726001435923,174.66696675670676,-0.603584202131944,-0.7910762076080232,-0.09942104753648656
1051.8733721735168,145.6586543579175,174.01516585711488,-0.6040556830934157,-0.7906316289096145,-0.10009175335799007
1052.5473790968613,145.22510266807353,173.37172222752406,-0.6045969387730344,-0.7901197953923192,-0.10086253296182425
1053.2262033687398,144.78665927556563,172.73669859071833,-0.6052077631664144,-0.7895402914842582,-0.10173343366886688
1053.9097043031045,144.3433760413031,172.11014116091337,-0.6058878906112665,-0.7888926779923519,-0.10270446251592717
1054.5977216557053,143.89531436052812,171.4920968488558,-0.6066369776380525,-0.7881765097214061,-0.10377556015532415
1055.2902252565245,143.44244739507997,170.8824820913676,-0.6074547805240423,-0.7873911653396982,-0.1049468549480132
1055.9870310172169,142.9848452096914,170.28133772755746,-0.6083408429010861,-0.7865361462876571,-0.10621821614655978
1056.6879553340686,142.52257489919447,169.68868714430744,-0.6092946453468902,-0.785610935364746,-0.10758946689586459
1057.3929513510136,142.05561021224548,169.1044255675514,-0.6103158116190172,-0.7846147958771067,-0.10906068117587657
1058.1016662107156,141.58412484276687,168.52868825415408,-0.6114034712151494,-0.7835473939436309,-0.11063126515687231
1058.8141725761445,141.10800711632186,167.96124995337607,-0.6125573462501116,-0.7824077358835929,-0.11230152440875728
1059.530158786829,140.62739856750164,167.40218539382647,-0.6137765192182769,-0.7811953774493668,-0.11407088457637672
1060.2495532796727,140.14227785467557,166.85136696007612,-0.6150604145738829,-0.779909458068298,-0.11593931015758417
1060.972212188328,139.6526693062786,166.30871588713376,-0.616408302577637,-0.7785491900365603,-0.11790658678281075
1061.697890294928,139.15866399481382,165.77421872453579,-0.6178192128737312,-0.7771139513367487,-0.11997219195242173
1062.426419809853,138.66029896593074,165.24779304847652,-0.6192922641281612,-0.775602955174221,-0.12213577492295752
1063.1575061726223,138.15769685532132,164.72943707447132,-0.6208262586496809,-0.7740156666552429,-0.1243965608177317
1063.8912890942554,137.6506796335524,164.2188353213179,-0.62242087553225,-0.7723505652274854,-0.12675511072320253
1064.6275809370968,137.1392913762047,163.71590254593673,-0.6240750918395718,-0.7706067724212937,-0.12921099815366527
1065.3659866302303,136.6237202860986,163.22068348429184,-0.6257873435719916,-0.7687839126026906,-0.13176303103833314
1066.1064119227476,136.10394507891942,162.7330094662476,-0.6275566852042378,-0.7668808882622088,-0.13441097452825226
1066.8487470087866,135.57995342562702,162.25271993769638,-0.6293821069053801,-0.7648965910963047,-0.13715454216538758
1067.592796583536,135.05179216201145,161.77970591334656,-0.6312623485958996,-0.7628301091206579,-0.13999311363118538
1068.3385754471426,134.51935752347975,161.31372253807945,-0.6331966466532131,-0.7606799055469502,-0.14292686229050525
1069.0855936569903,133.98290577073374,160.8548359705335,-0.6351828776055705,-0.7584458845873517,-0.14595393845051455
1069.8337401082215,133.4424239197191,160.40286853568296,-0.6372198289012839,-0.7561268810817813,-0.14907390569967646
1070.582783241368,132.89798585077625,159.95771288395736,-0.6393059134780845,-0.7537220884358602,-0.1522857918383627
1071.3330022718965,132.34929208181796,159.51896032718128,-0.6414409470506854,-0.7512289957703192,-0.1555908331510484
1072.083946164239,131.7965743767578,159.08663323119345,-0.6436226561031814,-0.7486474358794843,-0.15898708533009645
1072.8354559881573,131.2398532066535,158.66057716660646,-0.6458495200040189,-0.7459763154453196,-0.16247379574935597
1073.5874849206564,130.6790657263847,158.24057407295174,-0.6481203070054843,-0.743214121995719,-0.16605070464544588
1074.3397014930158,130.1143619801544,157.82656379690957,-0.6504328729886675,-0.7403603892398591,-0.1697161506171757
1075.0921167474053,129.54563668194908,157.41829522740068,-0.6527860618267656,-0.7374133802368261,-0.17347006696372835
1075.844491082845,128.97297355290334,157.01565488428037,-0.6551778934259971,-0.7343723147202492,-0.17731111453683923
1076.5971422849168,128.39603054364716,156.6182340133887,-0.6576081272639195,-0.731234110264423,-0.18124079822776765
1077.3491246536214,127.81543551481604,156.2262906810614,-0.6600723848401756,-0.7280009725796533,-0.18525396269575886
1078.1007643592138,127.23084286151499,155.83941142541244,-0.6625703364742672,-0.7246698272647825,-0.18935202844545038
1078.8518119986604,126.6423504621738,155.45748624097996,-0.665099730344314,-0.7212400424950356,-0.19353332994004024
1079.602372029505,126.04977993193688,155.08022627322225,-0.6676594521323462,-0.7177093853070641,-0.19779811480520143
1080.351736172067,125.45359780885224,154.70775063306655,-0.6702455477711987,-0.7140795141082338,-0.20214191357517758
1081.1005089704302,124.85322996901584,154.33952505915624,-0.6728585224037437,-0.7103458106733488,-0.20656775665014546
1081.847997440701,124.24913842545607,153.9756599341697,-0.6754943344411812,-0.7065100272711774,-0.21107104373444036
1082.5945249840827,123.64097041800557,153.61576842233956,-0.6781524406435057,-0.7025688521459799,-0.21565313641015504
1083.33963027378,123.02901061299542,153.25984643107483,-0.6808294677271726,-0.6985230767774501,-0.2203105696141233
1084.0833618751114,122.41313103431997,152.90764527376905,-0.6835237979568587,-0.6943708688533523,-0.22504291616150052
1084.8254945444537,121.79343104572928,152.5590488311135,-0.6862327737828744,-0.6901119470777338,-0.22984795123481389
1085.5659937212758,121.16985426412668,152.2138527294063,-0.6889543743586962,-0.6857450263438342,-0.23472458093840848
1086.3047082258881,120.54244407236553,151.87190947690237,-0.6916860998585326,-0.6812695599910714,-0.23967086992804104
1087.041502526355,119.91123422308618,151.53306599708878,-0.694425452635443,-0.6766850076653357,-0.2446848812922952
1087.7764058255884,119.27611907955139,151.19709603331341,-0.6971704989588774,-0.6719898659724074,-0.24976572105037895
1088.5092846731934,118.6371341840379,150.86385068080665,-0.6999186525671955,-0.6671837116484073,-0.25491130751611657
1089.2398624897776,117.99444541100837,150.5332475914356,-0.7026667379574405,-0.6622672136566711,-0.2601184212693874
1089.9682178377723,117.34791064957955,150.20504573905077,-0.7054128685748398,-0.6572387838126529,-0.26538625793639126
1090.6939402834548,116.6978253471429,149.87922698877298,-0.7081532731206818,-0.6521003255516798,-0.27071037509459844
1091.4175962180213,116.0436115332962,149.55533743593037,-0.710887829747395,-0.646846904883988,-0.2760934174496808
1092.1386312523593,115.38569993243686,149.23342860098376,-0.7136121464603266,-0.6414816744087364,-0.28152968905969605
1092.8572896222072,114.7238014597666,148.91319704784985,-0.716324812609887,-0.6360020895625721,-0.28701934588360406
1093.5730355415797,114.05834770540474,148.5946896672574,-0.7190214428621811,-0.6304116586440291,-0.29255649941519185
1094.2859488549914,113.38920929012266,148.27768157169317,-0.7216999522602077,-0.6247093856717401,-0.2981398369243043
1094.9959298216097,112.71642595338733,147.9620307279763,-0.7243575579223935,-0.6188957874291938,-0.30376657581620825
1095.703002871294,112.03992278381958,147.64754270588753,-0.7269919242135968,-0.6129704963386846,-0.3094348279468855
1096.407104955255,111.35971010366268,147.33406471660896,-0.7296003728387885,-0.606933983047911,-0.31514193020780135
1097.1080611327493,110.67591163591788,147.02149665894206,-0.7321798067270782,-0.6007878643629978,-0.3208842044340083
1097.8059504558012,109.98840790383588,146.70962803716827,-0.7347280626545876,-0.5945317045523496,-0.32665995504486617
1098.5002894916656,109.29764044020146,146.3985029935592,-0.7372409371035413,-0.5881703335363166,-0.3324627188219309
1099.1914912255227,108.60316669628827,146.08776741945064,-0.7397174928722043,-0.5817006105152764,-0.3382934088406318
1099.8790486821292,107.90546800393537,145.77748319710565,-0.7421534971775714,-0.5751280839637604,-0.34414513459189594
1100.563154689534,107.20432776696214,145.46740081689188,-0.7445472508070405,-0.5684519450154208,-0.35001682462970657
1101.2438401828213,106.49969256392501,145.15734584937252,-0.7468964862374121,-0.5616730020309874,-0.35590599550401764
1101.9208503217355,105.7918107228337,144.847277395726,-0.7491979906726954,-0.5547951179826281,-0.3618076116317037
1102.5944444317852,105.0803985047375,144.53692231079754,-0.7514503438715929,-0.547817134031878,-0.3677210469314538
1103.2648690189235,104.36517804581348,144.22601296946686,-0.7536520607986531,-0.5407379768830327,-0.37364556950456135
1103.9314221183852,103.64689128688639,143.91472533726255,-0.7557986089885533,-0.5335668361157818,-0.37957198796586955
1104.5940840491025,102.92556783793464,143.60292526370029,-0.7578878186891231,-0.5263060796879845,-0.38549703600171503
1105.2528365781254,102.20124057946742,143.2904812100976,-0.7599175929919584,-0.5189582394859946,-0.39141742108764827
1105.9076628442178,101.47394589857765,142.9772642937363,-0.7618859137188573,-0.5115260123508101,-0.3973298291913923
1106.558547366942,100.74372383884668,142.66314829922385,-0.7637908475499181,-0.5040122596612981,-0.4032309304977607
1107.20564511489,100.01042571239941,142.34792694497355,-0.7656310256099556,-0.49641800618462345,-0.4091189261805552
1107.8492511362779,99.27373952405566,142.0313247733004,-0.7674054922193817,-0.4887426444107955,-0.4149932987963434
1108.4888710487612,98.53426200483983,141.71345752752973,-0.7691112050655958,-0.4809951534022685,-0.42084631000648587
1109.1244967592534,97.79204741340453,141.3942086311364,-0.7707466290984684,-0.4731790246539864,-0.42667463524429267
1109.7561496723101,97.04712114747304,141.07344997201244,-0.772310410740092,-0.4652975500632591,-0.4324752239927732
1110.383834294482,96.29953381307428,140.75106509291595,-0.7738012608328844,-0.4573543847263216,-0.43824488075167106
1111.0075285398773,95.54937419428398,140.42695481737303,-0.7752179467248995,-0.449353684588564,-0.4439801811143288
