-0.5857090602100797,-0.03359184254325061,0.40502318960798434,0.35011175235652736,1.614845549153351,-2.1849320413752666
-0.5844657667339532,-0.03450979968064226,0.4059246382556658,0.3503756368097381,1.6147791379507965,-2.184919452567229
-0.5832253155131341,-0.035437087529364364,0.4068319561871281,0.3506473928426228,1.6147025335725147,-2.1849177364055565
-0.5819881602742256,-0.036374820227897064,0.40774649488161785,0.35092817855755704,1.6146140445826602,-2.1849289419271143
-0.5807548200453467,-0.03732413763530368,0.4086696054227922,0.35121916641654816,1.614512048102806,-2.184955145186909
-0.5795258724856325,-0.0382862020450975,0.4096025979771355,0.35152148461271404,1.6143949246384692,-2.1849984184583873
-0.5783019255291577,-0.03926218683964591,0.41054672415468757,0.3518361761550668,1.6142611841761294,-2.1850606212808232
-0.5770836295077757,-0.04025325944224244,0.41150313576596176,0.352164214167081,1.6141094775379101,-2.1851435442120772
-0.5758716214784456,-0.041260542261251074,0.4124728773302966,0.35250644338351445,1.6139385552605972,-2.185248710557302
-0.5746664823978321,-0.04228509910460129,0.41345684088565376,0.35286359946155454,1.6137473813942949,-2.18537747904319
-0.5734687200911879,-0.043327979455614535,0.4144558219328552,0.3532362900673792,1.6135350809764972,-2.185531021213676
-0.5722788192677044,-0.044390149210932726,0.4154704425058323,0.3536249897328787,1.6133009066761133,-2.185710216023937
-0.5710972100709426,-0.045472529052319466,0.41650121118062594,0.3540300640110733,1.6130442835990437,-2.1859158057318226
-0.5699242491089066,-0.04657596176544245,0.41754851639520185,0.35445177019030893,1.6127648330078828,-2.1861482878019016
-0.5687602607028793,-0.04770119064323981,0.4186126295705421,0.354890270927881,1.612462199523891,-2.1864080660499297
-0.5676054555741601,-0.048848894229724826,0.4196937877267324,0.3553456691133142,1.6121361731947517,-2.1866953613345945
-0.5664600317755273,-0.05001959556524318,0.4207921261232137,0.355818015089864,1.611786568369149,-2.187010311881229
-0.5653241215884866,-0.0512137158224526,0.42190773922745495,0.3563073079247502,1.6114132748954533,-2.187352992575151
-0.5641978013464769,-0.05243157067197586,0.42304069350482865,0.3568135336570165,1.6110162241053672,-2.1877234954334512
-0.5630811127772677,-0.05367340335830565,0.4241910336512952,0.3573366475859221,1.6105953206459205,-2.188121772768986
-0.5619740749082414,-0.054939403422972106,0.42535880050919594,0.35787661001940557,1.6101505020223612,-2.1885478040923174
-0.5608766925387488,-0.05622970949903026,0.4265440158163699,0.35843337123835184,1.6096817234489933,-2.189001562203194
-0.5597889370373152,-0.05754442959260791,0.4277466995602019,0.35900688558606286,1.60918895818088,-2.189483002768006
-0.5587107953248704,-0.05888363787928402,0.42896686752667246,0.3595970974105658,1.608672137579016,-2.1899920986221675
-0.5576422316259212,-0.060247395423907946,0.4302045494956023,0.3602039441166959,1.6081312735868112,-2.1905287782157132
-0.5565832220475585,-0.06163575548556753,0.4314597671179513,0.3608273808929038,1.607566338602912,-2.1910929980743843
-0.5555137881768359,-0.06307973627654667,0.43275992742710445,0.36148195601473565,1.6069628794077715,-2.1916996019606074
-0.554473799920913,-0.06451741988391657,0.4340502718969212,0.3621384193113119,1.6063497363636543,-2.192318824872828
-0.5534432704889237,-0.06597982375945222,0.4353582138330584,0.36281131783625326,1.6057124664636975,-2.192965440826285
-0.5524221760252427,-0.06746698475817633,0.4366837740797862,0.3635006187906679,1.6050510935717213,-2.1936394497932015
-0.5514104878803714,-0.06897894723153176,0.4380269726525654,0.36420627945933787,1.6043656028463276,-2.1943408074062605
-0.5504081691506183,-0.07051574579230979,0.43938782826703393,0.36492825017623715,1.6036559972079956,-2.195069438829438
-0.5494152143590331,-0.07207740469386364,0.44076634345824245,0.36566648141316305,1.6029223196987972,-2.195825241351656
-0.5484315700290687,-0.07366400030378256,0.44216257792564695,0.3664209550090817,1.602164552817547,-2.1966082091479904
-0.5474572295491136,-0.07527554898120156,0.443576520098689,0.36719162839059794,1.6013826948652181,-2.1974182600314975
-0.546492165462627,-0.07691209138510816,0.4450081913607822,0.3679784639084659,1.600576779534002,-2.1982553248793977
-0.5455563002555639,-0.07854268264769876,0.4464302131816652,0.36876681992019056,1.5997612897124043,-2.1991044579585175
-0.5446097174086194,-0.08022930292077302,0.44789737151665854,0.36958585933624766,1.5989073789281973,-2.1999952517194346
-0.5436723204091252,-0.08194104468678318,0.44938231574884535,0.37042097518799577,1.5980295203816026,-2.200912759369589
-0.5427441020958443,-0.08367791907332629,0.4508850422043995,0.37127210903713354,1.5971277614809054,-2.2018568732876442
-0.5418250278161019,-0.0854399566822393,0.45240556196229315,0.3721392449452182,1.5962021231924723,-2.2028274774829923
-0.5409150845442359,-0.0872271850295353,0.45394388778733585,0.37302234819640817,1.5952526560732365,-2.2038244972325685
-0.5400142424783905,-0.08903962647559249,0.4555000345843837,0.37392139793596685,1.594279407793738,-2.2048478133391027
-0.5391224729193405,-0.09087730565028071,0.4570740074667302,0.37483636926125674,1.5932824231806493,-2.205897333598548
-0.5382397568827099,-0.0927402359037736,0.45866581919685667,0.3757672334201434,1.5922617766320384,-2.20697295947667
-0.5373660716210917,-0.09462843518602455,0.4602754897963102,0.37671398340019985,1.5912175129639592,-2.2080745749061266
-0.5365013922075275,-0.09654191759886958,0.46190302606342293,0.3776765934481361,1.5901496707801512,-2.209202057566935
-0.5356456947923653,-0.09848069355564275,0.46354843394410566,0.3786550486600941,1.5890583216184893,-2.210355335914687
-0.5347989566258331,-0.10044477207457785,0.4652117305203138,0.37964933603692297,1.587943510324753,-2.211534317696694
-0.5339611587388557,-0.1024341545654798,0.46689291658440624,0.3806594506881975,1.5868052993440358,-2.2127388806003467
-0.5331322783684268,-0.104448842598559,0.4685920122067774,0.3816853706869033,1.5856437454493288,-2.213968932338105
-0.5323122846437652,-0.10648883090045683,0.47030901820529997,0.38272709413382844,1.5844589587275535,-2.215224350650405
-0.5315011656395082,-0.10855411496080206,0.4720439375335651,0.38378460313791257,1.583250963041722,-2.2165050163102595
-0.530698886658595,-0.1106446874440701,0.4737967783410088,0.3848578966215939,1.5820198867170803,-2.2178107893154166
-0.5299054168329769,-0.11276053484800083,0.4755675473793566,0.3859469637355406,1.5807657921513298,-2.2191415235777585
-0.5291207422107789,-0.11490161827443839,0.47735620953289165,0.387051783333494,1.5794887766125782,-2.2204970375786273
-0.5283448202436333,-0.11706797239049027,0.47916281042533027,0.38817237281746664,1.5781889050273463,-2.2218772682474652
-0.527577641872633,-0.1192595477830257,0.48098732167919955,0.3893087180503084,1.576866301291372,-2.223281983360164
-0.5268191664238837,-0.12147632439920364,0.48282973055739015,0.39046080604436784,1.5755210461085312,-2.22471104281845
-0.5260693570852417,-0.12371826490451217,0.4846900378760825,0.39162863190590824,1.5741532614307432,-2.2261642529465036
-0.5253282053386179,-0.12598530509876685,0.4865681984808592,0.3928121765215288,1.5727630816504985,-2.227641430719089
-0.5245956517914316,-0.12827745431079057,0.4884642482346287,0.3940114681293394,1.5713505570797963,-2.2291423967732245
-0.52387166899288,-0.1305946288669067,0.4903781487451837,0.395226485683699,1.5699158606181784,-2.230666965158224
-0.5231562281734365,-0.1329367714165494,0.4923098753511681,0.39645722513741327,1.568459084955009,-2.2322149003076617
-0.5224492925422535,-0.13530380965800015,0.4942594050400828,0.3977036875692338,1.5669803519605607,-2.2337860325035424
-0.5217508084617868,-0.13769566763667362,0.49622671100166754,0.3989658640463102,1.5654798285058575,-2.23538017103956
-0.5210607411824046,-0.1401122648721703,0.4982117625788412,0.4002437534694863,1.563957643113548,-2.2369969848790303
-0.5203790360413596,-0.1425535104404564,0.5002145218735755,0.4015373420171244,1.5624139414575837,-2.2386362805416384
-0.5197056523289607,-0.14501930602175497,0.5022349433319391,0.4028466226597477,1.5608488759050232,-2.240297822300116
-0.5190405413632082,-0.14750954286367657,0.5042729682150664,0.4041715756284077,1.5592626278309552,-2.2419812737207936
-0.518383643529495,-0.15002410469034066,0.5063285428766605,0.40551219196873306,1.5576553760579372,-2.243686348707163
-0.5177349002224588,-0.1525628722953895,0.5084015919317046,0.40686844674689693,1.5560273087950067,-2.245412716052769
-0.5170942508447773,-0.1551257145742811,0.5104920387720724,0.4082403172149377,1.554378607369486,-2.247160039414129
-0.5164616308106391,-0.15771250331279912,0.5125998109850854,0.4096277694924023,1.552709495801733,-2.2489279636549413
-0.5158369676319565,-0.16032309258576882,0.5147248081514156,0.4110307629695533,1.5510202030265305,-2.250716057181722
-0.5152202016992191,-0.1629573333634412,0.5168669348821687,0.41244926484822314,1.5493109317040705,-2.2525239385328177
-0.514611250518343,-0.1656150720444624,0.519026080016215,0.41388324124635856,1.547581929777968,-2.254351252435012
-0.5140100416172961,-0.16829614038894425,0.521202134201338,0.41533264559165917,1.545833438038872,-2.2561975197203368
-0.5134165044026173,-0.1710003698273619,0.5233949921774844,0.4167974350330873,1.5440657164236824,-2.25806226580994
-0.5128305545108036,-0.17372757282247103,0.5256045386887109,0.41827756898752,1.5422789698804764,-2.2599450593550525
-0.5122520965771902,-0.17647756608284298,0.5278306366231383,0.4197729967786664,1.5404735083608272,-2.261845471198834
-0.5116810659289687,-0.17925015266997296,0.5300731807147464,0.42128367853381976,1.5386495441779686,-2.2637630504663973
-0.5111173603519019,-0.1820451316732794,0.5323320378348164,0.42280957067918407,1.53680735374098,-2.265697318259771
-0.5105609094370283,-0.18486226077983656,0.5346070507321145,0.4243506140523124,1.534947208450916,-2.2676478232051465
-0.5100116105050718,-0.1877013910658541,0.5368981425047736,0.42590681261734814,1.533069326250208,-2.269614087218906
-0.5094693743957517,-0.19056226560329365,0.539205147978614,0.4274780993949925,1.5311740045528466,-2.2715956093065928
-0.5089341125446305,-0.19344465156156088,0.5415279379299782,0.42906442852192794,1.5292614796725672,-2.273591890597979
-0.5084057168310099,-0.19634831092029992,0.5438663674051802,0.4306657594354711,1.527332039782911,-2.2756024286587775
-0.5078840985171558,-0.1992729612576155,0.5462202662463824,0.4322820320518872,1.5253859812407113,-2.277626723405694
-0.5073691319161986,-0.20221842342902907,0.5485895236857402,0.4339132372413801,1.523423531834291,-2.2796642984997364
-0.5068607215162737,-0.20518439758543003,0.5509739736577594,0.43555930117751984,1.5214449660947253,-2.2817145091944324
-0.5063587361631473,-0.20817062333079378,0.5533734315220655,0.43722017801085544,1.519450600335523,-2.2837768122762014
-0.5058538209052097,-0.2112390456209373,0.5558375754420346,0.43893090330800955,1.5173989296798083,-2.285893189716705
-0.5053643643018961,-0.21426492020975985,0.5582665101510408,0.4406211980561892,1.5153738708289497,-2.2879778535001973
-0.5048809762870112,-0.2173101875346699,0.5607098920452749,0.44232609558128144,1.5133339352738688,-2.2900727444538544
-0.5044035305751157,-0.2203745453453041,0.5631675247426167,0.44404551509869417,1.51127942110206,-2.292177219381466
-0.5039318907859802,-0.2234576829758744,0.5656391953719172,0.44577937491365277,1.5092107199786795,-2.294290516438039
-0.5034659250985325,-0.22655927335810677,0.5681246698038962,0.44752758686962724,1.5071281316106537,-2.2964119670324887
-0.5030054904658638,-0.2296789961171533,0.5706237155937088,0.44929004664847555,1.5050320016871241,-2.2985408082453374
-0.5025504444929687,-0.23281651069847625,0.5731360899614302,0.4510666576253648,1.5029227339286138,-2.3006762303226456
-0.5021006375240114,-0.23597146776860756,0.575661535007962,0.45285731378125504,1.500800651767423,-2.302817493392939
-0.5016559160159966,-0.2391435078754623,0.5781997976556823,0.4546618915867285,1.4986661626210291,-2.3049637360503454
-0.5012253653273276,-0.2422700408815303,0.5807007494013667,0.45644517322133427,1.4965614065414088,-2.3070715438742324
-0.5007903078330842,-0.24547514942780735,0.5832638384771187,0.45827725589697293,1.4944031701342366,-2.3092252029171902
-0.5003598279319363,-0.24869622534592706,0.5858389229649041,0.46012290406524914,1.4922336181880838,-2.3113813196145374
-0.499933734730022,-0.2519328618196266,0.588425719217117,0.4619819894689876,1.490053159092517,-2.313538890593705
-0.49951183981919245,-0.255184621711426,0.5910238870492058,0.46385435651245005,1.4878621878397156,-2.315697055824214
-0.49909393044824524,-0.258451162260551,0.5936331962970385,0.46573991272090187,1.4856610337271348,-2.31785491290465
-0.4986798028132251,-0.2617320176758542,0.5962532994216033,0.4676384949166035,1.48345012874758,-2.3200114349125442
-0.49826925470300276,-0.2650267605225567,0.5988838877994596,0.46954994969084896,1.4812298293870498,-2.3221656679115936
-0.4978620681398011,-0.26833494953349507,0.6015246263715668,0.47147412052011006,1.4790005897350453,-2.324316610877273
-0.4974580514567159,-0.27165610192730477,0.6041751563470341,0.47341082416454655,1.476762793567397,-2.3264631890742944
-0.4970569804112318,-0.2749898497817853,0.6068351892138792,0.4753599458532989,1.4745168167124945,-2.328604404409563
-0.49665865105127793,-0.2783356968070446,0.6095043411622953,0.47732127698142646,1.472263067769481,-2.3307391350693707
-0.49626286401475567,-0.28169318548420963,0.6121822616012587,0.47929464020009294,1.470001986921781,-2.3328662118996677
-0.49586941635055604,-0.28506186440357917,0.614868568027702,0.4812798463123052,1.4677339803449683,-2.334984586859818
-0.49547811137510517,-0.2884412537950456,0.6175629087812965,0.48327670758398467,1.4654594294741883,-2.3370930678925905
-0.495088740720219,-0.29183088999773277,0.6202648914346227,0.4852850257173422,1.4631787746182767,-2.339190413990255
-0.4947010955393467,-0.2952302889883167,0.6229741455208838,0.48730460563581846,1.4608924218205486,-2.341275505945066
-0.49431496740333736,-0.29863898101699665,0.6256902725178783,0.4893352519603965,1.4586007876697606,-2.3433471262111736
-0.49393014752688125,-0.30205647923724976,0.6284128961217839,0.49137676073040737,1.4563042065660001,-2.345404012878126
-0.49354640942565525,-0.3054822889333698,0.6311416229557139,0.49342893824639233,1.4540031195374952,-2.3474449739230123
-0.49316352671753216,-0.3089159253007633,0.6338760841877473,0.4954915711888731,1.4516978837329617,-2.349468719887861
-0.49278126386791876,-0.3123568837650408,0.6366158678761792,0.49756447055465647,1.4493888930026686,-2.351473965441045
-0.4923993825074384,-0.3158046614793598,0.6393605871706591,0.4996474319226799,1.4470765284187308,-2.353459492250738
-0.4920176322689078,-0.3192587331516023,0.6421098421674231,0.5017402544259646,1.4447611241404217,-2.3554239438106777
-0.4916357598468166,-0.32271859813310166,0.6448632275753695,0.5038427234880871,1.4424430616141422,-2.357366032756764
-0.4912535148687437,-0.32618373851224175,0.6476203564312235,0.5059546316505183,1.4401226743382665,-2.359284421132989
-0.49087065003216246,-0.3296536500286571,0.6503807991623021,0.5080757572421823,1.4378003202044538,-2.361177752884598
-0.4904869089290703,-0.3331278116398094,0.6531441627043413,0.5102058688903888,1.4354763566411437,-2.363044594297958
-0.49010203538588815,-0.33660571028411224,0.6559099997200903,0.5123447420169456,1.4331511772033139,-2.364883565834134
-0.4897157641793403,-0.34008683637690496,0.6586778870402668,0.5144921262815303,1.4308251037434898,-2.3666931894139056
-0.48932782391720736,-0.34357065380967955,0.6614473957234679,0.5166477842915391,1.428498493797548,-2.3684720070129344
-0.4889379555342064,-0.3470566467166375,0.6642180726100321,0.5188114527844021,1.4261716931405828,-2.3702185680799968
-0.4885458864457336,-0.3505442461801035,0.6669894496387947,0.5209828381714623,1.4238450513011913,-2.371931300634964
-0.48815134200765287,-0.35403301072787186,0.6697611338438776,0.5231617239507529,1.4215189062943068,-2.3736087193039968
-0.48775404992357607,-0.35752236233371165,0.672532633298399,0.5253478096374038,1.4191935718629138,-2.3752492325052286
-0.487353735655206,-0.36101176759965786,0.6753034889529047,0.5275408218914293,1.4168694296249185,-2.3768512858962936
-0.48695012540307925,-0.36450069007931346,0.6780732479257465,0.529740467821697,1.4145467774417115,-2.3784132391507056
-0.4865429377380651,-0.36798854283444965,0.68084140036867,0.5319464473753136,1.4122259529828,-2.37993354596743
-0.4861318887122049,-0.37147486948946484,0.6836075591629567,0.5341585091328248,1.4099071989990817,-2.3814105971036725
-0.48571670033744757,-0.37495908325517285,0.6863712266022809,0.5363763403577331,1.407590817161028,-2.38284270843547
-0.48529709194154436,-0.37844062652399535,0.6891319135746606,0.5385996436813606,1.4052771058236404,-2.3842283007970426
-0.48487277201514345,-0.3819189512809931,0.6918891734281033,0.5408281204558811,1.4029663268915384,-2.385565663297194
-0.4844434455291094,-0.3853935062180282,0.694642511494107,0.5430614726466942,1.4006587426348716,-2.3868531509526294
-0.4840088108607122,-0.3888637335549783,0.6973914682921191,0.5452993789872984,1.3983545680099096,-2.388089041013791
-0.48356855871676085,-0.3923290914308309,0.7001355556051911,0.5475415230036034,1.396054100626992,-2.3892716946972996
-0.4831223694969039,-0.3957890367722475,0.702874295979359,0.5497875714194891,1.3937575436015663,-2.3903993649027884
-0.4826699131329994,-0.3992430189380052,0.7056071953620247,0.5520371899877177,1.3914651229508082,-2.3914703417515737
-0.4822108648052754,-0.40269050450737537,0.7083337650174706,0.5542900330242005,1.3891770532245686,-2.3924828610941917
-0.4817548818352003,-0.40606285539137676,0.710999819188919,0.556500439642079,1.3869387649293343,-2.393421794995783
-0.4812712540758798,-0.40956337585458047,0.713765563762778,0.5588039960116774,1.384615041799833,-2.394322628136763
-0.48079035690590843,-0.41298809164820816,0.7164701921927352,0.5610643494656806,1.3823412776917139,-2.395149198435928
-0.48030146115446,-0.41640412343575034,0.7191665121092903,0.5633264492511536,1.3800726631914386,-2.3959102304454465
-0.47980422114606813,-0.4198109169324324,0.72185402286459,0.5655899079748543,1.3778093890289624,-2.396603936188865
-0.4792982811881036,-0.4232079315602526,0.7245322226870763,0.5678543263874054,1.3755516227331412,-2.3972285192425833
-0.4787832847274859,-0.4265946141996572,0.7272006179984138,0.570119293138849,1.3732994947744999,-2.397782152239131
-0.4782588798645271,-0.4299703786533847,0.7298586460827372,0.57238435810319,1.3710531753141566,-2.398263013287936
-0.47772468744896057,-0.43333475691538226,0.732505875481585,0.5746491519918188,1.368812741954386,-2.398669301475684
-0.47718034185593283,-0.43668715221181476,0.7351417686014244,0.5769132008700666,1.3665783641404743,-2.3989992039181685
-0.4766154734151109,-0.44009509678074576,0.7378195056862566,0.5792213706392623,1.3643049191887342,-2.399264255350988
-0.4760474508937814,-0.443419113098949,0.7404285710522117,0.5814821293598321,1.3620842146887042,-2.399419562161569
-0.4754704091051458,-0.4467321681692704,0.7430272894905889,0.5837411465820836,1.3598686131269746,-2.399509348843628
-0.47488170213842174,-0.45003103478426565,0.7456125954521141,0.5859975480719783,1.3576594007484628,-2.3995154743369653
-0.4742809257913194,-0.4533151022572609,0.7481839128471315,0.5882507846982599,1.3554566849663359,-2.3994360354010613
-0.47366767803353005,-0.4565838049968045,0.7507407077670423,0.590500329386493,1.353260522464359,-2.399269208352763
-0.47302750528077153,-0.4598996886374952,0.7533314187924105,0.592789886939569,1.35102793258408,-2.398997722378067
-0.47238808097251894,-0.4631359144482762,0.75585746884543,0.5950303403427334,1.348845051319489,-2.3986506120511253
-0.471734928533124,-0.4663550002405639,0.7583672937472429,0.5972653518674094,1.3466689173907156,-2.3982105827691327
-0.471052575790632,-0.469618233254738,0.7609081360132549,0.5995380096096632,1.3444568740579341,-2.397654138949207
-0.47037062366792837,-0.4728011778438749,0.7633837110442812,0.6017602001191888,1.3422942642847289,-2.39702270573718
-0.46968620063843447,-0.47590017431985243,0.7657905215197502,0.6039300778220585,1.340182217548866,-2.3962987077417095
-0.4689735948816218,-0.479044439355642,0.7682293893761483,0.6061367196343519,1.3380333028842102,-2.395468561775135
-0.4682449215030243,-0.4821683785949389,0.7706489505785512,0.6083344683375309,1.3358912784998467,-2.39453627052377
-0.4675161732431108,-0.4852112817189035,0.7730024737440857,0.6104797810223083,1.3337982356751468,-2.393530432444976
-0.46675387100362026,-0.488292551951513,0.7753814111302916,0.6126573329962731,1.3316700658329865,-2.3923884728895075
-0.46598801035741455,-0.4912883232149234,0.7776900096886621,0.6147792504400598,1.3295919245282248,-2.391154438268984
-0.46518995233684846,-0.4943241349478182,0.7800255829491277,0.616933178200948,1.327477747268233,-2.3897956703484624
-0.4643731879093005,-0.49733613019225553,0.7823383880432004,0.61907391087246,1.3253706015059095,-2.3883258363172444
-0.46353320303742906,-0.5003184844252602,0.7846228304762106,0.6211974422346863,1.3232719623665217,-2.386720310523265
-0.4626773632237875,-0.5032805465584161,0.7868878261718948,0.62330881450251,1.32117902563742,-2.385023167874158
-0.4618011022544891,-0.5062165366782216,0.789127824122734,0.6254039850753685,1.3190931711180638,-2.3832097764604443
-0.46090383460548934,-0.5091256165643165,0.7913419846757932,0.627481865151266,1.3170145045851371,-2.3812784925659116
-0.45998495649921656,-0.5120069606061286,0.7935295046562956,0.6295413185379957,1.3149430461888414,-2.3792276276489246
-0.4590059526243248,-0.514973418068654,0.7957755884348842,0.6316622555433881,1.3127963148595285,-2.376968027682801
-0.45804203574135516,-0.5177966589671769,0.7979073210413219,0.6336813366018141,1.3107394626478708,-2.3746732467867444
-0.45705463866142926,-0.5205895379783986,0.8000099061029161,0.6356784155118135,1.3086899431949464,-2.372254103981368
-0.4560431326290282,-0.5233510783215043,0.8020824398971271,0.6376521960627102,1.3066478739888852,-2.369709082042243
-0.4550068493486199,-0.5260803108979466,0.8041239950103701,0.6396013403707201,1.3046133030601794,-2.367036660735323
-0.4539398966986898,-0.5287693640812418,0.8061270756621525,0.6415189835516864,1.3025879045241482,-2.3642093553663246
-0.4528520376002305,-0.5314309472955241,0.8081038784139863,0.6434146641255694,1.3005686761179391,-2.361277834851387
-0.4517373425566342,-0.5340571176358999,0.8100468120163115,0.6452814111021702,1.2985573275663738,-2.3582146743823045
-0.4505951084801234,-0.5366467937447652,0.8119548844947999,0.647117683642248,1.2965539775886499,-2.3550185540933284
-0.44937899363110156,-0.5392749549835893,0.8138809272636238,0.6489739896814861,1.2944942464917262,-2.351547328462516
-0.4482009099066989,-0.5417345288689492,0.8156761243899424,0.65070617852652,1.2925479345872304,-2.3481386392648345
-0.44697163976931886,-0.5442077417038109,0.8174731641700277,0.6524412710952916,1.2905697753008951,-2.3445360921096836
-0.44571185173637956,-0.5466396897654974,0.8192309533132842,0.6541392171561554,1.2886004839004925,-2.34079567836053
-0.44442078763212256,-0.5490290642079589,0.8209483145210967,0.655798207432867,1.2866403354116018,-2.336916368431082
-0.44309768260483795,-0.5513745084433836,0.8226240415953384,0.6574164041589874,1.2846896800364052,-2.3328971020177733
-0.4417659880651771,-0.5536246727670896,0.8242205090969876,0.6589567250903641,1.2827884983697375,-2.3288075579244265
-0.44037648858293,-0.5558780222199868,0.8258092785275721,0.6604876362960028,1.2808578914632789,-2.324505656761346
-0.4389526353446193,-0.5580830845268596,0.8273526512638725,0.6619719526226759,1.2789379767138174,-2.3200611676139373
-0.43749365872203255,-0.560238313726343,0.8288492961398304,0.6634076457566536,1.2770292432712864,-2.315473395575077
-0.43604438925846944,-0.5622659916660109,0.8302439724115473,0.6647405589523728,1.2751968392411897,-2.3108826208266806
-0.4345128399691187,-0.5643167383767422,0.8316430967314858,0.6660727948151759,1.2733122102678407,-2.3060066443051825
-0.43294384581376943,-0.5663127526928236,0.8329913627918217,0.6673501075603838,1.2714406341038313,-2.300985882950556
-0.43133663031093494,-0.5682522874022602,0.8342873278299819,0.6685703267207372,1.269582839565365,-2.295820056936236
-0.4296904471030215,-0.5701335851427203,0.8355295498688804,0.669731277793477,1.2677396474854872,-2.2905089692992986
-0.4280045689321549,-0.5719547789998686,0.8367165214923247,0.670830709056834,1.2659119506936265,-2.285052557021436
-0.42627822228836865,-0.5737140463646604,0.8378467566990195,0.6718664170206552,1.2641006594907567,-2.27945061836657
-0.4245107175879983,-0.5754094384113739,0.8389186953261302,0.6728361397632825,1.2623067958755343,-2.2737032988321175
-0.4227013404723586,-0.5770389743186182,0.8399307864133589,0.6737376160402121,1.2605314110921797,-2.2678106285480113
-0.4208494016649979,-0.5786006177365948,0.8408814637337101,0.6745686130997669,1.2587756591635326,-2.261772815805841
-0.41895426858332063,-0.5800922429161623,0.8417691157304064,0.6753268647818131,1.2570407778019614,-2.2555900924995966
-0.41701524612853424,-0.5815117033209887,0.8425921716809398,0.6760101593696077,1.2553280133968512,-2.2492625970546785
-0.41503174578147456,-0.5828567150383901,0.8433490040036205,0.6766162695508711,1.2536386963624606,-2.2427907697719207
-0.4130031899025347,-0.58412490251416,0.8440379653897836,0.6771429982666433,1.251974307883208,-2.236174950789041
-0.4109290177147965,-0.5853138075358122,0.844657430958516,0.6775881796595669,1.2503363230509792,-2.2294157057833557
-0.40880870770937816,-0.5864208434205351,0.8452057616858724,0.6779496859737748,1.2487263272552496,-2.2225136070105123
-0.406641768510022,-0.5874432940661318,0.8456812799521402,0.6782254208247225,1.247146004836327,-2.215469376337785
-0.40442775575530165,-0.5883784518312212,0.8460823495369467,0.6784133502160756,1.245597104520101,-2.2082838177582857
-0.4021662494626398,-0.5892235401820702,0.8464073101907643,0.6785114665430385,1.2440815019014932,-2.200957939422301
-0.3998569036895894,-0.5899758521710374,0.8466545141720075,0.6785178435866157,1.2426011240310628,-2.1934928548584707
-0.3974994353671029,-0.5906327475388778,0.8468223225142154,0.6784306278277654,1.241158009244387,-2.1858898753770175
-0.3950936330360797,-0.5911917171420857,0.8469090923285847,0.6782480316013832,1.2397542841242994,-2.178150415000823
-0.39263939227484246,-0.5916504125759889,0.8469132360826521,0.677968397585009,1.2383921730244083,-2.170276182895043
-0.39013667741699687,-0.5920065981876931,0.8468331938691961,0.6775901522119896,1.2370739700796634,-2.162269094174758
-0.3875856015670316,-0.592258152611074,0.8466674381218098,0.6771118828879168,1.2358020897751714,-2.1541312865621762
-0.384986382306003,-0.5924030793070585,0.846414508692773,0.6765323380858574,1.234579035319169,-2.1458653349227688
-0.3823393834045117,-0.5924394519069032,0.8460730061363406,0.6758504087356826,1.233407399658907,-2.137474013522376
-0.3796451291773295,-0.5923654239841221,0.8456416537733673,0.6750652310895034,1.232289846726502,-2.128960603688699
-0.37690435268545064,-0.5921791553556113,0.8451192305593509,0.6741761538485378,1.2312291340710004,-2.1203288722857905
-0.3741178678980493,-0.5918788351353945,0.8445046628137347,0.6731827503568226,1.2302280503125105,-2.1115827149479287
-0.37128675322652926,-0.5914626250580433,0.8437970029283206,0.6720848946118978,1.2292894650643946,-2.102726842528932
-0.36841221337417274,-0.5909286453016471,0.842995446814335,0.6708827170280955,1.2284162948540511,-2.0937663443074372
-0.3654956124786988,-0.5902750386577231,0.8420993442712813,0.66957665339945,1.227611464138107,-2.084706644692028
-0.3625385120368563,-0.5894999893150825,0.8411082067097766,0.6681674413882319,1.226877941981749,-2.075553735513097
-0.3595424868705173,-0.5886017557043224,0.8400216705580945,0.6666560607006999,1.22621862027531,-2.0663136698777635
-0.35650934465180806,-0.5875787634794682,0.8388395807035423,0.66504382175317,1.2256363876154182,-2.056992903367461
-0.35344095264178177,-0.5864295907354495,0.8375618778926324,0.6633322681573659,1.225134090784286,-2.047598007099475
-0.3503392699967002,-0.5851529831913254,0.8361886451792913,0.6615231999131211,1.22471447369727,-2.038135593801326
-0.34720630231285765,-0.5837478739817683,0.8347201030863602,0.6596186375185085,1.2243802422704788,-2.0286121123286307
-0.3440440605741081,-0.5822133057968031,0.8331565441135838,0.6576207809169048,1.2241339699446485,-2.019033861975038
-0.34085453907668994,-0.5805485373439737,0.8314983969914664,0.6555320076452134,1.2239781494024782,-2.009406857310455
-0.3376396986659014,-0.5787529209940601,0.8297461211871507,0.6533548043809333,1.2239151521850657,-1.9997367911826813
-0.3344014555792853,-0.5768259658537573,0.8279002584556039,0.6510918160971514,1.2239472677172785,-1.9900289971050937
-0.3311416544855973,-0.5747672846423711,0.8259613751051618,0.6487457428184925,1.224076617723051,-1.980288350430635
-0.3278620571976265,-0.5725765872132428,0.8239300917088912,0.6463193403110153,1.2243053002719422,-1.970519258243553
-0.3245643439360393,-0.5702536928560008,0.8218070452923343,0.6438154494043772,1.2246352940597376,-1.9607257769800526
-0.32125008919949566,-0.5677984603830566,0.8195928923826188,0.6412369280687983,1.225068483159896,-1.950911575715145
-0.31792078201246066,-0.5652108460918441,0.8172883293311628,0.6385867056560756,1.2256066789346505,-1.9410799468775053
-0.31457784388678856,-0.5624908441495734,0.8148940297100722,0.6358677146223173,1.2262515858743654,-1.9312339063042145
-0.31122261137635937,-0.5596384802464754,0.8124106741329029,0.6330829211160335,1.2270049098041227,-1.9213762300296366
-0.30785637336886573,-0.5566538359687598,0.8098389945565856,0.6302353370485335,1.2278681872514654,-1.9115095180723074
-0.30448035358207515,-0.5535369966480033,0.8071797194783287,0.6273280069538216,1.2288429695057517,-1.901636141975223
-0.30109573027521214,-0.5502881033211707,0.8044336163389034,0.6243639895218394,1.229930673572062,-1.8917584507317315
-0.29770365078485667,-0.546907287247592,0.8016014838838018,0.621346395977642,1.2311326701655276,-1.8818786615001044
-0.2943052259058277,-0.5433946695300648,0.7986841283272156,0.6182783850985261,1.2324502726113906,-1.871998979581042
-0.29090154711573957,-0.5397504389861055,0.7956824242105867,0.6151631218739539,1.2338846351034705,-1.862121538701274
-0.28749370967325305,-0.5359748293611404,0.7925973091631391,0.612003871457435,1.2354368786095051,-1.8522486142261527
-0.28408268751221505,-0.5320680604493617,0.7894296693272935,0.6088038015825348,1.2371080418385076,-1.8423821288675868
-0.2806695703432631,-0.5280306681005783,0.7861805597165571,0.6055662361657681,1.2388990524972656,-1.832524333484821
-0.27725546070724044,-0.5238633339471874,0.7828510493940797,0.6022944909747252,1.2408107357748919,-1.8226774465816675
-0.27384150008847213,-0.5195670273045977,0.7794422924117925,0.5989919435296883,1.242843780391513,-1.8128437555826054
-0.27042893309924065,-0.5151429912004133,0.7759555772556923,0.5956620706869146,1.244998751963044,-1.8030258338124328
-0.26701898992830947,-0.5105926400580131,0.7723922275328619,0.592308316291826,1.247276071807255,-1.793226022624458
-0.2636131637455925,-0.5059179981860652,0.7687538509873505,0.5889343389704393,1.2496759569099822,-1.7834473342737056
-0.2602131152417403,-0.5011215929478852,0.765042203025861,0.5855438500604919,1.252198362505203,-1.7736929666045966
-0.2568207106929556,-0.4962066276195884,0.7612593010036377,0.5821407494071863,1.254842999685377,-1.7639665641341935
-0.25343800634692926,-0.49117691974733335,0.7574074455649565,0.5787290720438236,1.2576092723736907,-1.7542721797924856
-0.25006719994578325,-0.4860367383188233,0.7534892332803664,0.5753130312374382,1.2604962176684693,-1.7446144669450063
-0.24671059220559888,-0.48079070399946316,0.7495076642381122,0.5718970559961605,1.2635024024375299,-1.7349987019395143
-0.24337053947678697,-0.47544356688368195,0.7454661047491045,0.5684857602470459,1.2666259693077904,-1.7254307674676739
-0.2400494133558201,-0.4700001011866789,0.7413683168490323,0.565083953165366,1.2698645082482585,-1.7159171780875
-0.23674960829329414,-0.4644650751251859,0.737218478644138,0.5616965816611923,1.273215110621345,-1.7064650263146177
-0.2334735321186674,-0.4588433356967556,0.7330211081507116,0.558328720177309,1.2766743684025301,-1.6970819137456146
-0.23022362414760134,-0.4531399148731026,0.7287810329078439,0.5549854861884298,1.2802383466578249,-1.687775771086899
-0.22700232416672145,-0.4473599711596975,0.7245033207549709,0.5516719854295631,1.283902718288914,-1.6785547028124483
-0.223812018703239,-0.4415087108422554,0.7201932031094898,0.548393208808946,1.2876627390091244,-1.6694267924360588
-0.2206550128053344,-0.4355913252267456,0.7158560023529859,0.5451539780107837,1.2915133664671885,-1.660399990706867
-0.21753350113045755,-0.4296129774474366,0.7114970204805402,0.5419588758262535,1.295449413716676,-1.6514817966692932
-0.21444951925819994,-0.4235788422950989,0.707121457358727,0.5388121345858977,1.2994655062853895,-1.6426791467610429
-0.2114049786889005,-0.4174942159100269,0.7027343350062608,0.5357176324135893,1.3035563077077086,-1.6339983619617897
-0.20840150746368558,-0.41136434549548256,0.6983402405917559,0.5326786698616999,1.3077167289481053,-1.6254444935416132
-0.2054406321975172,-0.40519484280790435,0.6939435177554472,0.5296981767249846,1.311941710936162,-1.617021963718821
-0.20252358897293093,-0.3989912527429766,0.6895480347944385,0.5267785563924633,1.3162265642272246,-1.6087340312439324
-0.19965124714178195,-0.39275886306898544,0.6851572246317005,0.5239216849060468,1.3205669306953154,-1.600582932698171
-0.19682412887833073,-0.3865025802693623,0.6807740960203261,0.5211290178558443,1.324958779940539,-1.5925700474164841
-0.19404227861261097,-0.38022656839752644,0.6764010602521922,0.5184014783794055,1.3293985802159796,-1.5846955899019464
-0.19130550672020163,-0.3739346815675262,0.6720402488722754,0.5157397035929336,1.3338830580354055,-1.5769593013910252
-0.18861332835822536,-0.36763020237001454,0.6676933561831575,0.5131439696970204,1.3384093098645509,-1.5693602687219823
-0.18596502592196415,-0.3613159723228918,0.6633617275337955,0.5106142627885291,1.3429748154779986,-1.5618970449314928
-0.18335972327734176,-0.35499441717460056,0.6590464357658604,0.508150365312251,1.347577298085787,-1.5545678061823083
-0.18079643759028663,-0.3486675806136844,0.6547483054289216,0.5057519126232961,1.3522147474636994,-1.5473705896412526
-0.17827408050577312,-0.3423371023519948,0.6504679841016753,0.5034184051081154,1.3568854069763916,-1.5403032813291475
-0.17579149306296493,-0.33600419208327137,0.6462059747203327,0.5011492783523934,1.361587659278382,-1.533363822492504
-0.1733474680530435,-0.32966971130678785,0.6419626863032718,0.49894393458456676,1.3663200105405964,-1.526550171372071
-0.17094080297250153,-0.3233342799077391,0.6377384764271653,0.4968017658040765,1.371081101827599,-1.519860456333538
-0.16857033105515065,-0.3169984371747631,0.6335336454740158,0.4947221806070061,1.3758696967495438,-1.5132930591754756
-0.16623494824940507,-0.3106627404493267,0.6293484771396592,0.49270459028490166,1.380684588001202,-1.5068464869275773
-0.16393363198842187,-0.30432785148166486,0.6251832778958004,0.49074845988411797,1.3855246461702677,-1.5005195262051985
-0.16166543054367716,-0.2979945479374905,0.6210383611888559,0.4888532813791954,1.3903887477401669,-1.494311173293147
-0.15942947816839953,-0.2916637685308345,0.6169140846168859,0.48701858683108695,1.3952757841285233,-1.488220772442719
-0.15722499045757843,-0.2853365865442541,0.6128109096525705,0.48524398122941365,1.4001846016455146,-1.4822479684208587
-0.15505127519458634,-0.279014244264134,0.6087293582521922,0.48352911159393985,1.4051139222067945,-1.4763926873548598
-0.15290777121564147,-0.2726982475781412,0.604670147625491,0.4818737301001576,1.4100623411073,-1.4706553623523746
-0.1507939401001977,-0.26639010778663136,0.6006339619750647,0.48027757077511807,1.4150284501556143,-1.4650365363160518
-0.14870941671995047,-0.26009179785016273,0.5966217899394821,0.4787405007416424,1.420010472881279,-1.4595373669865352
-0.1466539050695822,-0.25380543656714993,0.5926347729314315,0.4772624347497484,1.4250065275692918,-1.4541592756455657
-0.1446271766335329,-0.24753330973172893,0.5886742012885449,0.4758433090378048,1.4300144668990469,-1.4489040713924397
-0.14262910649408378,-0.24127788865244212,0.5847416134644107,0.4744831523075163,1.435031871530407,-1.4437739446235014
-0.140659578491363,-0.23504147894883118,0.5808385373107854,0.47318195011529696,1.4400562499558078,-1.4387712532015484
-0.13871863256112638,-0.2288266451254401,0.5769668117223645,0.47193977462380166,1.4450847528319173,-1.4338987441899236
-0.13680635413158304,-0.22263591726045034,0.5731283182524323,0.4707566657707446,1.4501143882113752,-1.4291593184503426
-0.1349228634107028,-0.21647188060362055,0.569325025661189,0.4696326402651423,1.4551420567150104,-1.424556023419882
-0.1330683056963128,-0.21033720535812392,0.5655589365629339,0.4685676712954191,1.4601645756277661,-1.4200918749555627
-0.13124283645283014,-0.20423462653691474,0.5618320582732437,0.4675617004104723,1.4651787612653493,-1.415769977533523
-0.12944658775487028,-0.19816690136511994,0.5581463410203682,0.46661457145780927,1.4701814914146325,-1.411593282177148
-0.1276796808942084,-0.1921367568423875,0.5545036317719436,0.46572605908600195,1.475169664958912,-1.4075646677547524
-0.1259422069518518,-0.18614682275278938,0.5509056418378606,0.4648958582478116,1.4801403870426042,-1.4036867985112735
-0.12423421879395632,-0.1801996023657125,0.547353908909527,0.4641235576356564,1.485090927955048,-1.3999621656345993
-0.12255570732136006,-0.17429748662699468,0.5438498334212809,0.46340868143174846,1.490018757840187,-1.3963929932164547
-0.12090656988816803,-0.16844273645871938,0.5403945897300659,0.4627506236807676,1.4949215906815199,-1.392981276982971
-0.11928662523585806,-0.1626375260092999,0.5369891673387499,0.4621487206313958,1.4997974324970074,-1.3897287885849778
-0.11769560241018624,-0.15688390997603535,0.5336343469793988,0.4616022115955317,1.5046445700165123,-1.386637034649209
-0.11613317133679324,-0.15118380003144977,0.5303307127051994,0.46111027104154517,1.5094615012846362,-1.3837073858458666
-0.11459895622485376,-0.14553889626422745,0.5270786819936533,0.4606720263476717,1.5142470066875489,-1.380940958624319
-0.11309253198141675,-0.1399506083269202,0.5238784810497434,0.46028654419986026,1.5190000410056086,-1.3783387821951352
-0.11161343473732224,-0.13442005552132202,0.5207302055819767,0.45995286229297394,1.5237198253421638,-1.3759017229650454
-0.11016113674195688,-0.12894808470331753,0.5176338493417276,0.4596699701450163,1.5284056961818464,-1.3736305239600597
-0.10873506803299299,-0.12353536333455536,0.5145892811458637,0.45943684257083817,1.5330571648415456,-1.3715258763913767
-0.10733463346097061,-0.11818244925855623,0.5115963046148139,0.45925243944987243,1.537673905240979,-1.3695884203721107
-0.10595921750963733,-0.11288981278809018,0.5086546333782053,0.4591156969572438,1.5422556951453656,-1.3678186959015306
-0.1046082306243008,-0.10765790732162514,0.5057639622639087,0.4590255670942597,1.5468023232020527,-1.3662172686347844
-0.1032810459469129,-0.10248684370397995,0.502923823011399,0.45898096872211197,1.5513138381903786,-1.3647845775072027
-0.10197708066439085,-0.09737674009353015,0.5001338208261288,0.45898084227730324,1.5557902000278658,-1.3635210483861442
-0.10069573478184175,-0.09232751675051958,0.49739350877893285,0.45902410526473714,1.5602314163296114,-1.3624271428576435
-0.09943639539541778,-0.08733899119583981,0.4947024159660046,0.45910967664229785,1.5646375748202785,-1.3615031861215585
-0.09819846692530518,-0.08241105483948559,0.49206011788171794,0.45923648161505637,1.5690086570413087,-1.3607495310278181
-0.09698132225355813,-0.0775434837418146,0.4894660449043229,0.4594034353152708,1.5733448982842788,-1.36016642233202
-0.09578439602584084,-0.07273630087589851,0.48691973389210264,0.4596094431355653,1.5776463916403145,-1.3597540848876974
-0.0946071258746013,-0.06798948971068626,0.4844206660276541,0.4598534159483094,1.5819132759704302,-1.3595127182033366
-0.09344894770067746,-0.06330296066584254,0.48196831114944416,0.46013424657374313,1.5861456865380206,-1.3594423970641856
-0.09230929155616927,-0.05867654610413382,0.4795621477403927,0.46045081448432656,1.5903438022280625,-1.3595431094585138
-0.0911875799877663,-0.05411003154929404,0.4772016717058136,0.46080199442342007,1.594507726129848,-1.3598147806924543
-0.090083228212686,-0.04960320212981344,0.47488636793377736,0.461186622926293,1.5986375815899692,-1.3602572350958213
-0.08899566307352166,-0.045155934829934095,0.4726157143107059,0.4616035535468811,1.602733507584776,-1.3608702072160554
-0.0879243267872301,-0.04076820127805547,0.47038916908233547,0.46205160827912406,1.6067956392936253,-1.3616532951240174
-0.08686867920054553,-0.03644003789609655,0.46820619281116366,0.46252958910303765,1.6108241436351818,-1.362606021845113
-0.08582817828393559,-0.03217145902937375,0.4660662423795259,0.46303629555152953,1.6148191715124653,-1.3637278237575174
-0.0848022626836233,-0.027962376494335216,0.4639687642272975,0.46357050825634327,1.6187808223381466,-1.365017941323265
-0.0837903611554907,-0.02381263531554225,0.461913221044216,0.46413097572525996,1.6227092113111894,-1.3664755245878837
-0.08279189314716291,-0.019722028968220683,0.4598990684056389,0.46471644022191755,1.62660443777811,-1.368099552151898
-0.08180628423903968,-0.015690387922877847,0.4579257579309456,0.4653256173180381,1.6304665613509315,-1.3698889271860708
-0.08083297715399596,-0.011717621443695236,0.45599274618262486,0.46595723126684585,1.6342956257511105,-1.3718424417809842
-0.07987141684515109,-0.0078036537311120925,0.45409945609046076,0.46660998003341947,1.6380917422531298,-1.3739587171355765
-0.07892102979239937,-0.00394838547600358,0.4522453519192993,0.4672825486506682,1.641854887811712,-1.37623631748894
-0.0779811226640355,-0.0001513860961466662,0.4504298231567191,0.4679736326792081,1.6455851998338176,-1.3786737591677025
-0.07705092020903806,0.003587866705991871,0.4486523144211219,0.4686819207898935,1.6492826831432126,-1.3812694199348357
-0.07612952646811308,0.007270120590312956,0.44691225209991786,0.46940611556199197,1.6529473695515207,-1.3840217452785624
-0.0752159636690429,0.01089625437385422,0.4452090267113135,0.4701449247116997,1.6565794179738305,-1.386929226196355
-0.0743092261561479,0.014467123834131712,0.4435420196304449,0.47089710342601876,1.660179021961767,-1.3899905123742429
-0.0734082870269063,0.01798366735707475,0.44191048473030037,0.4716614654215633,1.6637466607094553,-1.3932046158715934
-0.07251219725411602,0.02144661288097609,0.4403136708949944,0.47243684780341366,1.6672828892872986,-1.3965707279751427
-0.07162004688036133,0.024856643575712666,0.4387507418170344,0.4732221550740491,1.6707884668937367,-1.4000884974971313
-0.07073098015868809,0.028214390978527605,0.437220802382285,0.47401635494572214,1.6742643031594184,-1.4037579657625314
-0.06984419171988562,0.03152039668546962,0.43572291387162637,0.47481845504781006,1.677711506699643,-1.4075795141970275
-0.06895894941179961,0.03477504188067968,0.4342561234279401,0.4756275145293998,1.681131266177431,-1.4115539122302607
-0.06807462571858522,0.03797848663793957,0.4328194587336043,0.4764426057149862,1.6845247889301505,-1.4156821545735738
-0.06719071778778059,0.04113060164218467,0.43141197862953506,0.4772628053718364,1.6878932639617688,-1.4199653805703065
-0.06630683257819996,0.04423100527332195,0.4300328004921539,0.47808717119603306,1.69123773134354,-1.4244046682297609
-0.06542266314386963,0.047279086659403904,0.42868113457155915,0.4789147048581128,1.6945590016702567,-1.4290008637588358
-0.06453794754268785,0.05027405617823035,0.42735633448018007,0.47974433080588313,1.6978575013136719,-1.4337543795254533
-0.06365244035605429,0.05321502267252924,0.42605793205833037,0.48057489249890184,1.701133221110706,-1.4386650177145839
-0.06276589111652058,0.056101012052620546,0.42478565629564285,0.48140510840082695,1.7043856456275535,-1.4437317361996294
-0.06187804590585202,0.05893100206567681,0.4235394563752891,0.48223358390886234,1.7076136452546393,-1.4489524421538817
-0.06098867861307937,0.061703876356578743,0.4223194872314536,0.48305878727684615,1.7108154915793192,-1.4543239765662066
-0.06009761432607803,0.06441840006432642,0.4211261037490317,0.4838790758678613,1.7139889162720578,-1.4598420061965953
-0.05920471839428813,0.06707324145005486,0.41995983315610486,0.48469268905451485,1.7171311215059746,-1.4655009465489115
-0.05830987324477377,0.06966695066122526,0.41882135235514967,0.48549779890415434,1.72023884865622,-1.4712941380393318
-0.05741296512183993,0.07219797911625533,0.4177114238662057,0.48629253501022446,1.7233084901189613,-1.4772138523381613
-0.05651387855044945,0.07466464835885489,0.4166308850509665,0.48707500505846896,1.7263361837874185,-1.4832515425404722
-0.05561250783398606,0.07706515858448171,0.4155806067953506,0.48784335965611947,1.7293179665069716,-1.4893979476784351
-0.05470877129590477,0.0793976400019318,0.414561428789267,0.48859578267715165,1.7322498147912484,-1.4956431846138116
-0.05380265277669878,0.08166012078409039,0.41357415141185355,0.4893305508692919,1.7351277338158184,-1.501976992113896
-0.05289418133211328,0.08385065835585692,0.4126194606057254,0.4900460542155315,1.737948024375737,-1.5083891361471842
-0.05198349232650515,0.08596720320977483,0.41169797101751443,0.49074080121561964,1.7407071038260142,-1.5148691428824121
-0.05107075277305526,0.08800776060246278,0.4108101784422956,0.4914134540933418,1.743401638522505,-1.5214067913980558
-0.05015613911596191,0.08997047421492681,0.4099564513254165,0.49206284733229494,1.7460286800385234,-1.5279921929405986
-0.0492398204610204,0.09185362654574902,0.40913707561778667,0.4926879588842098,1.7485855356913589,-1.534615770931873
-0.0483219124841078,0.09365577559649126,0.4083522077396367,0.4932879600178325,1.751069917372797,-1.5412687886429581
-0.04740256177079658,0.09537563310310163,0.40760194172299863,0.4938621773829567,1.7534797848076664,-1.5479428338715309
-0.04648193542913007,0.09701214890598209,0.4068862668483234,0.4944100713774532,1.7558134241214929,-1.5546303386846434
-0.04556026493622056,0.09856451500146193,0.40620508955648804,0.4949312696764764,1.758069402144622,-1.5613245308041315
-0.04463785128838467,0.10003210489113172,0.4055582489030257,0.4954255070714879,1.7602465864999317,-1.5680193904573685
-0.04371504458641695,0.10141446722594764,0.4049455195455039,0.4958926610868389,1.7623440854566526,-1.574709624567106
-0.04279218908016488,0.10271136644749675,0.4043666380835077,0.4963327200940796,1.7643612053438915,-1.5813906799906363
-0.04186956717876385,0.10392273857738132,0.40382133142589394,0.4967457583183091,1.7662974237768707,-1.5880585378418628
-0.040947363608492535,0.10504871084863936,0.40330932435723527,0.4971319637622287,1.7681523332715527,-1.5947096236853953
-0.040025680440418654,0.1060895142926455,0.40283034863920764,0.4974915927346103,1.7699256120468818,-1.6013407309578325
-0.03910458553237035,0.10704542994289881,0.40238416089795237,0.4978249609303361,1.7716170594886875,-1.6079488291716473
-0.0381841447495411,0.1079167876926519,0.40197052471377787,0.49813243509939864,1.7732264590143814,-1.6145311317347764
-0.03726442076978174,0.10870391335557486,0.4015892383694677,0.4984144204463064,1.7747536099223793,-1.621084964842845
-0.036345445165861176,0.10940716794976027,0.4012401340788017,0.49867135511423155,1.776198402898035,-1.627607733397582
-0.035427170625816726,0.11002692108512094,0.40092308069004046,0.49890371593580196,1.777560635375528,-1.6340969461106056
-0.034509418780577755,0.11056355010227463,0.40063801353368833,0.4991119678688136,1.7788400470007673,-1.640550297991433
-0.033591873310464135,0.11101745173942276,0.4003849078745077,0.49929661448625495,1.7800364689922616,-1.6469656238728816
-0.03267415419079142,0.11138895704660853,0.40016378616358567,0.4994581679788439,1.78114960889651,-1.653340985903884
-0.031755882085803225,0.11167832366507753,0.3999746908519171,0.49959713592958793,1.7821792547032715,-1.6596751648731698
-0.030836842791544684,0.11188569972945998,0.3998176971020996,0.49971402437066104,1.783125183741356,-1.6659671576772608
-0.029916975683091353,0.11201114311360386,0.39969288629698096,0.49980933731391985,1.7839871712676427,-1.6722166134382008
-0.02899635964311571,0.1120546979951527,0.39960034990503457,0.49988358397530136,1.7847650486359954,-1.6784237399309063
-0.02807515852787361,0.11201637112264393,0.39954021572643794,0.4999372541688672,1.7854585760728583,-1.6845890928880123
-0.027153507032596023,0.11189615096957653,0.39951262846636837,0.4999708528801506,1.7860675195421094,-1.6907137254403892
-0.02623152679385825,0.11169399762742387,0.39951779242851015,0.49998486940091597,1.786591613802102,-1.6967986631586995
-0.025309275709304302,0.11140980206787247,0.3995559440642026,0.4999798050667522,1.7870305505178976,-1.7028450099774828
-0.024386785842879278,0.11104340058363107,0.39962736250260633,0.4999561538813026,1.7873839227416284,-1.7088538075888322
-0.023464091843238322,0.11059453245431569,0.3997323606362684,0.4999144075659075,1.787651325222953,-1.7148258785326846
-0.02254123726434898,0.11006284496422011,0.39987130017708095,0.499855055701002,1.7878322706966059,-1.7207616832873724
-0.021618239079987233,0.10944794359132004,0.4000445554900523,0.4997786040620781,1.7879262332190025,-1.726661416979698
-0.020695045856064097,0.10874937787757233,0.40025256887463034,0.4996855393901285,1.7879325226772267,-1.7325248725653295
-0.01977151997768729,0.10796668405318996,0.40049581593685274,0.4995763524032867,1.7878504463266722,-1.7383514345554945
-0.018847454891847092,0.10709935633238529,0.40077482411580123,0.49945154674894354,1.7876792532739387,-1.7441401851706986
-0.01792261712531129,0.10614684872966648,0.40109015210330484,0.4993116182675294,1.7874181339688675,-1.749890034858589
-0.01699680850043208,0.10510863291341792,0.4014423706619212,0.4991570605091596,1.7870662648688267,-1.7555997724798944
-0.01606992589267122,0.10398417986928479,0.40183207739731297,0.49898836946054814,1.7866227885016883,-1.7612682248220153
-0.01514199252404751,0.1027730142260097,0.402259857844814,0.49880604447934046,1.7860868933912002,-1.7668942882714136
-0.014213150130939312,0.10147469502212517,0.4027263049998965,0.49861057430829875,1.7854577452128297,-1.7724770807987453
-0.013283623449711967,0.10008882125573279,0.4032320136762607,0.4984024580715385,1.7847345458254835,-1.7780158102727173
-0.01235368151484124,0.0986150772067134,0.4037775721557907,0.4981821860366068,1.7839165437150428,-1.7835098741236153
-0.011423616763833877,0.09705321094125452,0.40436355399603197,0.49795027279327825,1.7830030765054175,-1.7889586443955523
-0.01049368013617382,0.09540297576236015,0.4049905544549034,0.4977072255024154,1.7819934665597201,-1.7943617621603494
-0.009564138043581492,0.0936642534344827,0.40565911827300594,0.4974535750413708,1.7808871823974528,-1.7997186407871366
-0.008635221616016509,0.09183696840190833,0.40636978696808224,0.497189847672449,1.7796837115907351,-1.8050286428361972
-0.007707131585171823,0.0899211485230282,0.40712307993536995,0.49691659592628956,1.778382660616785,-1.8102910826109508
-0.006780045743566632,0.08791690253361253,0.4079194700355686,0.49663438582088587,1.776983778034048,-1.8155050249023588
-0.00585407989128015,0.08582432405386982,0.40875942344466554,0.49634378889034,1.7754868395538437,-1.820669640090665
-0.004929363316595926,0.08364363242044988,0.4096433332292321,0.49604540497648203,1.7738918560098456,-1.8257837486391053
-0.004006002975226153,0.08137506509117572,0.41057156534659356,0.4957398322217358,1.7721988632319268,-1.8308462237978462
-0.0030841007385021156,0.07901895376562465,0.4115444333203655,0.49542768239920887,1.7704080875952513,-1.8358558916623906
-0.002163761665368469,0.07657569775848003,0.4125622083353804,0.49510957238915265,1.768519850938958,-1.840811619844925
-0.0012450986786205931,0.07404577574478992,0.4136251103980186,0.4947861303322568,1.7665346064732148,-1.8457122811804652
-0.00032822752075745143,0.07142978490946775,0.41473331880981446,0.4944579678079961,1.7644529023557198,-1.8505568690883591
0.000586743340090834,0.06872840000613678,0.41588699107370386,0.4941256982369282,1.7622753707118022,-1.8553444826171415
0.0014997213779338382,0.06594239044308096,0.41708623496384123,0.4937899270565609,1.7600027978555772,-1.860074365726541
0.0024106298590467643,0.06307255383678409,0.41833113089219864,0.4934512502868301,1.7576359706241078,-1.8647459105271538
0.003319406489342214,0.06011969742945809,0.4196217469900787,0.49311023981361335,1.755175759794713,-1.8693586211892979
0.004226005058612259,0.05708465675443932,0.42095813134927623,0.4927674532054127,1.752623094554997,-1.8739122664136572
0.00513039579461747,0.05396825382611041,0.4223403252944237,0.49242343867095284,1.749978929421252,-1.8784067555923287
0.006032566454006627,0.05077133504881175,0.4237683531144839,0.49207872679923104,1.7472442170653153,-1.8828422150359585
0.006932521567007655,0.047494741621646595,0.4252422535039898,0.4917338212213537,1.7444199588865217,-1.88721888322317
0.007830287256642521,0.04413930754842994,0.42676209163324613,0.49138920474632924,1.7415070739150793,-1.8915372179534302
0.008725919576814078,0.040705879962445124,0.42832792452147006,0.4910453422343011,1.738506502690359,-1.8957977984527306
0.009619503883964597,0.03719526481251734,0.4299398501331112,0.4907026927881887,1.7354191406793462,-1.9000013092901782
0.01051115108442957,0.033608244485596114,0.43159797021315993,0.49036167644083695,1.7322457731129135,-1.9041485320912157
0.011400988574616376,0.029945534651547236,0.43330242478673425,0.49002270443745033,1.7289871748853671,-1.9082403609337177
0.012289154593526063,0.026207787036072717,0.43505337741830774,0.4896861764089422,1.72564405098625,-1.912277838217139
0.013175797922365718,0.022395626478079578,0.43685100426604184,0.4893524794669716,1.7222170553642513,-1.9162620314272716
0.014061066554598512,0.018509673493798572,0.438695488806762,0.48902198427197446,1.7187068446396325,-1.920194046768367
0.014945152627986147,0.014550372832945867,0.4405871165122363,0.488695040641808,1.7151139073031914,-1.9240750986601172
0.01582823385050105,0.01051826900799,0.44252610982391616,0.48837200689159344,1.7114387551576442,-1.9279063949066826
0.01671052423389696,0.0064138004214541414,0.4445127427103969,0.4880532202970883,1.7076818551296924,-1.931689085942344
0.017592264508797938,0.0022373737498341483,0.44654730146882143,0.4877390290080499,1.703843646214193,-1.9354242981396255
0.01847371011176264,-0.0020106208336244436,0.4486300591395803,0.4874297528683115,1.6999245040637447,-1.9391131051741608
0.019355163640846485,-0.00632999711451987,0.45076136953817497,0.48712572432602885,1.695924752368083,-1.942756679909823
0.020236904565648927,-0.010720456822451752,0.45294152067449717,0.4868272655755817,1.6918447765630957,-1.9463560181520365
0.021119227988867097,-0.015181794874648347,0.4551708224936604,0.48653470813452204,1.6876848649989369,-1.9499120325338084
0.02200243016857826,-0.019713806985126325,0.4574495939038812,0.4862483671755413,1.683445384878135,-1.953425681889928
0.022886807996878387,-0.02431631001430361,0.45977814775908143,0.48596857348061917,1.6791266461938137,-1.956897824487842
0.023772658536530145,-0.02898914095696483,0.46215680603222326,0.4856956527077827,1.6747289254850473,-1.9603293017624255
0.024660285395939497,-0.033732127520754315,0.4645858844946673,0.48542993184081806,1.6702525779999207,-1.9637207862035582
0.025550000077217305,-0.03854511870806902,0.4670656932803837,0.4851717366321992,1.6656978684322468,-1.9670729882639222
0.026442126031437852,-0.04342795104817156,0.4695965362104374,0.4849214058994534,1.6610650922761152,-1.9703864610020219
0.02733699013365367,-0.04838047752639625,0.4721787112331839,0.48467927042246683,1.6563545834132953,-1.973661681266941
0.02823491832644933,-0.05340256406854991,0.47481252560909726,0.484445676925354,1.651566594631197,-1.976899049760104
0.02913623059682067,-0.05849405659612898,0.477498256179382,0.4842209730468284,1.6467014810621095,-1.9800989167509329
0.030041235853569506,-0.06365478375932554,0.4802362043217897,0.4840055056121273,1.641759555225019,-1.983261635378594
0.030950216002326413,-0.0688844632559352,0.4830266349358737,0.48379964601149367,1.6367411005301478,-1.9863873769783822
0.031863402736999544,-0.07418264207979205,0.4858698072448234,0.4836037548213724,1.631646415070287,-1.9894763084658735
0.03278096328633069,-0.0795486254402931,0.4887659422103908,0.48341821177042305,1.626475823396555,-1.992528461151278
0.0337030018015291,-0.08498141836018931,0.4917151883957829,0.48324339705419417,1.6212296684821723,-1.9955438037243964
0.03462956096723815,-0.09047969437682894,0.49471759665185433,0.4830797155777901,1.6159084621444038,-1.9985220242848782
0.03556067180503035,-0.09604205846363385,0.4977731939384725,0.48292754797776355,1.6105126855272176,-2.001462883818064
0.03649629525091029,-0.10166668561054734,0.5008817564135356,0.48278733055031753,1.6050431933180165,-2.0043658007983907
0.03743638266894962,-0.10735162595092049,0.5040429209080728,0.4826594760536153,1.5995010972951094,-2.00723011492353
0.038380880628072586,-0.11309471983887391,0.5072561208234121,0.4825444150992453,1.5938877889360183,-2.010054948777045
0.03932972852766383,-0.11889353397912998,0.5105205187062238,0.4824425877308329,1.5882051674691469,-2.0128391939990307
0.04028290467240722,-0.12474561120975522,0.5138351253943725,0.48235442376761883,1.5824553507201644,-2.0155816530034087
0.041240371034345455,-0.13064810042808261,0.5171985877214127,0.4822803616046542,1.5766410447491013,-2.01828079337819
0.0422021467634032,-0.13659811664768,0.5206093319230604,0.4822208321456657,1.5707653653815528,-2.02093496460549
0.04316831775851071,-0.14259274638730232,0.5240655642826539,0.48217626276533987,1.5648318125917058,-2.0235422648827806
0.04413904084705038,-0.14862912054782954,0.5275652881445125,0.4821470766284904,1.5588442366506654,-2.0261007154786057
0.0451145151505635,-0.15470442467544387,0.5311063568913369,0.48213370179175286,1.5528067559191867,-2.028608188418727
0.04609494497832145,-0.16081583262414229,0.5346865304339247,0.4821365297208445,1.5467235963333623,-2.031062568020411
0.04708050789400815,-0.16696047253708599,0.5383035244115831,0.4821559558106401,1.5405990324087666,-2.0334617257035914
0.04807132509133112,-0.1731353633819154,0.5419550457651553,0.4821923595090837,1.5344372411526224,-2.035803617851053
0.04906744126678717,-0.17933744162205442,0.5456388892158046,0.4822461043680676,1.528242180157062,-2.0380862419049492
0.05006882650929398,-0.18556362579300156,0.5493529723681589,0.48231754417992934,1.5220174695425583,-2.0403077547540023
0.05107540195741578,-0.19181089112561409,0.553095360455238,0.48240702249445067,1.5157664506774209,-2.042466423397644
0.05208706465865376,-0.19807637140295925,0.5568643400791288,0.48251488724465047,1.509491945917361,-2.04456059495748
0.053103680649116566,-0.20435736304997362,0.5606583524944412,0.4826414759415215,1.5031963897803364,-2.04658872757617
0.054125069630558895,-0.21065132700429529,0.5644760805013718,0.48278714319349947,1.4968817968256076,-2.0485493432117723
0.05515100790182928,-0.21695589843886864,0.5683164122671016,0.48295224598827813,1.4905496906932654,-2.050441098432728
0.056181247184695596,-0.2232688990670056,0.5721783973752494,0.48313716342051694,1.484201325176636,-2.0522626903554766
0.05721554249016236,-0.22958836868846078,0.5760612814101463,0.48334228537267876,1.477837544776662,-2.0540128228322487
0.0582536716868141,-0.23591261538342537,0.5799644360495563,0.48356800277476564,1.4714589831068678,-2.0556902171065135
0.05929546677180256,-0.24224026087831446,0.5838873606199613,0.48381474473347624,1.4650660454642122,-2.057293562038512
0.06034083467761704,-0.2485702594430606,0.5878296402647336,0.48408296086914787,1.4586589923918722,-2.058821370317821
0.06138976155880797,-0.254901880672314,0.5917909507740362,0.48437311943017675,1.4522379567049029,-2.060272172996437
0.06244228164231842,-0.2612345619308812,0.5957709299831876,0.4846857186585055,1.4458031216071845,-2.0616442325608517
0.06349849865210899,-0.26756813672516844,0.5997694522103927,0.485021314505218,1.43935433361504,-2.0629358408201712
0.0645584873484836,-0.273902329929571,0.6037862483396836,0.48538046202630336,1.432891598803482,-2.064145007784643
0.06562233013946468,-0.28023699996566903,0.6078211298899703,0.48576376316179903,1.4264148200699451,-2.065269696713247
0.06669010107160886,-0.2865720440107452,0.6118739396944832,0.4861718408056902,1.4199238203045212,-2.066307796006663
0.06776185724854215,-0.2929073075727686,0.6159444574075635,0.48660535281247663,1.4134185093813243,-2.067256905243445
0.06883768274186437,-0.29924289401874804,0.6200326728589318,0.4870649981666645,1.4068984817546835,-2.06811459056357
0.06991761852384001,-0.30557868607691036,0.6241383993444543,0.4875514881983932,1.400363541713375,-2.068878247985231
0.07100172322240397,-0.3119146808212975,0.6282615435917294,0.48806558024049307,1.3938133656102565,-2.0695451001644525
0.07209006338264742,-0.31825090205350365,0.6324019902750124,0.48860806664077217,1.3872476334043085,-2.070112131033895
0.0731827030762929,-0.3245874033798586,0.6365596499692203,0.4891797817911524,1.380665927868688,-2.070576169892411
0.07427969124730396,-0.3309242445116297,0.6407344472807295,0.4897815875993998,1.3740678537134499,-2.0709338661783674
0.07538105791595058,-0.3372614521881275,0.6449262907578359,0.49041437743706384,1.3674529718111899,-2.071181751994908
0.07648682075856428,-0.34359902348594745,0.6491351108630199,0.4910790820129023,1.3608208271223647,-2.071316046586179
0.07759699190781433,-0.34993694345415777,0.6533608102302892,0.49177664513585456,1.3541709568174867,-2.0713328299934375
0.07871157135702234,-0.35627517632291444,0.657603311384112,0.49250803231545887,1.3475028125866857,-2.0712280256047277
0.07983055293858426,-0.36261365955606095,0.6618624970973542,0.4932742520581542,1.3408158676482345,-2.0709973029906905
0.08095392270949658,-0.36895228584035633,0.6661382521390337,0.4940762984782168,1.3341095997897896,-2.0706360761459592
0.08208165138711793,-0.37529082863981245,0.6704304234974572,0.4949152191267714,1.3273834463121148,-2.0701395364304345
0.08321366320518848,-0.3816288737516203,0.6747387886921132,0.4957920346897936,1.3206368612905095,-2.0695026698804018
0.08434981809446498,-0.3879657566682127,0.6790630794850387,0.4967077732484526,1.3138693798816403,-2.0687202555935302
0.08548989600389093,-0.3943005353194593,0.6834028924906448,0.49766341412996407,1.3070805822456832,-2.067786887218125
0.08663360738864795,-0.40063198221408813,0.6877576953492763,0.49865988824062557,1.3002702087295035,-2.0666971235581286
0.08778059535191574,-0.4069585138794693,0.6921267097832611,0.4996980051941804,1.2934382917944618,-2.0654454153066752
0.08893052656550182,-0.4132785254234534,0.6965091159328978,0.5007785200908004,1.286584859292816,-2.064026176189339
0.09008305344217718,-0.4195899632445304,0.7009036748974977,0.5019020138884316,1.2797105661190045,-2.062433924796127
0.09123788644021857,-0.425890561090479,0.7053089098054186,0.5030689209765142,1.2728163754977517,-2.060663179887578
0.09239477048858262,-0.432177727642889,0.7097230015375857,0.5042795132623581,1.2659036367842902,-2.0587087181377113
0.09355344156731178,-0.4384484520445568,0.7141437761882998,0.5055338022327405,1.2589743267554128,-2.0565655715323543
0.0947136776719617,-0.4446996108032423,0.7185688531244039,0.5068315943462324,1.252030640967493,-2.0542290861568886
0.09587520862792437,-0.4509275128783955,0.7229953664847741,0.508172341524839,1.2450755473749893,-2.0516952232531054
0.09703778348090814,-0.45712818245214065,0.727420151056279,0.5095552084289736,1.2381124543783557,-2.048960430020304
0.09820117041017902,-0.4632973315358285,0.7318397562074694,0.510979003957884,1.2311452607985474,-2.0460218936248626
0.0993652040247362,-0.4694304870396991,0.7362504449306713,0.5124422320758001,1.2241782698649617,-2.042877468565246
0.10052981584482942,-0.4755231412341985,0.7406482342873644,0.5139430556587911,1.217216214495926,-2.0395257231447603
0.10169502740686305,-0.48157087946612476,0.7450290013679948,0.5154793602300884,1.210264041147917,-2.0359659433979913
0.10286092671820128,-0.48756942516478147,0.7493885236003678,0.5170487477302075,1.2033268656090512,-2.0321980564755933
0.10402764257833788,-0.4935147135409679,0.7537225778985672,0.5186485202610611,1.196409919003338,-2.028222754897297
0.10519532845639148,-0.49940284072857677,0.7580269623871927,0.5202757334950463,1.1895183031797614,-2.0240413977715637
0.10636413200655852,-0.505230041525104,0.7622976200904206,0.5219272076227952,1.182657004501698,-2.019656010699282
0.1075341782539759,-0.5109925832501517,0.7665306511454049,0.5235995304779337,1.1758306682872899,-2.015069157422678
0.10870559179298808,-0.5166867531916907,0.7707223789110416,0.5252891278723439,1.169043602689476,-2.010283901445155
0.10987854231881009,-0.5223090521173681,0.7748693753985663,0.5269923144530878,1.162299688921189,-2.005303580361624
0.1110532816396411,-0.5278563093192019,0.7789685056366296,0.5287053293868369,1.1556023718711088,-2.0001317584697746
0.11223015423146557,-0.5333257051434608,0.7830169681567426,0.530424406538063,1.148954554206881,-1.994771989202647
0.11340958002403312,-0.5387147338310831,0.7870122836942443,0.532145736637591,1.1423587332032952,-1.989227966718272
0.11459200846794104,-0.5440210326440329,0.7909522445112017,0.5338655146848139,1.135816992618365,-1.983503419568689
0.11577795212903119,-0.5492425996612624,0.7948350904251498,0.5355799781803242,1.1293307146046232,-1.977601835693835
0.11696793903546804,-0.5543774638541678,0.798659174861163,0.5372853106733373,1.122901165621934,-1.9715269176959138
0.11816264476302435,-0.5594240708556264,0.8024231733465896,0.5389777317853686,1.1165291036500689,-1.9652821496237523
0.11936295083655288,-0.564381477711877,0.8061260560713421,0.5406535001321131,1.1102150223629366,-1.9588709612157345
0.12056996815522929,-0.5692494362320119,0.8097669892349699,0.5423089235653151,1.103959119026797,-1.9522963890245877
0.12178506238968295,-0.5740285690378208,0.813345570664822,0.5439404347348443,1.0977610061758725,-1.9455608156397033
0.12300965865363019,-0.5787197414089753,0.8168615045607623,0.5455445230826357,1.0916200991931673,-1.9386661052906788
0.12424515148073426,-0.583323968007825,0.8203147655012715,0.5471177457787875,1.085535308136778,-1.9316131566394974
0.12549278372446082,-0.5878421592658654,0.8237055278832699,0.5486567629348058,1.079505028953804,-1.9244020364816437
0.1267536602451937,-0.5922750363673067,0.8270340837956311,0.550158260713411,1.073527259016012,-1.9170320296262644
0.1280288488934019,-0.5966232268664236,0.830300866813154,0.5516189859431379,1.067599715746428,-1.9095018650770954
0.1293194639867405,-0.6008874681566194,0.8335064268001005,0.553035719034608,1.0617199493193397,-1.9018098576559397
0.13062671826028768,-0.6050685965216044,0.8366513345639717,0.5544052654766944,1.0558855214893128,-1.8939540801578318
0.13195190228971682,-0.609167486163829,0.8397361159151984,0.5557244423159247,1.0500940427893197,-1.8859324781953233
0.1332963034528188,-0.6131848047032665,0.842761194082783,0.556990048997443,1.0443433436802536,-1.8777429062417155
0.13466107152766965,-0.6171207329766449,0.8457267346870296,0.5581988422929598,1.0386315216514417,-1.869383162347188
0.1360471204397481,-0.6209748577129637,0.8486326436332063,0.5593474973147621,1.0329570223348667,-1.8608511571178297
0.13745514873860037,-0.6247462032427166,0.8514784606163643,0.5604326088991769,1.0273188964630835,-1.8521452722283158
0.13888574828848058,-0.6284335696537507,0.8542633823039991,0.5614506623249795,1.021716907248154,-1.8432647775741033
0.1403395195495122,-0.6320357411664613,0.8569862822826537,0.562398099469192,1.0161517639082973,-1.834210316987574
0.14181706588645895,-0.6355514914212641,0.8596456687810345,0.5632713650330274,1.010625157887634,-1.8249841227653065
0.1433188731617637,-0.638979430253027,0.8622397614423093,0.5640670051368147,1.0051397665718182,-1.815590435389086
0.14484516485031024,-0.6423177705585363,0.8647664301421741,0.5647817317199653,0.9996992134505376,-1.8060353748119837
0.14639578454029162,-0.6455643417481909,0.8672233228339337,0.5654125328014971,0.9943079810087425,-1.796327077894611
0.14797014216171256,-0.6487165035905192,0.8696078469509785,0.5659566906618622,0.9889712544877852,-1.7864755934532268
0.1495672346551899,-0.6517713118499575,0.8719172993576905,0.5664118223565865,0.9836949418468066,-1.7764927904685748
0.15118571975652487,-0.6547258459510796,0.8741489534687659,0.5667759539306232,0.9784854845892766,-1.7663924168920233
0.15282405493672116,-0.6575774255603744,0.8763000790133958,0.5670474793234959,0.9733498736053207,-1.75618992823359
0.1544806860098614,-0.66032403179725,0.8783681815324555,0.567225266224996,0.9682951941411204,-1.745901654663979
0.1561539772966043,-0.6629640520299809,0.8803508745883917,0.5673086318582434,0.9633287910161983,-1.7355449581087483
0.1578422497936522,-0.6654962751979359,0.8822460316833898,0.5672973323374109,0.9584577446263893,-1.725137069634259
0.15954371516759772,-0.6679197130005086,0.8840518276579189,0.5671916174689372,0.9536886174794319,-1.714694564405137
0.1612564435417557,-0.6702333598496082,0.8857667765706992,0.566992121778911,0.9490273239984048,-1.704232787295591
0.1629784563430338,-0.6724362632891201,0.8873898340408971,0.5666998835218564,0.9444786597872195,-1.6937650693620356
0.1647076779804472,-0.67452743113348,0.8889203357847903,0.5663162756128244,0.9400466364069984,-1.6833030971255425
0.16644209003071814,-0.6765059496968497,0.8903580381334095,0.5658429322634276,0.9357341531021263,-1.6728564921848088
0.16817979060135074,-0.6783710636817257,0.8917031489054992,0.5652817714637706,0.9315431325406507,-1.6624329412826682
0.16991901400366274,-0.6801221533382172,0.8929562344063584,0.5646349091461615,0.9274745460945524,-1.6520382138433702
0.17165809287481187,-0.6817585909081025,0.8941181418627522,0.563904617939204,0.9235285755117729,-1.6416763666251086
0.1733954090220255,-0.6832797346464456,0.8951899789932994,0.563093298007891,0.91970464567855,-1.631349720289093
0.17512939595076948,-0.6846849089143212,0.8961729509558438,0.5622034014805252,0.9160016983905024,-1.6210592446764465
0.17685860428675754,-0.6859737223669938,0.8970683557935913,0.5612373992881772,0.9124183423378327,-1.6108047328518666
0.1785817585550859,-0.6871462168299491,0.897877480982119,0.5601977232389899,0.9089531290816666,-1.600585314621172
0.18029779850378738,-0.6882030160597743,0.8986015559246057,0.5590867487595077,0.9056047615742244,-1.5903997305006796
0.18200588012370247,-0.6891453439514962,0.8992417531658632,0.5579068328114787,0.902372182622841,-1.5802468558836253
0.18370536757310277,-0.6899749511868649,0.8997991057536112,0.5566602740239275,0.8992547147359828,-1.5701258601981918
0.1853957761525038,-0.6906939432516019,0.9002745533978485,0.5553494048025542,0.8962519984213031,-1.5600364177736352
0.18707665886055302,-0.6913043884117549,0.9006689305911251,0.5539765854096956,0.8933639799215143,-1.5499787431944783
0.18874750041180732,-0.6918080617787781,0.9009829487860472,0.5525442582951584,0.8905908102470022,-1.539953543622329
0.19040767323224123,-0.6922064186609941,0.9012172554522166,0.5510549875609214,0.887932737738501,-1.5299621025953583
0.1920564239489675,-0.6925006710289331,0.901372481656469,0.5495114880793324,0.8853901512820641,-1.5200062333511455
0.19369294379589128,-0.6926917378679349,0.9014492390806239,0.5479165785838418,0.8829633540620762,-1.5100878806007358
0.1953162737547114,-0.6927802120232882,0.9014481147536997,0.546273302171788,0.8806527804643622,-1.5002098186831545
0.1969253928863971,-0.6927662718098844,0.9013696178484423,0.5445847884960002,0.8784588737744172,-1.4903751165122459
0.19851924797046258,-0.6926499057712728,0.9012142404815364,0.5428542733798907,0.8763821264841596,-1.4805872017819652
0.20009678821095916,-0.692431050852008,0.9009824040235188,0.5410850713515671,0.8744231768475317,-1.4708498409207849
0.20165707793080295,-0.6921098088355511,0.9006744544916309,0.5392803832670707,0.8725827474866434,-1.4611665101381264
0.20319921591424334,-0.6916865880364703,0.900290685434399,0.5374434565320001,0.870861748346826,-1.45154096925384
0.20472240414306137,-0.6911621331824775,0.8998313320679159,0.5355774048815434,0.8692612370578785,-1.4419766708738906
0.2062258879764059,-0.6905375590559357,0.8992966359339007,0.5336852714481899,0.8677822838571358,-1.4324767902062745
0.20770891346877923,-0.6898141113858681,0.8986868295184607,0.5317700303594599,0.8664259138278965,-1.423044283528172
0.2091706898278211,-0.6889930240245725,0.898002177945392,0.5298346294415225,0.8651930537872857,-1.4136819366879734
0.21061038221280448,-0.6880755127743106,0.8972430657729091,0.5278820214612076,0.8640843563381708,-1.4043924471329021
0.21202710121656487,-0.6870628058628159,0.8964100264484258,0.5259152147198847,0.8631002537794246,-1.3951786016403647
0.2134199138813436,-0.6859561544135218,0.8955037900187364,0.5239373101290979,0.8622407907442606,-1.38604327574363
0.21478779209911458,-0.6847566611415852,0.8945252803758053,0.5219514904109701,0.8615057108318126,-1.3769895924752547
0.21612961072722392,-0.6834650777824547,0.8934755676852859,0.5199610688571006,0.8608944270445817,-1.3680209594388402
0.2174441704344492,-0.6820818148435812,0.8923558526112203,0.5179693956652855,0.8604060840106029,-1.3591410259346843
0.21873023099696703,-0.6806068611928067,0.8911673546712422,0.5159798566290036,0.8600396653421996,-1.3503535819979886
0.21998660085188426,-0.6790398762133704,0.8899112502880953,0.5139957890874122,0.8597940955112819,-1.3416622402298657
0.2212121893301962,-0.6773802162983387,0.8885885646671063,0.512020339984133,0.8596684327028299,-1.3330702429067913
0.2224061119825919,-0.6756271012684014,0.8872000646455944,0.5100564013754465,0.8596619821095175,-1.3245800339301894
0.22356774383034547,-0.6737797735745461,0.8857462111823281,0.5081064960367521,0.8597743478213373,-1.3161929004110149
0.22469672630343068,-0.6718374885785489,0.8842270857475327,0.5061727209817128,0.8600055681186234,-1.3079088189415486
0.2257929530571719,-0.6697995246114512,0.8826423445442793,0.504256716255864,0.8603560995523254,-1.299726227549594
0.22685655524409895,-0.6676651546487014,0.8809912068656622,0.5023596947154566,0.8608267764211122,-1.2916421222958108
0.22788785528214356,-0.665433657628889,0.8792725082238113,0.5004825021363963,0.8614188591303134,-1.2836522707705327
0.22888733239903053,-0.6631043420231597,0.8774847786968003,0.49862570531911315,0.8621338468499801,-1.2757513809686487
0.22985551102746343,-0.6606764262976073,0.8756263079095667,0.49678971480390577,0.8629734653458656,-1.2679336629806826
0.23079293435823942,-0.6581488866258205,0.8736952092323811,0.49497479979520875,0.8639395889510779,-1.260192849555004
0.2317000277877966,-0.6555205721405407,0.871689572466763,0.4931813682676115,0.8650340830390377,-1.2525231292123138
0.2325770797318249,-0.6527900876372188,0.869607534711011,0.49140994147044026,0.8662588110867346,-1.2449192768636919
0.23342421897724464,-0.6499559137141118,0.8674473648260331,0.48966128557969385,0.8676155573391497,-1.2373769932946233
0.23424138040044973,-0.6470164463040164,0.8652075114675148,0.4879364773993572,0.8691060222975495,-1.2298932599366639
0.23502836875488775,-0.6439699397004803,0.8628865736390872,0.486236835168517,0.8707318515913812,-1.2224661937412662
0.23578481264926693,-0.6408147014209389,0.8604834806061894,0.4845640554995903,0.8724945684604961,-1.2150955466804518
0.23651022551971862,-0.6375489776576526,0.857997369994377,0.482920079013617,0.8743956082588711,-1.2077821721156257
0.23720400764779404,-0.6341710055947603,0.8554275902095014,0.48130706871951,0.8764363251582636,-1.2005280657200843
0.23786547215509907,-0.6306790747907345,0.85277370028316,0.47972735201859534,0.8786179944909293,-1.1933360168201559
0.23849388045645697,-0.6270715858382063,0.8500353919841146,0.4781833471022289,0.8809418374296569,-1.1862094067137692
0.23908851238487613,-0.6233472533750819,0.8472125265326099,0.47667749334306464,0.8834089274732065,-1.1791519585952357
0.23964866788407485,-0.6195050916423894,0.8443050579104636,0.4752121947105131,0.8860203371001347,-1.1721674959982962
0.24017368953659252,-0.6155443578491842,0.8413130141690999,0.47378976776077264,0.8887769608460871,-1.1652597172649848
0.24066295305410393,-0.6114644501468045,0.8382364966979367,0.47241242067445766,0.8916795793517991,-1.1584321269020577
0.2411158833503773,-0.6072648533710394,0.8350756383564771,0.4710822273468153,0.8947288838695555,-1.1516878580627634
0.24153200055710827,-0.6029452601419958,0.8318306579526258,0.46980109827432126,0.8979253751922869,-1.1450296304362295
0.2419109351041122,-0.598505685823845,0.8285018195159168,0.4685707949581179,0.9012694943589594,-1.1384598151203122
0.24225249179981356,-0.5939466692866332,0.8250895324441828,0.4673929055900601,0.9047614680026244,-1.131980380177437
0.2425566542919732,-0.5892693490203849,0.8215943212919001,0.46626888141078593,0.9084014032639687,-1.1255930896768915
0.2428235983741523,-0.5844755347840692,0.8180168913704392,0.4652000433145801,0.9121891630657841,-1.119299576226973
0.24305368466628502,-0.5795676783601171,0.8143582300926702,0.46418754387476896,0.9161243063679052,-1.1131013899643931
0.24324742863502954,-0.5745487470853989,0.8106196525566696,0.4632324498420374,0.9202058933863839,-1.1070002067335778
0.24340546829088616,-0.5694219001433007,0.8068027327587053,0.46233562382770044,0.9244326326665686,-1.1009976219518522
0.2435284873830888,-0.5641907439752979,0.8029095881323748,0.4614978096188878,0.9288024223562473,-1.0950955497231831
0.243617214878541,-0.5588590750780422,0.7989427846594701,0.4607195866038346,0.9333124601972969,-1.08929595749796
0.24367243121571,-0.5534310657264294,0.7949054244817845,0.4600013499017443,0.9379591413057369,-1.0836009546859247
0.24369492238081064,-0.5479111805372064,0.7908011939707045,0.45934333740049027,0.9427379348364695,-1.0780129265097642
0.24368545486766635,-0.5423039137887942,0.7866341503123038,0.4587455842439887,0.9476436373154087,-1.072534160549691
0.2436447455484238,-0.536614068666776,0.7824090008270652,0.45820796638097006,0.952670033574293,-1.0671673149949428
0.24357346573122954,-0.530846392111445,0.7781308053663658,0.4577301930363909,0.9578102471550523,-1.0619150858257456
0.24347225532648906,-0.5250056585401557,0.7738049581839952,0.4573117861738375,0.9630567964556236,-1.0567801532541865
0.24334171782476482,-0.5190967255166588,0.7694370499748395,0.456952090127411,0.9684018021137604,-1.051765080033124
0.24318247854844977,-0.5131246545221896,0.7650327861245835,0.4566502953634697,0.9738371871375108,-1.0468721695947267
0.242995285999228,-0.5070948412653766,0.7605978392334649,0.45640541143537017,0.9793548465988551,-1.0421032906533483
0.24278104140707663,-0.5010129835326859,0.7561376957800625,0.4562163006870179,0.9849469336449204,-1.0374598172723666
0.24254082529280402,-0.4948849582095216,0.7516575618853651,0.45608165415549423,0.9906058939801625,-1.0329424257777249
0.24227589228624388,-0.488716639049447,0.7471622473550944,0.4560000175173883,0.9963246767321834,-1.0285509968752478
0.24198765958620427,-0.48251366909833693,0.7426560899357284,0.45596979966841716,1.002096779827184,-1.0242845442920767
0.24167771393016224,-0.47628135115505105,0.7381429352171138,0.4559892331490573,1.0079162782949453,-1.0201409668758117
0.2413477486518964,-0.47002457584769763,0.7336260670132233,0.4560564074380416,1.0137778784668199,-1.0161170604266219
0.24099953031251148,-0.4637478041498243,0.7291082630879444,0.456169266564811,1.019676801303416,-1.0122083941975348
0.24063485589947398,-0.45745503232403173,0.7245918120927464,0.45632563504860424,1.0256088448677958,-1.0084094430495667
0.24025550722980923,-0.4511498141241791,0.7200785204013136,0.45652325001788086,1.0315702578493813,-1.0047136811120425
0.2398632249571147,-0.4448352115782451,0.7155698121163653,0.4567597850008845,1.0375577049002345,-1.0011136993571599
0.23945963574856002,-0.4385138385733933,0.7110668199419437,0.4570328967921462,1.0435680763259854,-0.9976015470930193
0.23904619204894573,-0.432187532529002,0.7065702353932302,0.4573402788341092,1.0495987969572753,-0.994168704962027
0.23862421187336658,-0.42585786196927966,0.7020806660251602,0.4576796819771438,1.0556473146773357,-0.9908065923495357
0.23819484912273764,-0.41952592029514035,0.69759852390439,0.45804895520168143,1.061711354603574,-0.9875066101617221
0.2377591179116539,-0.41319251839411075,0.6931240585276953,0.4584460803804838,1.0677888407253788,-0.9842603531006503
0.23731791268107863,-0.40685828891759734,0.6886575142748669,0.4588691975437108,1.0738778297623015,-0.9810598342355425
0.23687201428586774,-0.4005234743543204,0.6841989039377964,0.45931665653893744,1.0799768572552124,-0.9778975670745694
0.2364221464060584,-0.39418843629746714,0.6797483577754413,0.45978699370733767,1.086084419751856,-0.974766871015985
0.23596897917932613,-0.3878533684241873,0.6753059362878844,0.4602789629929987,1.0921993022095338,-0.971661842537111
