timestamp, cmd_num, J1, J2, J3, J4, J5, J6
0.00106, -1, 40.5513, 35.335, 11.9625, 14.4703, 114.629, -45.4594
0.003814, -1, 40.5513, 35.335, 11.9625, 14.4703, 114.629, -45.4594
0.007977, -1, 40.5513, 35.335, 11.9625, 14.4703, 114.629, -45.4594
0.031186, -1, 40.5513, 35.335, 11.9625, 14.4703, 114.629, -45.4594
0.032445, -1, 40.5513, 35.335, 11.9625, 14.4703, 114.629, -45.4594
0.036082, -1, 40.5513, 35.335, 11.9625, 14.4703, 114.629, -45.4595
0.040221, -1, 40.5512, 35.335, 11.9625, 14.4703, 114.629, -45.4595
0.047284, -1, 40.5512, 35.335, 11.9625, 14.4703, 114.629, -45.4594
0.055306, -1, 40.5507, 35.3349, 11.9625, 14.4703, 114.629, -45.4595
0.063306, -1, 40.5484, 35.3345, 11.9625, 14.4703, 114.629, -45.4595
0.071286, -1, 40.5433, 35.3329, 11.9625, 14.4703, 114.629, -45.4596
0.079302, -1, 40.535, 35.3298, 11.9624, 14.4703, 114.629, -45.4607
0.087371, -1, 40.5224, 35.3245, 11.9624, 14.4702, 114.627, -45.4657
0.095265, -1, 40.5035, 35.3161, 11.9624, 14.4702, 114.624, -45.477
0.103306, -1, 40.4764, 35.3035, 11.9626, 14.4702, 114.617, -45.4977
0.111306, -1, 40.4401, 35.2857, 11.9641, 14.47, 114.604, -45.5318
0.119269, -1, 40.3933, 35.262, 11.968, 14.4694, 114.585, -45.5823
0.127317, -1, 40.3345, 35.2316, 11.975, 14.4677, 114.558, -45.6527
0.13532, -1, 40.263, 35.1937, 11.9859, 14.4649, 114.522, -45.7466
0.143264, -1, 40.1779, 35.148, 12.001, 14.461, 114.475, -45.8648
0.151303, -1, 40.0793, 35.0943, 12.0203, 14.4561, 114.418, -46.0087
0.159307, -1, 39.9669, 35.0326, 12.0433, 14.4501, 114.351, -46.1768
0.167279, -1, 39.8414, 34.9636, 12.0699, 14.4432, 114.275, -46.3679
0.175465, -1, 39.7038, 34.888, 12.0995, 14.4354, 114.191, -46.5786
0.183268, -1, 39.5552, 34.8064, 12.1312, 14.4269, 114.1, -46.8057
0.191266, -1, 39.3969, 34.7197, 12.1643, 14.4177, 114.005, -47.045
0.200087, -1, 39.2309, 34.6291, 12.1983, 14.4081, 113.906, -47.2932
0.208342, -1, 39.0586, 34.5354, 12.2326, 14.3978, 113.804, -47.5472
0.215362, -1, 38.8809, 34.4393, 12.2666, 14.3872, 113.701, -47.8048
0.224576, -1, 38.6989, 34.3415, 12.3004, 14.3763, 113.598, -48.0638
0.231373, -1, 38.5138, 34.2429, 12.3342, 14.3653, 113.495, -48.3235
0.239444, -1, 38.3268, 34.1438, 12.3679, 14.3543, 113.391, -48.584
0.247378, -1, 38.1392, 34.0448, 12.4015, 14.3435, 113.287, -48.8447
0.25527, -1, 37.9515, 33.9457, 12.4353, 14.3329, 113.183, -49.1056
0.263368, -1, 37.7646, 33.8467, 12.469, 14.3225, 113.079, -49.3664
0.271308, -1, 37.5784, 33.7477, 12.5026, 14.3121, 112.976, -49.6274
0.279327, -1, 37.3926, 33.6488, 12.5364, 14.3018, 112.872, -49.8883
0.287494, -1, 37.2073, 33.5498, 12.5703, 14.2916, 112.768, -50.1492
0.295466, -1, 37.0225, 33.4508, 12.604, 14.2814, 112.664, -50.4099
0.30357, -1, 36.8385, 33.3519, 12.6377, 14.2711, 112.56, -50.6707
0.311687, -1, 36.6547, 33.2527, 12.6715, 14.2607, 112.456, -50.932
0.319641, -1, 36.4706, 33.1535, 12.7053, 14.2502, 112.352, -51.1934
0.32859, -1, 36.2858, 33.0542, 12.739, 14.2394, 112.248, -51.4544
0.335875, -1, 36.1003, 32.9547, 12.7729, 14.2286, 112.143, -51.7155
0.345173, -1, 35.9141, 32.8551, 12.8066, 14.2177, 112.039, -51.9767
0.352609, -1, 35.7274, 32.7555, 12.8402, 14.207, 111.935, -52.2379
0.359872, -1, 35.5401, 32.656, 12.874, 14.1965, 111.831, -52.4992
0.369165, -1, 35.3524, 32.5566, 12.9077, 14.1862, 111.727, -52.7603
0.376635, -1, 35.2582, 32.5069, 12.9246, 14.1812, 111.675, -52.891
0.383861, -1, 35.0697, 32.4075, 12.9583, 14.171, 111.571, -53.1525
0.393189, -1, 34.7873, 32.2582, 13.009, 14.1559, 111.415, -53.5445
0.399253, -1, 34.6935, 32.2085, 13.0257, 14.151, 111.363, -53.6751
0.407304, -1, 34.506, 32.109, 13.0594, 14.1409, 111.259, -53.9363
0.417377, -1, 34.2257, 31.9597, 13.1102, 14.1257, 111.102, -54.3282
0.423315, -1, 34.1326, 31.9099, 13.127, 14.1206, 111.05, -54.4589
0.431258, -1, 33.9467, 31.8105, 13.1607, 14.1101, 110.946, -54.7199
0.441485, -1, 33.6685, 31.6612, 13.2111, 14.0942, 110.79, -55.1116
0.447307, -1, 33.576, 31.6115, 13.228, 14.0889, 110.738, -55.2422
0.455263, -1, 33.3911, 31.5119, 13.2617, 14.0782, 110.634, -55.5034
0.464777, -1, 33.1131, 31.3624, 13.3123, 14.0622, 110.478, -55.8953
0.471337, -1, 33.0203, 31.3126, 13.3293, 14.0571, 110.426, -56.0257
0.479265, -1, 32.8344, 31.2129, 13.3629, 14.0467, 110.322, -56.2869
0.488845, -1, 32.6477, 31.0637, 13.4133, 14.0315, 110.166, -56.6788
0.620913, -1, 29.5671, 29.4711, 13.9524, 13.8672, 108.504, -60.8564
0.623103, -1, 29.4736, 29.4213, 13.9692, 13.8622, 108.452, -60.987
0.624374, -1, 29.4736, 29.4213, 13.9692, 13.8622, 108.452, -60.987
0.626182, -1, 29.3801, 29.3716, 13.9861, 13.8572, 108.4, -61.1176
0.627608, -1, 29.3801, 29.3716, 13.9861, 13.8572, 108.4, -61.1176
0.628783, -1, 29.3801, 29.3716, 13.9861, 13.8572, 108.4, -61.1176
0.630807, -1, 29.2866, 29.3218, 14.0029, 13.8522, 108.348, -61.2482
0.634723, -1, 29.2866, 29.3218, 14.0029, 13.8472, 108.296, -61.3786
0.792697, -1, 25.5584, 27.3331, 14.6749, 13.6458, 106.274, -66.4626
0.793888, -1, 25.5584, 27.3331, 14.6749, 13.6458, 106.274, -66.4626
0.796003, -1, 25.4652, 27.2835, 14.6917, 13.6404, 106.222, -66.5929
0.797272, -1, 25.4652, 27.2835, 14.6917, 13.6404, 106.222, -66.5929
0.798544, -1, 25.4652, 27.2835, 14.6917, 13.6404, 106.222, -66.5929
0.800532, -1, 25.3721, 27.2338, 14.7084, 13.6352, 106.17, -66.7232
0.801798, -1, 25.3721, 27.2338, 14.7084, 13.6352, 106.17, -66.7232
0.806311, -1, 25.2791, 27.1842, 14.7252, 13.63, 106.118, -66.8533
0.808402, -1, 25.1861, 27.1346, 14.742, 13.6248, 106.066, -66.9834
0.8096, -1, 25.1861, 27.1346, 14.742, 13.6248, 106.066, -66.9834
0.811499, -1, 25.093, 27.085, 14.7588, 13.6196, 106.015, -67.1135
0.812869, -1, 25.093, 27.085, 14.7588, 13.6196, 106.015, -67.1135
0.814158, -1, 25.093, 27.085, 14.7588, 13.6196, 106.015, -67.1135
0.816334, -1, 25.0001, 27.0353, 14.7757, 13.6145, 105.963, -67.2436
0.817621, -1, 25.0001, 27.0353, 14.7757, 13.6145, 105.963, -67.2436
0.821041, -1, 24.9073, 26.9857, 14.7925, 13.6095, 105.911, -67.3738
0.82231, -1, 24.9073, 26.9857, 14.7925, 13.6095, 105.911, -67.3738
0.824264, -1, 24.8146, 26.936, 14.8092, 13.6045, 105.859, -67.504
0.825577, -1, 24.8146, 26.936, 14.8092, 13.6045, 105.859, -67.504
0.828999, -1, 24.8146, 26.936, 14.8092, 13.6045, 105.859, -67.6342
0.830427, -1, 24.7219, 26.8864, 14.8259, 13.5996, 105.807, -67.6342
0.832472, -1, 24.6294, 26.8369, 14.8427, 13.5946, 105.756, -67.7644
0.836311, -1, 24.5369, 26.7873, 14.8595, 13.5897, 105.704, -67.8944
0.837708, -1, 24.5369, 26.7873, 14.8595, 13.5897, 105.704, -67.8944
0.838886, -1, 24.5369, 26.7873, 14.8595, 13.5897, 105.704, -67.8944
0.840954, -1, 24.4445, 26.7378, 14.8764, 13.5848, 105.652, -68.0243
0.842136, -1, 24.4445, 26.7378, 14.8764, 13.5848, 105.652, -68.0243
0.844128, -1, 24.3521, 26.6883, 14.8932, 13.58, 105.6, -68.1542
0.845372, -1, 24.3521, 26.6883, 14.8932, 13.58, 105.6, -68.1542
0.846734, -1, 24.3521, 26.6883, 14.8932, 13.58, 105.6, -68.1542
0.848858, -1, 24.2596, 26.6388, 14.91, 13.575, 105.549, -68.2842
0.85018, -1, 24.2596, 26.6388, 14.91, 13.575, 105.549, -68.2842
0.853503, -1, 24.1671, 26.5893, 14.9268, 13.5701, 105.497, -68.4143
0.854754, -1, 24.1671, 26.5893, 14.9268, 13.5701, 105.497, -68.4143
0.856817, -1, 24.0746, 26.5397, 14.9435, 13.5652, 105.445, -68.5443
0.858095, -1, 24.0746, 26.5397, 14.9435, 13.5652, 105.445, -68.5443
0.860043, -1, 23.9821, 26.4902, 14.9603, 13.5603, 105.394, -68.6743
0.863841, -1, 23.9821, 26.4902, 14.9603, 13.5603, 105.394, -68.8043
0.865302, -1, 23.8894, 26.4407, 14.9771, 13.5553, 105.342, -68.8043
0.871875, -1, 23.704, 26.3416, 15.0106, 13.5453, 105.238, -69.0642
0.880439, -1, 23.5183, 26.2425, 15.044, 13.5351, 105.135, -69.3238
0.887262, -1, 23.4254, 26.1928, 15.0608, 13.5299, 105.083, -69.4537
0.896275, -1, 23.1459, 26.0439, 15.1111, 13.5142, 104.928, -69.8434
0.903244, -1, 23.0526, 25.9943, 15.1278, 13.5089, 104.876, -69.9734
0.912504, -1, 22.7729, 25.8457, 15.1778, 13.4931, 104.721, -70.3629
0.919284, -1, 22.6798, 25.7961, 15.1946, 13.4879, 104.669, -70.4927
0.928508, -1, 22.4008, 25.6477, 15.2448, 13.4726, 104.514, -70.882
0.93529, -1, 22.308, 25.5982, 15.2615, 13.4676, 104.462, -71.012
0.944643, -1, 22.0299, 25.4497, 15.3117, 13.4526, 104.307, -71.4016
0.951245, -1, 21.9373, 25.4003, 15.3285, 13.4477, 104.255, -71.5313
0.961058, -1, 21.6605, 25.2521, 15.3785, 13.4329, 104.1, -71.9206
0.967237, -1, 21.5684, 25.2028, 15.3953, 13.428, 104.049, -72.0503
0.976814, -1, 21.2922, 25.0549, 15.4456, 13.413, 103.894, -72.4392
0.984792, -1, 21.1079, 24.9562, 15.4791, 13.4029, 103.791, -72.6982
0.992872, -1, 20.9234, 24.8575, 15.5124, 13.3927, 103.688, -72.9572
1.00085, -1, 20.8311, 24.8082, 15.5292, 13.3876, 103.585, -73.2163
1.00823, -1, 20.6467, 24.7094, 15.5626, 13.377, 103.533, -73.3459
1.01533, -1, 20.4617, 24.6106, 15.596, 13.3664, 103.43, -73.6048
1.02435, -1, 20.2762, 24.5118, 15.6294, 13.3558, 103.328, -73.8635
1.0313, -1, 20.0903, 24.4131, 15.6628, 13.3454, 103.225, -74.1224
1.03924, -1, 19.9045, 24.3143, 15.696, 13.3351, 103.122, -74.3813
1.04724, -1, 19.7188, 24.2156, 15.7292, 13.3252, 103.019, -74.6401
1.05531, -1, 19.5333, 24.1169, 15.7627, 13.3153, 102.916, -74.8985
1.06323, -1, 19.3481, 24.0181, 15.796, 13.3055, 102.813, -75.1569
1.07131, -1, 19.1632, 23.9194, 15.8292, 13.2959, 102.71, -75.4154
1.07923, -1, 18.9786, 23.8209, 15.8626, 13.2862, 102.607, -75.674
1.08724, -1, 18.7945, 23.7225, 15.896, 13.2765, 102.505, -75.9322
1.09531, -1, 18.6108, 23.6242, 15.9292, 13.2666, 102.402, -76.1905
1.10323, -1, 18.4274, 23.5259, 15.9624, 13.2567, 102.299, -76.4486
1.11125, -1, 18.244, 23.4276, 15.9959, 13.2466, 102.197, -76.7069
1.11931, -1, 18.0606, 23.3294, 16.0291, 13.2363, 102.094, -76.9648
1.12723, -1, 17.8771, 23.2311, 16.0624, 13.2258, 101.991, -77.2226
1.13523, -1, 17.6934, 23.1328, 16.0958, 13.2153, 101.889, -77.4803
1.14333, -1, 17.5093, 23.0346, 16.1291, 13.2049, 101.786, -77.7382
1.15124, -1, 17.3249, 22.9364, 16.1622, 13.1947, 101.683, -77.9959
1.15924, -1, 17.1401, 22.8381, 16.1954, 13.1845, 101.581, -78.2534
1.1673, -1, 16.9554, 22.74, 16.2288, 13.1745, 101.478, -78.5109
1.17524, -1, 16.7706, 22.6417, 16.2619, 13.1646, 101.376, -78.7686
1.18337, -1, 16.5858, 22.5434, 16.2951, 13.1547, 101.274, -79.0261
1.19135, -1, 16.4012, 22.4452, 16.3284, 13.1449, 101.171, -79.2832
1.19925, -1, 16.2171, 22.3471, 16.3615, 13.1351, 101.069, -79.5404
1.2076, -1, 16.0336, 22.249, 16.3946, 13.1252, 100.967, -79.7976
1.21611, -1, 15.8504, 22.151, 16.4278, 13.1152, 100.864, -80.055
1.22332, -1, 15.6675, 22.053, 16.4609, 13.105, 100.762, -80.3121
1.23166, -1, 15.4849, 21.9551, 16.4939, 13.0948, 100.66, -80.5689
1.2402, -1, 15.3025, 21.8572, 16.527, 13.0844, 100.558, -80.8258
1.24735, -1, 15.1201, 21.7592, 16.5602, 13.0739, 100.456, -81.0828
1.25599, -1, 14.9376, 21.6612, 16.5933, 13.0635, 100.353, -81.3394
1.26432, -1, 14.755, 21.5634, 16.6263, 13.0533, 100.251, -81.5958
1.27127, -1, 14.5721, 21.4656, 16.6594, 13.0433, 100.149, -81.8521
1.28002, -1, 14.3888, 21.3679, 16.6924, 13.0334, 100.047, -82.1086
1.2887, -1, 14.2051, 21.2703, 16.7254, 13.0236, 99.9451, -82.3648
1.29539, -1, 14.0214, 21.1727, 16.7586, 13.0138, 99.8433, -82.6209
1.30428, -1, 13.8375, 21.0751, 16.7916, 13.0042, 99.741, -82.877
1.31153, -1, 13.6536, 20.9775, 16.8246, 12.9945, 99.6392, -83.1331
1.31966, -1, 13.4699, 20.8801, 16.8577, 12.9847, 99.5375, -83.3892
1.32834, -1, 13.2867, 20.7827, 16.8908, 12.9748, 99.4355, -83.6449
1.33573, -1, 13.104, 20.6854, 16.9237, 12.9648, 99.3338, -83.9004
1.34384, -1, 12.9216, 20.588, 16.9567, 12.9545, 99.2322, -84.1559
1.35241, -1, 12.7394, 20.4907, 16.9898, 12.9441, 99.1304, -84.4117
1.3598, -1, 12.5577, 20.3933, 17.0226, 12.9336, 99.0288, -84.6671
1.36789, -1, 12.3764, 20.2958, 17.0554, 12.9232, 98.9273, -84.9223
1.37641, -1, 12.1953, 20.1983, 17.0884, 12.9129, 98.8258, -85.1775
1.38322, -1, 12.1047, 20.1497, 17.1049, 12.9077, 98.7751, -85.3051
1.39127, -1, 11.9234, 20.0524, 17.1378, 12.8976, 98.6739, -85.5604
1.4004, -1, 11.6511, 19.9065, 17.1869, 12.8828, 98.5218, -85.9426
1.40723, -1, 11.5601, 19.8579, 17.2034, 12.8779, 98.4713, -86.07
1.41527, -1, 11.378, 19.7607, 17.2363, 12.8681, 98.3701, -86.3247
1.42322, -1, 11.1957, 19.6636, 17.269, 12.8582, 98.2686, -86.5793
1.43334, -1, 10.9217, 19.5178, 17.3183, 12.8436, 98.117, -86.9611
1.43927, -1, 10.8303, 19.4693, 17.3347, 12.8386, 98.0663, -87.0882
1.44868, -1, 10.5561, 19.3239, 17.3838, 12.8237, 97.9142, -87.4696
1.45522, -1, 10.465, 19.2754, 17.4002, 12.8186, 97.8638, -87.5968
1.46477, -1, 10.192, 19.1303, 17.4496, 12.8033, 97.7117, -87.978
1.47285, -1, 10.0106, 19.0336, 17.4823, 12.793, 97.6105, -88.2318
1.48078, -1, 9.82961, 18.9369, 17.515, 12.7826, 97.5095, -88.4855
1.48729, -1, 9.73919, 18.8886, 17.5314, 12.7775, 97.4588, -88.6124
1.49688, -1, 9.4688, 18.7435, 17.5805, 12.7623, 97.3071, -88.9934
1.50321, -1, 9.37891, 18.6952, 17.5969, 12.7574, 97.2567, -89.1203
1.51129, -1, 9.1991, 18.5986, 17.6295, 12.7475, 97.1556, -89.3738
1.52027, -1, 9.01919, 18.5021, 17.6623, 12.7378, 97.0547, -89.6273
1.52822, -1, 8.83903, 18.4056, 17.6949, 12.7283, 96.9541, -89.8808
1.53528, -1, 8.65864, 18.3092, 17.7275, 12.7187, 96.853, -90.1342
1.54322, -1, 8.47822, 18.2129, 17.7602, 12.7092, 96.7523, -90.3873
1.55128, -1, 8.29731, 18.1164, 17.7928, 12.6996, 96.6518, -90.6401
1.55922, -1, 8.11585, 18.0199, 17.8253, 12.6898, 96.551, -90.8929
1.56723, -1, 7.93434, 17.9236, 17.8578, 12.68, 96.4504, -91.1457
1.57528, -1, 7.75276, 17.8273, 17.8904, 12.67, 96.35, -91.3983
1.58322, -1, 7.57135, 17.731, 17.9229, 12.6598, 96.2493, -91.6508
1.59122, -1, 7.39019, 17.6348, 17.9555, 12.6495, 96.1489, -91.9031
1.59929, -1, 7.20936, 17.5386, 17.9881, 12.6392, 96.049, -92.1556
1.60723, -1, 7.02902, 17.4425, 18.0205, 12.6291, 95.9487, -92.4078
1.61522, -1, 6.8492, 17.3464, 18.053, 12.619, 95.8486, -92.6596
1.62328, -1, 6.66986, 17.2502, 18.0856, 12.6091, 95.7486, -92.9115
1.63121, -1, 6.49099, 17.1542, 18.1181, 12.5994, 95.6484, -93.1635
1.63923, -1, 6.31242, 17.0582, 18.1505, 12.5897, 95.5484, -93.4155
1.64731, -1, 6.13396, 16.9623, 18.1829, 12.5803, 95.4485, -93.6669
1.65521, -1, 5.95539, 16.8664, 18.2155, 12.5708, 95.3484, -93.9183
1.66328, -1, 5.7766, 16.7707, 18.2479, 12.5613, 95.2486, -94.1698
1.67122, -1, 5.59762, 16.6749, 18.2803, 12.5517, 95.1488, -94.4213
1.67928, -1, 5.41831, 16.5791, 18.3127, 12.5419, 95.0488, -94.6724
1.6873, -1, 5.23858, 16.4835, 18.3451, 12.5322, 94.9491, -94.9233
1.69522, -1, 5.05847, 16.3879, 18.3774, 12.5222, 94.8492, -95.1741
1.70337, -1, 4.87832, 16.2924, 18.4098, 12.5121, 94.7492, -95.4248
1.71128, -1, 4.69816, 16.1969, 18.4422, 12.5018, 94.6493, -95.6757
1.7193, -1, 4.51817, 16.1014, 18.4745, 12.4916, 94.5493, -95.926
1.72738, -1, 4.33848, 16.006, 18.5066, 12.4816, 94.4494, -96.1764
1.73531, -1, 4.15919, 15.9106, 18.539, 12.4717, 94.3498, -96.4267
1.74332, -1, 3.9804, 15.8151, 18.5713, 12.4621, 94.2498, -96.6769
1.7514, -1, 3.80239, 15.7197, 18.6035, 12.4526, 94.1501, -96.927
1.75922, -1, 3.62465, 15.6244, 18.6358, 12.4432, 94.0506, -97.1768
1.76725, -1, 3.44739, 15.5292, 18.668, 12.4338, 93.9508, -97.4265
1.77535, -1, 3.27033, 15.434, 18.7001, 12.4244, 93.8513, -97.6766
1.78337, -1, 3.09318, 15.3389, 18.7323, 12.415, 93.7519, -97.9263
1.79135, -1, 2.916, 15.2439, 18.7646, 12.4055, 93.6524, -98.1757
1.79944, -1, 2.73862, 15.1487, 18.7968, 12.3958, 93.5531, -98.4251
1.80745, -1, 2.56086, 15.0537, 18.8289, 12.386, 93.4542, -98.6744
1.81563, -1, 2.38288, 14.9588, 18.8611, 12.376, 93.3549, -98.9239
1.82358, -1, 2.20449, 14.8639, 18.8933, 12.3659, 93.2559, -99.173
1.83175, -1, 2.02582, 14.7692, 18.9254, 12.3556, 93.1571, -99.4217
1.84041, -1, 1.84716, 14.6745, 18.9575, 12.3455, 93.0579, -99.6703
1.84777, -1, 1.66839, 14.5797, 18.9897, 12.3354, 92.959, -99.9189
1.85632, -1, 1.48984, 14.485, 19.0217, 12.3256, 92.8603, -100.168
1.86384, -1, 1.31152, 14.3903, 19.0537, 12.3159, 92.7613, -100.416
1.87241, -1, 1.1336, 14.2956, 19.0857, 12.3065, 92.6625, -100.664
1.87994, -1, 1.04494, 14.2482, 19.1018, 12.3017, 92.5643, -100.912
1.88797, -1, 0.868211, 14.1537, 19.1497, 12.2876, 92.4656, -101.16
1.89646, -1, 0.603701, 14.012, 19.1817, 12.2782, 92.3671, -101.408
1.9032, -1, 0.515723, 13.9648, 19.1977, 12.2734, 92.3181, -101.532
1.91242, -1, 0.252331, 13.8234, 19.2456, 12.2592, 92.1704, -101.903
1.9192, -1, 0.164663, 13.7762, 19.2616, 12.2545, 92.1211, -102.027
1.9272, -1, -0.0106649, 13.682, 19.2935, 12.2447, 92.0228, -102.275
1.93522, -1, -0.186366, 13.5877, 19.3256, 12.2349, 91.9243, -102.522
1.94456, -1, -0.450638, 13.4464, 19.3733, 12.2198, 91.7768, -102.893
1.95123, -1, -0.538978, 13.3993, 19.3892, 12.2147, 91.7278, -103.016
1.96092, -1, -0.804372, 13.2583, 19.4372, 12.1996, 91.5805, -103.387
1.96887, -1, -0.981434, 13.1642, 19.469, 12.1897, 91.4823, -103.633
1.97686, -1, -1.15888, 13.0702, 19.5007, 12.18, 91.3843, -103.88
1.98323, -1, -1.2476, 13.0231, 19.5167, 12.1752, 91.3352, -104.003
1.99279, -1, -1.51319, 12.8821, 19.5644, 12.1609, 91.188, -104.372
2.00078, -1, -1.60161, 12.835, 19.5803, 12.1516, 91.0901, -104.619
2.00893, -1, -1.77808, 12.741, 19.6279, 12.1423, 90.9919, -104.865
2.0162, -1, -1.95395, 12.6472, 19.6438, 12.1376, 90.9428, -104.988
2.0242, -1, -2.12918, 12.5534, 19.6756, 12.1283, 90.8452, -105.234
2.0312, -1, -2.304, 12.4596, 19.7071, 12.1189, 90.7472, -105.48
2.0392, -1, -2.47846, 12.3661, 19.7388, 12.1094, 90.6493, -105.725
2.04726, -1, -2.65241, 12.2726, 19.7706, 12.0999, 90.5517, -105.971
2.0552, -1, -2.82615, 12.1791, 19.8022, 12.09, 90.4538, -106.216
2.06403, -1, -3.00014, 12.0856, 19.8337, 12.0801, 90.3562, -106.461
2.07225, -1, -3.17444, 11.9922, 19.8654, 12.0701, 90.2587, -106.707
2.07919, -1, -3.34908, 11.8989, 19.8971, 12.0601, 90.1609, -106.952
2.08803, -1, -3.52403, 11.8057, 19.9286, 12.0502, 90.0634, -107.197
2.0952, -1, -3.6992, 11.7125, 19.9601, 12.0404, 89.9661, -107.442
2.10322, -1, -3.87462, 11.6194, 19.9917, 12.0309, 89.8685, -107.687
2.11132, -1, -4.05033, 11.5262, 20.0232, 12.0214, 89.7712, -107.931
2.11919, -1, -4.22636, 11.433, 20.0546, 12.0119, 89.6741, -108.176
2.1272, -1, -4.40223, 11.3397, 20.0862, 12.0025, 89.5767, -108.42
2.13598, -1, -4.57763, 11.2466, 20.1177, 11.9932, 89.4796, -108.664
2.14426, -1, -4.75261, 11.1535, 20.1491, 11.9838, 89.3828, -108.908
2.15122, -1, -4.92702, 11.0605, 20.1804, 11.9745, 89.2855, -109.152
2.16003, -1, -5.1007, 10.9675, 20.2119, 11.965, 89.1884, -109.395
2.16828, -1, -5.27393, 10.8746, 20.2434, 11.9555, 89.0919, -109.639
2.1752, -1, -5.4468, 10.7818, 20.2747, 11.9457, 88.9949, -109.882
2.184, -1, -5.61906, 10.689, 20.3061, 11.9357, 88.898, -110.126
2.19226, -1, -5.79117, 10.5962, 20.3376, 11.9257, 88.8015, -110.369
2.1992, -1, -5.96347, 10.5035, 20.3689, 11.9158, 88.7046, -110.612
2.20882, -1, -6.13603, 10.4109, 20.4002, 11.906, 88.6078, -110.855
2.21619, -1, -6.30906, 10.3184, 20.4316, 11.8963, 88.5114, -111.098
2.22337, -1, -6.48242, 10.226, 20.4628, 11.8868, 88.4146, -111.341
2.23157, -1, -6.65606, 10.1336, 20.494, 11.8775, 88.3183, -111.583
2.2393, -1, -6.83008, 10.0413, 20.5253, 11.8682, 88.2221, -111.826
2.24736, -1, -7.00429, 9.9489, 20.5566, 11.859, 88.1257, -112.068
2.25574, -1, -7.17881, 9.85654, 20.5878, 11.8499, 88.0293, -112.31
2.26322, -1, -7.35304, 9.76419, 20.6191, 11.8407, 87.9333, -112.552
2.2713, -1, -7.52679, 9.67199, 20.6503, 11.8314, 87.837, -112.794
2.28075, -1, -7.7003, 9.57982, 20.6814, 11.8221, 87.7406, -113.036
2.2873, -1, -7.87324, 9.48768, 20.7125, 11.8127, 87.6446, -113.278
2.29535, -1, -8.04544, 9.39569, 20.7437, 11.8031, 87.5484, -113.519
2.30492, -1, -8.21714, 9.30366, 20.775, 11.7933, 87.4523, -113.761
2.31219, -1, -8.38825, 9.21166, 20.806, 11.7836, 87.3564, -114.002
2.31957, -1, -8.5588, 9.11965, 20.8371, 11.7738, 87.2601, -114.243
2.32909, -1, -8.72938, 9.02779, 20.8683, 11.7642, 87.1641, -114.484
2.33623, -1, -8.90009, 8.93596, 20.8994, 11.7547, 87.0682, -114.725
2.34375, -1, -9.07117, 8.84425, 20.9304, 11.7453, 86.9721, -114.966
2.35334, -1, -9.24271, 8.75255, 20.9615, 11.736, 86.8762, -115.206
2.35989, -1, -9.4145, 8.6609, 20.9926, 11.7268, 86.7804, -115.447
2.36838, -1, -9.5865, 8.56933, 21.0235, 11.7176, 86.6845, -115.687
2.37651, -1, -9.67263, 8.52358, 21.0544, 11.7084, 86.5887, -115.928
2.3839, -1, -9.84511, 8.432, 21.0854, 11.6993, 86.4932, -116.168
2.39233, -1, -10.1043, 8.2946, 21.1164, 11.69, 86.3974, -116.408
2.39919, -1, -10.1908, 8.24888, 21.1319, 11.6853, 86.3496, -116.528
2.40724, -1, -10.3635, 8.15746, 21.1627, 11.6759, 86.2542, -116.768
2.41634, -1, -10.6217, 8.02025, 21.209, 11.6617, 86.111, -117.128
2.4232, -1, -10.7076, 7.97458, 21.2244, 11.6569, 86.0633, -117.247
2.43124, -1, -10.8789, 7.88331, 21.2552, 11.6472, 85.968, -117.487
2.44051, -1, -11.1343, 7.74635, 21.3015, 11.6326, 85.8252, -117.846
2.44719, -1, -11.2191, 7.70073, 21.317, 11.6278, 85.7775, -117.966
2.4566, -1, -11.4731, 7.56397, 21.3632, 11.6135, 85.635, -118.324
2.4632, -1, -11.5577, 7.51845, 21.3785, 11.6088, 85.5877, -118.444
2.47425, -1, -11.8112, 7.38209, 21.4249, 11.595, 85.4455, -118.802
2.4792, -1, -11.8959, 7.33666, 21.4403, 11.5906, 85.398, -118.921
2.48875, -1, -12.1502, 7.20043, 21.4864, 11.577, 85.2562, -119.279
2.4968, -1, -12.3201, 7.10969, 21.5171, 11.5681, 85.1615, -119.517
2.50484, -1, -12.4906, 7.01901, 21.548, 11.5593, 85.0669, -119.755
2.51273, -1, -12.576, 6.97363, 21.5634, 11.5548, 85.0198, -119.874
2.52019, -1, -12.7469, 6.88286, 21.594, 11.5458, 84.9251, -120.113
2.52824, -1, -12.9181, 6.79219, 21.6247, 11.5366, 84.8306, -120.351
2.53618, -1, -13.0894, 6.70152, 21.6555, 11.5273, 84.7362, -120.588
2.54421, -1, -13.2605, 6.61092, 21.6861, 11.5178, 84.6416, -120.826
2.55118, -1, -13.4313, 6.52026, 21.7166, 11.5082, 84.5469, -121.064
2.55919, -1, -13.6015, 6.42973, 21.7473, 11.4986, 84.4526, -121.301
2.56726, -1, -13.7714, 6.33922, 21.7779, 11.4889, 84.358, -121.538
2.57518, -1, -13.9405, 6.24865, 21.8085, 11.4793, 84.2635, -121.775
2.58318, -1, -14.109, 6.15812, 21.839, 11.4699, 84.1692, -122.012
2.59125, -1, -14.277, 6.06777, 21.8696, 11.4605, 84.0747, -122.249
2.59918, -1, -14.4447, 5.9775, 21.9002, 11.4514, 83.9803, -122.486
2.60725, -1, -14.6121, 5.88736, 21.9307, 11.4423, 83.886, -122.723
2.61521, -1, -14.7798, 5.79728, 21.9613, 11.4333, 83.7915, -122.959
2.62318, -1, -14.9476, 5.70731, 21.9919, 11.4244, 83.6973, -123.196
2.63125, -1, -15.1158, 5.61732, 22.0222, 11.4153, 83.603, -123.432
2.63919, -1, -15.2844, 5.52746, 22.0527, 11.4063, 83.5088, -123.668
2.64718, -1, -15.4535, 5.43754, 22.0832, 11.3971, 83.4146, -123.904
2.65529, -1, -15.6229, 5.34757, 22.1137, 11.3878, 83.3204, -124.14
2.66319, -1, -15.7924, 5.2578, 22.1441, 11.3785, 83.2266, -124.376
2.67118, -1, -15.962, 5.16803, 22.1745, 11.3689, 83.1324, -124.612
2.67925, -1, -16.1316, 5.07818, 22.2049, 11.3592, 83.0386, -124.848
2.68719, -1, -16.3009, 4.98841, 22.2353, 11.3495, 82.945, -125.083
2.69528, -1, -16.47, 4.89867, 22.2655, 11.3398, 82.8512, -125.319
2.70325, -1, -16.6387, 4.80893, 22.2958, 11.3304, 82.7576, -125.554
2.71134, -1, -16.8067, 4.71915, 22.3262, 11.321, 82.6643, -125.789
2.71925, -1, -16.9737, 4.62946, 22.3564, 11.312, 82.5706, -126.024
2.72734, -1, -17.1404, 4.53988, 22.3866, 11.303, 82.4771, -126.259
2.7356, -1, -17.3069, 4.45038, 22.4169, 11.2941, 82.384, -126.493
2.74329, -1, -17.4731, 4.36104, 22.4472, 11.2853, 82.2904, -126.728
2.75136, -1, -17.6392, 4.2717, 22.4773, 11.2765, 82.1971, -126.963
2.75973, -1, -17.8054, 4.1824, 22.5075, 11.2677, 82.1044, -127.197
2.76818, -1, -17.9719, 4.0932, 22.5379, 11.2588, 82.0112, -127.432
2.77527, -1, -18.1387, 4.00393, 22.568, 11.2497, 81.9182, -127.666
2.78412, -1, -18.3058, 3.91467, 22.5981, 11.2407, 81.8254, -127.9
2.79129, -1, -18.4734, 3.82551, 22.6283, 11.2313, 81.7323, -128.134
2.79949, -1, -18.6414, 3.73636, 22.6586, 11.2218, 81.6395, -128.367
2.8082, -1, -18.8093, 3.64726, 22.6886, 11.2122, 81.5467, -128.601
2.81553, -1, -18.9774, 3.55818, 22.7187, 11.2025, 81.4538, -128.835
2.8235, -1, -19.1453, 3.46918, 22.7489, 11.193, 81.3609, -129.068
2.83155, -1, -19.313, 3.38024, 22.7791, 11.1835, 81.2683, -129.302
2.84043, -1, -19.4803, 3.2913, 22.8091, 11.1743, 81.1756, -129.535
2.84779, -1, -19.647, 3.2023, 22.8392, 11.1652, 81.0828, -129.768
2.85629, -1, -19.8131, 3.11345, 22.8694, 11.1562, 80.9901, -130.001
2.86462, -1, -19.9788, 3.02473, 22.8995, 11.1472, 80.8975, -130.234
2.87175, -1, -20.1441, 2.93611, 22.9294, 11.1383, 80.8048, -130.466
2.88028, -1, -20.3089, 2.84758, 22.9595, 11.1295, 80.7122, -130.699
2.88863, -1, -20.3912, 2.80332, 22.9746, 11.1251, 80.6199, -130.931
2.89518, -1, -20.5559, 2.71487, 23.0047, 11.1162, 80.5734, -131.047
2.90322, -1, -20.7207, 2.62637, 23.0346, 11.1072, 80.4809, -131.28
2.91314, -1, -20.9684, 2.49383, 23.0796, 11.0935, 80.3422, -131.628
2.91917, -1, -21.0512, 2.44957, 23.0946, 11.0889, 80.2957, -131.744
2.92834, -1, -21.2999, 2.31695, 23.1395, 11.0748, 80.1571, -132.092
2.93518, -1, -21.383, 2.27278, 23.1544, 11.07, 80.111, -132.208
2.94322, -1, -21.5493, 2.18444, 23.1843, 11.0605, 80.0187, -132.44
2.95257, -1, -21.7987, 2.05193, 23.2291, 11.0464, 79.8804, -132.787
2.95925, -1, -21.8819, 2.00782, 23.244, 11.0417, 79.8342, -132.903
2.96723, -1, -22.0483, 1.91958, 23.2738, 11.0325, 79.7422, -133.134
2.97706, -1, -22.2976, 1.78719, 23.3186, 11.0191, 79.604, -133.481
2.98556, -1, -22.4633, 1.6989, 23.3484, 11.0102, 79.512, -133.712
2.99125, -1, -22.546, 1.65482, 23.3633, 11.0059, 79.4661, -133.828
3.00079, -1, -22.7932, 1.52257, 23.408, 10.9928, 79.3279, -134.175
3.00961, -1, -22.8753, 1.47854, 23.4229, 10.9885, 79.2361, -134.406
3.01524, -1, -23.0392, 1.39061, 23.4526, 10.9799, 79.1903, -134.521
3.02422, -1, -23.203, 1.30267, 23.4823, 10.9711, 79.0982, -134.752
3.03218, -1, -23.3665, 1.21481, 23.512, 10.9623, 79.0065, -134.982
3.03933, -1, -23.53, 1.12708, 23.5419, 10.9533, 78.915, -135.212
3.04822, -1, -23.6936, 1.03934, 23.5716, 10.9443, 78.8232, -135.443
3.05617, -1, -23.8574, 0.951688, 23.6013, 10.935, 78.7315, -135.673
3.06318, -1, -24.0213, 0.864078, 23.6311, 10.9256, 78.6402, -135.903
3.07117, -1, -24.1854, 0.776495, 23.6608, 10.9161, 78.5487, -136.133
3.07925, -1, -24.3498, 0.689033, 23.6904, 10.9068, 78.4573, -136.363
3.08717, -1, -24.5145, 0.601438, 23.72, 10.8974, 78.3658, -136.593
3.09518, -1, -24.6795, 0.513934, 23.7496, 10.8883, 78.2746, -136.823
3.10335, -1, -24.8444, 0.42651, 23.7793, 10.8793, 78.1831, -137.053
3.11117, -1, -25.0094, 0.338972, 23.8088, 10.8703, 78.0917, -137.282
3.11917, -1, -25.1741, 0.251434, 23.8384, 10.8615, 78.0008, -137.511
3.12725, -1, -25.3384, 0.163985, 23.8681, 10.8529, 77.9095, -137.74
3.13517, -1, -25.5021, 0.0765576, 23.8976, 10.8442, 77.8184, -137.969
3.14317, -1, -25.6656, -0.0108594, 23.927, 10.8355, 77.7276, -138.198
3.15124, -1, -25.8287, -0.0980599, 23.9565, 10.8269, 77.6365, -138.427
3.15919, -1, -25.9915, -0.185288, 23.9862, 10.818, 77.5455, -138.656
3.16716, -1, -26.154, -0.272463, 24.0157, 10.8092, 77.4547, -138.885
3.17525, -1, -26.3163, -0.359479, 24.0451, 10.8002, 77.3636, -139.114
3.18317, -1, -26.4785, -0.446544, 24.0746, 10.7911, 77.2726, -139.342
3.19124, -1, -26.6408, -0.533558, 24.1042, 10.7817, 77.1816, -139.57
3.19942, -1, -26.8033, -0.620507, 24.1337, 10.7725, 77.0906, -139.799
3.20717, -1, -26.9661, -0.707448, 24.1631, 10.7632, 76.9997, -140.027
3.21527, -1, -27.129, -0.794292, 24.1926, 10.7541, 76.9088, -140.255
3.22326, -1, -27.2921, -0.881297, 24.2221, 10.7451, 76.818, -140.483
3.23129, -1, -27.4553, -0.968156, 24.2513, 10.7363, 76.7271, -140.711
3.23938, -1, -27.6188, -1.05495, 24.2807, 10.7277, 76.6363, -140.939
3.24861, -1, -27.7822, -1.14182, 24.3101, 10.7191, 76.5458, -141.167
3.25528, -1, -27.9456, -1.22864, 24.3396, 10.7105, 76.4548, -141.394
3.26337, -1, -28.1087, -1.31541, 24.3688, 10.702, 76.3642, -141.621
3.27117, -1, -28.2717, -1.40214, 24.3982, 10.6934, 76.2738, -141.849
3.27938, -1, -28.4343, -1.48875, 24.4276, 10.6848, 76.183, -142.076
3.2872, -1, -28.5967, -1.57529, 24.4569, 10.6761, 76.0926, -142.303
3.29529, -1, -28.7587, -1.66185, 24.4861, 10.6673, 76.0023, -142.531
3.30339, -1, -28.9203, -1.74833, 24.5153, 10.6584, 75.9118, -142.757
3.31134, -1, -29.0815, -1.83476, 24.5446, 10.6493, 75.8215, -142.984
3.31979, -1, -29.2425, -1.92116, 24.5738, 10.6401, 75.7313, -143.211
3.32823, -1, -29.4037, -2.00758, 24.6031, 10.6307, 75.641, -143.438
3.33554, -1, -29.565, -2.09394, 24.6323, 10.6215, 75.5508, -143.665
3.34372, -1, -29.7262, -2.18018, 24.6617, 10.6123, 75.4607, -143.891
3.35231, -1, -29.8876, -2.2664, 24.6908, 10.6033, 75.3707, -144.118
3.35973, -1, -30.049, -2.35264, 24.7199, 10.5945, 75.2804, -144.344
3.3683, -1, -30.2105, -2.4388, 24.7491, 10.5858, 75.1903, -144.57
3.37576, -1, -30.3722, -2.52492, 24.7783, 10.5772, 75.1008, -144.796
3.38427, -1, -30.5341, -2.61113, 24.8074, 10.5686, 75.0106, -145.022
3.39185, -1, -30.6152, -2.6542, 24.822, 10.5642, 74.921, -145.248
3.39915, -1, -30.7773, -2.74037, 24.8512, 10.5556, 74.8763, -145.361
3.40819, -1, -31.0202, -2.86954, 24.8949, 10.5426, 74.7418, -145.7
3.41522, -1, -31.101, -2.91257, 24.9094, 10.5383, 74.697, -145.813
3.42316, -1, -31.2624, -2.99854, 24.9385, 10.5296, 74.6073, -146.039
3.43234, -1, -31.5042, -3.12752, 24.9822, 10.5163, 74.4731, -146.377
3.43917, -1, -31.5846, -3.17046, 24.9967, 10.5118, 74.4282, -146.49
3.44851, -1, -31.8255, -3.29929, 25.0401, 10.4982, 74.2938, -146.828
3.45519, -1, -31.9058, -3.34221, 25.0546, 10.4936, 74.2492, -146.94
3.46468, -1, -32.1461, -3.47093, 25.0983, 10.4797, 74.1146, -147.278
3.47271, -1, -32.3062, -3.55669, 25.1273, 10.4707, 74.025, -147.503
3.48079, -1, -32.4662, -3.6423, 25.1563, 10.4617, 73.9357, -147.728
3.48878, -1, -32.6264, -3.72791, 25.1853, 10.4529, 73.846, -147.953
3.49678, -1, -32.7865, -3.81349, 25.2144, 10.4441, 73.7565, -148.178
3.50473, -1, -32.8665, -3.89906, 25.2433, 10.4355, 73.6673, -148.402
3.51285, -1, -33.0267, -3.94181, 25.2722, 10.4269, 73.5778, -148.626
3.51915, -1, -33.1872, -4.02731, 25.2867, 10.4226, 73.5331, -148.739
3.52815, -1, -33.3479, -4.11289, 25.3158, 10.4141, 73.4436, -148.963
3.53625, -1, -33.5086, -4.19849, 25.3447, 10.4055, 73.3544, -149.188
3.54318, -1, -33.6693, -4.28406, 25.3735, 10.3969, 73.2648, -149.412
3.55123, -1, -33.8298, -4.36958, 25.4024, 10.3883, 73.1754, -149.636
3.55915, -1, -33.9901, -4.45499, 25.4314, 10.3795, 73.0862, -149.86
3.56715, -1, -34.1505, -4.54036, 25.4603, 10.3707, 72.9966, -150.084
3.57521, -1, -34.3107, -4.62578, 25.4892, 10.3616, 72.9074, -150.308
3.58316, -1, -34.4709, -4.71111, 25.5181, 10.3524, 72.8181, -150.532
3.59122, -1, -34.6307, -4.79641, 25.5471, 10.3433, 72.729, -150.755
3.59918, -1, -34.7902, -4.88168, 25.5758, 10.3341, 72.6398, -150.979
3.60717, -1, -34.9494, -4.96698, 25.6046, 10.3251, 72.5508, -151.203
3.61522, -1, -35.1085, -5.05221, 25.6335, 10.3162, 72.4619, -151.426
3.62315, -1, -35.2676, -5.1373, 25.6625, 10.3075, 72.3729, -151.65
3.63115, -1, -35.4267, -5.22236, 25.6912, 10.2988, 72.284, -151.873
3.63922, -1, -35.5859, -5.30746, 25.7199, 10.2902, 72.1955, -152.097
3.64716, -1, -35.7449, -5.39247, 25.7487, 10.2817, 72.1065, -152.32
3.65515, -1, -35.904, -5.47739, 25.7775, 10.2732, 72.0178, -152.543
3.66323, -1, -36.0631, -5.56239, 25.8062, 10.2647, 71.9293, -152.766
3.67124, -1, -36.2223, -5.64743, 25.835, 10.2563, 71.8405, -152.989
3.67915, -1, -36.3817, -5.73242, 25.8638, 10.2478, 71.7518, -153.212
3.68722, -1, -36.5411, -5.81739, 25.8924, 10.239, 71.6633, -153.435
3.69515, -1, -36.7003, -5.90226, 25.9211, 10.2302, 71.575, -153.657
3.7032, -1, -36.8596, -5.98705, 25.9497, 10.2212, 71.4865, -153.88
3.71116, -1, -37.0189, -6.0718, 25.9785, 10.2122, 71.398, -154.102
3.71919, -1, -37.178, -6.15652, 26.0073, 10.2029, 71.3099, -154.325
3.7273, -1, -37.3371, -6.24118, 26.0359, 10.1937, 71.2213, -154.547
3.73525, -1, -37.496, -6.32582, 26.0645, 10.1846, 71.1328, -154.77
3.74331, -1, -37.6545, -6.41049, 26.0933, 10.1757, 71.0446, -154.992
3.75132, -1, -37.8129, -6.49515, 26.122, 10.1669, 70.956, -155.214
3.75925, -1, -37.9713, -6.57977, 26.1506, 10.1583, 70.8676, -155.436
3.76729, -1, -38.1297, -6.66442, 26.1793, 10.1499, 70.7793, -155.658
3.77522, -1, -38.2879, -6.74898, 26.208, 10.1415, 70.6911, -155.88
3.78324, -1, -38.4459, -6.83358, 26.2365, 10.1331, 70.6029, -156.102
3.7912, -1, -38.6037, -6.91807, 26.265, 10.1249, 70.5146, -156.323
3.79933, -1, -38.7618, -7.00253, 26.2937, 10.1166, 70.4266, -156.545
3.80729, -1, -38.9198, -7.08703, 26.3224, 10.1082, 70.3382, -156.767
3.81548, -1, -39.0778, -7.17156, 26.351, 10.0997, 70.2499, -156.988
3.82361, -1, -39.2361, -7.25602, 26.3794, 10.0911, 70.1619, -157.21
3.83221, -1, -39.3944, -7.34044, 26.408, 10.0823, 70.0736, -157.431
3.83953, -1, -39.5526, -7.42481, 26.4367, 10.0735, 69.9854, -157.652
3.84771, -1, -39.7108, -7.50914, 26.4652, 10.0645, 69.8975, -157.874
3.85631, -1, -39.869, -7.5935, 26.4936, 10.0555, 69.8092, -158.095
3.86401, -1, -40.0272, -7.67776, 26.5222, 10.0465, 69.7213, -158.316
3.87187, -1, -40.1854, -7.76202, 26.5508, 10.0376, 69.6333, -158.537
3.88032, -1, -40.3435, -7.84624, 26.5793, 10.0288, 69.5455, -158.758
3.88775, -1, -40.4224, -7.88838, 26.5935, 10.0201, 69.4575, -158.979
3.89616, -1, -40.659, -8.01478, 26.6363, 10.0116, 69.3696, -159.2
3.90313, -1, -40.7379, -8.05684, 26.6506, 10.0074, 69.3258, -159.31
3.91225, -1, -40.9739, -8.18301, 26.6932, 9.99481, 69.194, -159.641
3.9192, -1, -41.0526, -8.22505, 26.7074, 9.99063, 69.1502, -159.751
3.92832, -1, -41.2883, -8.35112, 26.7501, 9.97808, 69.0188, -160.082
3.93517, -1, -41.3668, -8.3931, 26.7644, 9.97389, 68.975, -160.193
3.94456, -1, -41.6025, -8.51898, 26.807, 9.96123, 68.8432, -160.523
3.95113, -1, -41.6811, -8.56094, 26.8212, 9.95698, 68.7993, -160.633
3.96063, -1, -41.917, -8.68688, 26.864, 9.94401, 68.6679, -160.964
3.96939, -1, -42.0742, -8.77077, 26.8924, 9.93515, 68.5801, -161.184
3.97517, -1, -42.1528, -8.81273, 26.9066, 9.93069, 68.5363, -161.295
3.98478, -1, -42.3885, -8.93856, 26.9491, 9.91715, 68.405, -161.625
3.99352, -1, -42.5458, -9.02241, 26.9775, 9.90813, 68.3172, -161.845
3.99921, -1, -42.6244, -9.06436, 26.9917, 9.90365, 68.2735, -161.955
4.00895, -1, -42.8602, -9.19012, 27.0341, 9.89032, 68.1424, -162.285
4.0175, -1, -42.9388, -9.232, 27.0482, 9.88595, 68.0986, -162.504
4.02318, -1, -43.0961, -9.31572, 27.0766, 9.87732, 68.0109, -162.614
4.03217, -1, -43.2531, -9.39951, 27.105, 9.86888, 67.9234, -162.834
4.04016, -1, -43.41, -9.48325, 27.1333, 9.86058, 67.8361, -163.053
4.04718, -1, -43.567, -9.56689, 27.1616, 9.85238, 67.7485, -163.273
4.05513, -1, -43.7238, -9.6506, 27.1899, 9.84424, 67.6611, -163.493
4.06315, -1, -43.8805, -9.73426, 27.2182, 9.83608, 67.5738, -163.712
4.07118, -1, -44.0372, -9.81789, 27.2464, 9.82793, 67.4865, -163.931
4.07915, -1, -44.1936, -9.90149, 27.2746, 9.81961, 67.3992, -164.151
4.08714, -1, -44.3499, -9.98509, 27.3029, 9.81123, 67.3121, -164.37
4.09515, -1, -44.5062, -10.0686, 27.3313, 9.80278, 67.2251, -164.59
4.10316, -1, -44.6624, -10.1523, 27.3594, 9.79409, 67.1377, -164.809
4.1112, -1, -44.8186, -10.2358, 27.3877, 9.78532, 67.0504, -165.028
4.11913, -1, -44.9749, -10.3192, 27.416, 9.77642, 66.9635, -165.247
4.12719, -1, -45.1308, -10.4025, 27.4444, 9.76732, 66.8761, -165.466
4.13521, -1, -45.2861, -10.4853, 27.4726, 9.75841, 66.789, -165.685
4.14313, -1, -45.4401, -10.5675, 27.501, 9.74965, 66.7022, -165.903
4.15113, -1, -45.5914, -10.648, 27.5294, 9.74106, 66.6158, -166.12
4.15919, -1, -45.7384, -10.7254, 27.5579, 9.73283, 66.5305, -166.334
4.16715, -1, -45.8789, -10.7984, 27.5861, 9.72491, 66.4475, -166.542
4.17514, -1, -46.0106, -10.8663, 27.6132, 9.7175, 66.3691, -166.74
4.18321, -1, -46.1315, -10.9283, 27.6384, 9.71084, 66.2962, -166.922
4.19113, -1, -46.2388, -10.9829, 27.6607, 9.70489, 66.2322, -167.083
4.19913, -1, -46.3307, -11.0305, 27.6789, 9.70001, 66.1775, -167.219
4.20726, -1, -46.4074, -11.0719, 27.6927, 9.69598, 66.1342, -167.328
4.21516, -1, -46.4698, -11.1074, 27.7022, 9.69284, 66.102, -167.409
4.22319, -1, -46.5185, -11.1362, 27.7079, 9.69045, 66.0797, -167.466
4.23129, -1, -46.5549, -11.1579, 27.7108, 9.6888, 66.0652, -167.503
4.23933, -1, -46.581, -11.1731, 27.7122, 9.68756, 66.0565, -167.525
4.24723, -1, -46.5986, -11.1833, 27.7128, 9.68678, 66.0518, -167.537
4.25552, -1, -46.6092, -11.1896, 27.7131, 9.6863, 66.0495, -167.543
4.26323, 2, -46.6147, -11.1927, 27.7132, 9.68603, 66.0483, -167.545
4.27122, 2, -46.6169, -11.1941, 27.7133, 9.68589, 66.0477, -167.547
4.27928, 2, -46.6169, -11.1946, 27.7133, 9.6858, 66.0474, -167.547
4.28716, 2, -46.6165, -11.1947, 27.7133, 9.68575, 66.0472, -167.548
4.2952, 2, -46.6163, -11.1948, 27.7133, 9.68571, 66.0472, -167.548
4.30335, 2, -46.6166, -11.1948, 27.7134, 9.68569, 66.0472, -167.548
4.31128, 2, -46.6174, -11.195, 27.7134, 9.68562, 66.0471, -167.548
4.31938, 2, -46.6185, -11.1955, 27.7134, 9.68553, 66.0471, -167.548
4.32755, 2, -46.6202, -11.196, 27.7134, 9.6855, 66.0471, -167.548
4.3355, 2, -46.6218, -11.1968, 27.7133, 9.68545, 66.0471, -167.548
4.34356, 2, -46.623, -11.1975, 27.7133, 9.68541, 66.0471, -167.548
4.35221, 2, -46.624, -11.198, 27.7134, 9.68538, 66.0471, -167.548
4.35963, 2, -46.6246, -11.1983, 27.7134, 9.68535, 66.0471, -167.548
4.36823, 2, -46.6248, -11.1984, 27.7134, 9.68536, 66.0471, -167.548
4.37588, 2, -46.625, -11.1985, 27.7134, 9.68536, 66.0471, -167.548
4.38436, 2, -46.625, -11.1984, 27.7134, 9.68533, 66.0471, -167.548
4.39174, 2, -46.625, -11.1984, 27.7134, 9.68535, 66.0471, -167.548
4.40014, 2, -46.6244, -11.1982, 27.7134, 9.68533, 66.0471, -167.548
4.40712, 2, -46.6242, -11.1982, 27.7134, 9.68531, 66.0471, -167.548
4.41616, 2, -46.6236, -11.1982, 27.7134, 9.68529, 66.0471, -167.548
4.42317, 2, -46.6235, -11.1982, 27.7134, 9.6853, 66.0471, -167.548
4.43244, 2, -46.6234, -11.1983, 27.7134, 9.68534, 66.0471, -167.548
4.43915, 2, -46.6235, -11.1984, 27.7134, 9.68535, 66.0471, -167.548
4.44847, 2, -46.6238, -11.1986, 27.7134, 9.68529, 66.0471, -167.548
4.45513, 2, -46.6242, -11.1987, 27.7134, 9.68527, 66.0471, -167.548
4.46458, 2, -46.625, -11.1989, 27.7134, 9.68528, 66.0471, -167.548
4.47262, 2, -46.6252, -11.1989, 27.7134, 9.68528, 66.0471, -167.548
4.47912, 2, -46.6252, -11.1989, 27.7134, 9.68528, 66.0471, -167.548
4.48869, 2, -46.6252, -11.1989, 27.7134, 9.68528, 66.0471, -167.548
4.49675, 2, -46.6252, -11.1988, 27.7134, 9.68528, 66.0471, -167.547
4.50478, 2, -46.6251, -11.1987, 27.7134, 9.68528, 66.0471, -167.547
4.51273, 2, -46.625, -11.1987, 27.7134, 9.68529, 66.0471, -167.547
4.52076, 2, -46.6247, -11.1987, 27.7134, 9.68527, 66.0471, -167.547
4.52816, 2, -46.6245, -11.1987, 27.7134, 9.68523, 66.0471, -167.547
4.53612, 2, -46.6243, -11.1987, 27.7134, 9.68524, 66.0471, -167.547
4.54421, 2, -46.6241, -11.1987, 27.7134, 9.68526, 66.0471, -167.547
4.55217, 2, -46.624, -11.1987, 27.7134, 9.68527, 66.0471, -167.547
4.56013, 2, -46.6239, -11.1988, 27.7134, 9.68528, 66.0471, -167.547
4.56812, 2, -46.6239, -11.1988, 27.7134, 9.68528, 66.0471, -167.547
4.57617, 2, -46.6239, -11.1988, 27.7134, 9.68531, 66.0471, -167.547
4.5842, 2, -46.6239, -11.1988, 27.7134, 9.68529, 66.0471, -167.547
4.59119, 2, -46.6239, -11.1988, 27.7134, 9.6853, 66.0472, -167.547
4.59912, 2, -46.6238, -11.1987, 27.7134, 9.6853, 66.0472, -167.547
4.60714, 2, -46.6238, -11.1987, 27.7134, 9.68529, 66.0472, -167.547
4.6152, 2, -46.6237, -11.1986, 27.7134, 9.68528, 66.0472, -167.547
4.62312, 2, -46.6236, -11.1986, 27.7134, 9.6853, 66.0472, -167.546
4.63111, 2, -46.6235, -11.1986, 27.7134, 9.68533, 66.0472, -167.546
4.63918, 2, -46.6234, -11.1986, 27.7134, 9.6853, 66.0471, -167.546
4.64712, 2, -46.6234, -11.1986, 27.7134, 9.68529, 66.0472, -167.546
4.65513, 2, -46.6233, -11.1986, 27.7134, 9.68528, 66.0472, -167.546
4.66319, 2, -46.6232, -11.1986, 27.7134, 9.68528, 66.0472, -167.546
4.67113, 2, -46.6231, -11.1986, 27.7134, 9.6853, 66.0472, -167.546
4.67912, 2, -46.623, -11.1987, 27.7134, 9.68532, 66.0472, -167.546
4.68719, 2, -46.623, -11.1986, 27.7134, 9.68531, 66.0472, -167.546
4.69513, 2, -46.6229, -11.1986, 27.7134, 9.68526, 66.0472, -167.546
4.70312, 2, -46.6228, -11.1986, 27.7134, 9.68527, 66.0473, -167.546
4.71124, 2, -46.6227, -11.1985, 27.7134, 9.68528, 66.0472, -167.546
4.71914, 2, -46.6226, -11.1985, 27.7134, 9.68528, 66.0472, -167.546
4.72718, 2, -46.6225, -11.1985, 27.7134, 9.68528, 66.0472, -167.546
4.7353, 2, -46.6224, -11.1985, 27.7134, 9.68528, 66.0472, -167.546
4.74322, 2, -46.6223, -11.1985, 27.7134, 9.68531, 66.0472, -167.546
4.75122, 2, -46.6222, -11.1985, 27.7134, 9.68529, 66.0472, -167.546
4.75928, 2, -46.6221, -11.1985, 27.7134, 9.68528, 66.0472, -167.546
4.76722, 2, -46.622, -11.1985, 27.7134, 9.68533, 66.0473, -167.546
4.77522, 2, -46.6219, -11.1985, 27.7134, 9.68531, 66.0473, -167.546
4.78335, 2, -46.6218, -11.1985, 27.7134, 9.68534, 66.0472, -167.546
4.79113, 2, -46.6217, -11.1985, 27.7134, 9.68535, 66.0472, -167.546
4.79915, 2, -46.6216, -11.1985, 27.7134, 9.68531, 66.0472, -167.546
4.80731, 2, -46.6215, -11.1984, 27.7134, 9.68531, 66.0472, -167.546
4.81527, 2, -46.6214, -11.1984, 27.7134, 9.68535, 66.0472, -167.546
4.82332, 2, -46.6213, -11.1984, 27.7134, 9.68532, 66.0472, -167.546
4.83195, 2, -46.6212, -11.1983, 27.7134, 9.68528, 66.0472, -167.546
4.84019, 2, -46.6212, -11.1983, 27.7134, 9.68527, 66.0473, -167.546
4.84752, 2, -46.621, -11.1983, 27.7134, 9.68527, 66.0473, -167.546
4.856, 2, -46.6209, -11.1983, 27.7134, 9.6853, 66.0473, -167.546
4.86432, 2, -46.6208, -11.1983, 27.7134, 9.68529, 66.0473, -167.546
4.8717, 2, -46.6208, -11.1983, 27.7134, 9.68531, 66.0472, -167.546
4.88027, 2, -46.6207, -11.1983, 27.7134, 9.68531, 66.0472, -167.546
4.88769, 2, -46.6207, -11.1983, 27.7134, 9.68532, 66.0473, -167.546
4.89618, 2, -46.6207, -11.1983, 27.7133, 9.68536, 66.0472, -167.546
4.90404, 2, -46.6207, -11.1983, 27.7134, 9.68533, 66.0472, -167.546
4.9111, 2, -46.6207, -11.1983, 27.7134, 9.68533, 66.0473, -167.546
4.92015, 2, -46.6206, -11.1983, 27.7133, 9.68535, 66.0473, -167.546
4.92812, 2, -46.6206, -11.1983, 27.7133, 9.68536, 66.0473, -167.546
4.93517, 2, -46.6206, -11.1982, 27.7134, 9.68537, 66.0473, -167.546
4.94436, 2, -46.6205, -11.1982, 27.7133, 9.68534, 66.0473, -167.546
4.95114, 2, -46.6204, -11.1982, 27.7134, 9.68532, 66.0473, -167.546
4.9591, 2, -46.6204, -11.1982, 27.7134, 9.68532, 66.0473, -167.546
4.96849, 2, -46.6202, -11.1982, 27.7134, 9.68531, 66.0473, -167.546
4.97515, 2, -46.6202, -11.1982, 27.7134, 9.68532, 66.0474, -167.546
4.9831, 2, -46.6201, -11.1982, 27.7133, 9.68532, 66.0474, -167.546
4.99264, 2, -46.62, -11.1982, 27.7133, 9.68531, 66.0474, -167.546
5.00094, 2, -46.62, -11.1982, 27.7133, 9.68535, 66.0474, -167.546
5.00871, 2, -46.62, -11.1982, 27.7133, 9.68537, 66.0474, -167.546
5.01663, 2, -46.62, -11.1982, 27.7133, 9.68533, 66.0473, -167.546
5.02509, 2, -46.6199, -11.1981, 27.7133, 9.68532, 66.0474, -167.546
5.0311, 2, -46.6199, -11.1981, 27.7133, 9.68534, 66.0474, -167.546
5.04011, 2, -46.6199, -11.1981, 27.7133, 9.68532, 66.0474, -167.546
5.049, 2, -46.6199, -11.1981, 27.7134, 9.68529, 66.0474, -167.546
5.05511, 2, -46.6198, -11.1981, 27.7133, 9.6853, 66.0473, -167.546
5.06416, 2, -46.6197, -11.1981, 27.7133, 9.6853, 66.0473, -167.546
5.07211, 2, -46.6196, -11.1981, 27.7133, 9.68531, 66.0473, -167.546
5.0791, 2, -46.6195, -11.198, 27.7133, 9.68533, 66.0473, -167.546
5.08711, 2, -46.6194, -11.1981, 27.7133, 9.6853, 66.0473, -167.546
5.09611, 2, -46.6193, -11.1981, 27.7133, 9.68529, 66.0474, -167.546
5.10419, 2, -46.6193, -11.1981, 27.7133, 9.68531, 66.0474, -167.546
5.11211, 2, -46.6193, -11.198, 27.7134, 9.68531, 66.0474, -167.546
5.12022, 2, -46.6193, -11.198, 27.7134, 9.6853, 66.0474, -167.546
5.1271, 2, -46.6192, -11.198, 27.7133, 9.68534, 66.0474, -167.546
5.13513, 2, -46.6192, -11.198, 27.7133, 9.68536, 66.0474, -167.546
5.14315, 2, -46.6192, -11.198, 27.7133, 9.68537, 66.0474, -167.546
5.1511, 2, -46.6192, -11.1979, 27.7133, 9.68535, 66.0474, -167.546
5.15911, 2, -46.6191, -11.1979, 27.7133, 9.68534, 66.0474, -167.546
5.16716, 2, -46.619, -11.1979, 27.7133, 9.68535, 66.0474, -167.545
5.17513, 2, -46.6189, -11.1979, 27.7133, 9.68534, 66.0474, -167.545
5.18316, 2, -46.6188, -11.1979, 27.7133, 9.68532, 66.0474, -167.545
5.19115, 2, -46.6187, -11.1979, 27.7133, 9.68536, 66.0474, -167.545
5.1991, 2, -46.6186, -11.1979, 27.7133, 9.68534, 66.0474, -167.545
5.20712, 2, -46.6186, -11.1979, 27.7133, 9.68535, 66.0474, -167.545
5.21521, 2, -46.6185, -11.1979, 27.7133, 9.68531, 66.0474, -167.545
5.22314, 2, -46.6185, -11.1979, 27.7133, 9.68529, 66.0474, -167.545
5.23119, 2, -46.6185, -11.1979, 27.7133, 9.68529, 66.0474, -167.545
5.23924, 2, -46.6185, -11.1978, 27.7133, 9.6853, 66.0474, -167.545
5.24719, 2, -46.6185, -11.1978, 27.7133, 9.68533, 66.0474, -167.545
5.25523, 2, -46.6184, -11.1978, 27.7133, 9.68532, 66.0474, -167.545
5.2634, 2, -46.6184, -11.1977, 27.7133, 9.68531, 66.0474, -167.545
5.27215, 2, -46.6183, -11.1977, 27.7133, 9.68534, 66.0474, -167.545
5.27929, 2, -46.6182, -11.1977, 27.7133, 9.68538, 66.0474, -167.545
5.28721, 2, -46.6181, -11.1977, 27.7133, 9.68538, 66.0474, -167.545
5.29557, 2, -46.618, -11.1977, 27.7133, 9.68532, 66.0474, -167.545
5.30321, 2, -46.618, -11.1977, 27.7133, 9.68534, 66.0474, -167.545
5.31135, 2, -46.6179, -11.1977, 27.7133, 9.68537, 66.0474, -167.545
5.31956, 2, -46.6179, -11.1977, 27.7133, 9.68536, 66.0475, -167.545
5.3281, 2, -46.6178, -11.1977, 27.7133, 9.68536, 66.0474, -167.545
5.3355, 2, -46.6178, -11.1977, 27.7133, 9.68536, 66.0474, -167.545
5.34346, 2, -46.6178, -11.1976, 27.7133, 9.68538, 66.0474, -167.545
5.35214, 4, -46.6177, -11.1976, 27.7133, 9.68536, 66.0474, -167.545
5.35967, 4, -46.6177, -11.1976, 27.7133, 9.68533, 66.0475, -167.545
5.36825, 4, -46.6177, -11.1976, 27.7133, 9.68533, 66.0475, -167.545
5.37571, 4, -46.6176, -11.1976, 27.7133, 9.68535, 66.0475, -167.545
5.38431, 4, -46.6175, -11.1975, 27.7133, 9.68532, 66.0475, -167.545
5.39197, 4, -46.6175, -11.1975, 27.7133, 9.6853, 66.0474, -167.545
5.40016, 4, -46.6174, -11.1975, 27.7133, 9.68532, 66.0474, -167.545
5.40713, 4, -46.6174, -11.1975, 27.7133, 9.68532, 66.0474, -167.545
5.41617, 4, -46.6173, -11.1975, 27.7133, 9.68532, 66.0474, -167.545
5.4231, 4, -46.6172, -11.1975, 27.7133, 9.68531, 66.0474, -167.545
5.43222, 4, -46.6172, -11.1975, 27.7133, 9.6853, 66.0475, -167.545
5.43909, 4, -46.6172, -11.1975, 27.7133, 9.68533, 66.0475, -167.545
5.44866, 4, -46.6171, -11.1974, 27.7133, 9.68532, 66.0475, -167.545
5.47398, 4, -46.6171, -11.1974, 27.7133, 9.68533, 66.0475, -167.545
5.47648, 4, -46.6171, -11.1974, 27.7133, 9.68533, 66.0475, -167.545
5.47838, 4, -46.617, -11.1973, 27.7133, 9.68533, 66.0475, -167.545
5.48107, 4, -46.617, -11.1973, 27.7133, 9.68533, 66.0475, -167.545
5.4918, 4, -46.617, -11.1973, 27.7133, 9.68533, 66.0475, -167.545
5.49711, 4, -46.6169, -11.1974, 27.7133, 9.68534, 66.0474, -167.545
5.50319, 4, -46.617, -11.1974, 27.7133, 9.68534, 66.0474, -167.545
5.51351, 4, -46.6188, -11.1985, 27.714, 9.68622, 66.0479, -167.545
5.51923, 4, -46.6201, -11.1996, 27.715, 9.6879, 66.0484, -167.545
5.52706, 4, -46.6241, -11.2037, 27.7199, 9.69825, 66.0515, -167.543
5.53609, 4, -46.6301, -11.2108, 27.7305, 9.72293, 66.0588, -167.538
5.54498, 5, -46.6389, -11.2218, 27.7496, 9.77003, 66.0835, -167.519
5.55136, 5, -46.6512, -11.2378, 27.7797, 9.84577, 66.0963, -167.509
5.55908, 5, -46.6677, -11.259, 27.8226, 9.95457, 66.13, -167.482
5.56816, 5, -46.6884, -11.285, 27.8787, 10.0986, 66.1755, -167.446
5.57537, 5, -46.7132, -11.316, 27.9475, 10.2755, 66.2309, -167.401
5.5842, 5, -46.7417, -11.3517, 28.0272, 10.48, 66.2949, -167.349
5.59461, 5, -46.7904, -11.4137, 28.163, 10.8236, 66.4023, -167.262
5.6003, 5, -46.8078, -11.436, 28.2115, 10.9448, 66.44, -167.232
5.60808, 5, -46.8441, -11.4827, 28.3117, 11.1934, 66.5173, -167.168
5.61609, 5, -46.8822, -11.5315, 28.4148, 11.4471, 66.5956, -167.105
5.62785, 5, -46.9422, -11.6071, 28.573, 11.8321, 66.7132, -167.009
5.63104, 5, -46.9627, -11.6327, 28.6265, 11.9611, 66.7524, -166.976
5.63913, 5, -47.0041, -11.6843, 28.7345, 12.2195, 66.8301, -166.913
5.64715, 5, -47.0458, -11.7362, 28.8437, 12.4782, 66.9077, -166.849
5.65509, 5, -47.0878, -11.7884, 28.9541, 12.737, 66.9843, -166.785
5.6631, 5, -47.13, -11.8407, 29.0652, 12.996, 67.0606, -166.722
5.67131, 5, -47.1722, -11.8932, 29.1772, 13.255, 67.1361, -166.658
5.67907, 5, -47.2142, -11.9457, 29.2901, 13.514, 67.2113, -166.595
5.68709, 5, -47.2562, -11.9985, 29.4041, 13.7735, 67.2852, -166.533
5.69608, 5, -47.2983, -12.0515, 29.5192, 14.0328, 67.3592, -166.47
5.70316, 5, -47.3405, -12.1047, 29.6354, 14.2923, 67.4323, -166.408
5.71114, 5, -47.3833, -12.1583, 29.7524, 14.5517, 67.5052, -166.346
5.71959, 5, -47.4267, -12.2123, 29.8699, 14.8111, 67.5766, -166.285
5.72813, 5, -47.4705, -12.2666, 29.9885, 15.0705, 67.6482, -166.223
5.73537, 5, -47.5145, -12.3214, 30.1081, 15.3302, 67.7184, -166.163
5.74521, 5, -47.5588, -12.3765, 30.2288, 15.5901, 67.7889, -166.102
5.75208, 5, -47.6033, -12.4319, 30.3505, 15.8498, 67.8578, -166.042
5.76016, 5, -47.648, -12.4876, 30.4728, 16.1096, 67.9272, -165.983
5.7672, 5, -47.6928, -12.5434, 30.5959, 16.3694, 67.9952, -165.924
5.77542, 5, -47.7379, -12.5994, 30.7199, 16.6292, 68.0634, -165.865
5.78423, 5, -47.7831, -12.6555, 30.8451, 16.8889, 68.1302, -165.807
5.7911, 5, -47.8284, -12.7118, 30.9714, 17.1489, 68.1969, -165.749
5.79965, 5, -47.8739, -12.7683, 31.0985, 17.409, 68.2631, -165.691
5.80816, 5, -47.9193, -12.8249, 31.2265, 17.669, 68.3285, -165.634
5.81518, 5, -47.9645, -12.8817, 31.3553, 17.9292, 68.3938, -165.577
5.82333, 5, -48.0099, -12.9388, 31.4849, 18.1893, 68.4576, -165.519
5.8314, 5, -48.0556, -12.9963, 31.6155, 18.4495, 68.5219, -165.463
5.84018, 5, -48.1017, -13.0541, 31.7472, 18.7099, 68.5848, -165.407
5.848, 5, -48.1481, -13.1123, 31.8796, 18.9702, 68.6481, -165.351
5.85717, 5, -48.1949, -13.1709, 32.0129, 19.2307, 68.7102, -165.295
5.86357, 5, -48.242, -13.2297, 32.1472, 19.491, 68.772, -165.241
5.87217, 5, -48.289, -13.2887, 32.2823, 19.7516, 68.8335, -165.186
5.88051, 5, -48.3362, -13.3479, 32.4182, 20.0121, 68.8941, -165.131
5.88772, 5, -48.3835, -13.4073, 32.5551, 20.2725, 68.9549, -165.078
5.8968, 5, -48.4307, -13.4668, 32.6931, 20.5332, 69.0142, -165.024
5.9042, 5, -48.478, -13.5265, 32.8319, 20.7939, 69.0739, -164.971
5.91173, 5, -48.5017, -13.5563, 32.9017, 20.9243, 69.1326, -164.918
5.9212, 5, -48.5718, -13.6459, 33.112, 21.3153, 69.1908, -164.866
5.92723, 5, -48.5946, -13.6757, 33.1824, 21.4455, 69.2203, -164.839
5.93624, 5, -48.6601, -13.7643, 33.3942, 21.834, 69.3071, -164.756
5.94307, 5, -48.681, -13.7935, 33.4647, 21.9621, 69.3363, -164.727
5.9512, 5, -48.721, -13.851, 33.6046, 22.2153, 69.3961, -164.663
5.95927, 6, -48.7576, -13.9071, 33.742, 22.4619, 69.4563, -164.588
5.96853, 6, -48.8046, -13.9878, 33.9419, 22.8138, 69.5521, -164.45
5.97513, 6, -48.8179, -14.0136, 34.0063, 22.9254, 69.5849, -164.395
5.98544, 6, -48.8499, -14.0873, 34.1921, 23.2415, 69.6892, -164.201
5.99113, 6, -48.8577, -14.1105, 34.2514, 23.3405, 69.7252, -164.128
6.00096, 7, -48.872, -14.1758, 34.4219, 23.6201, 69.8383, -163.879
6.00705, 7, -48.8741, -14.1962, 34.4763, 23.7078, 69.8769, -163.789
6.01513, 7, -48.8747, -14.2352, 34.5819, 23.8764, 69.9563, -163.596
6.0247, 7, -48.8707, -14.2716, 34.7331, 24.1152, 70.0796, -163.285
6.03206, 7, -48.8625, -14.3057, 34.7819, 24.1917, 70.1217, -163.176
6.04008, 7, -48.8508, -14.3381, 34.8775, 24.3405, 70.2067, -162.951
6.04722, 8, -48.8363, -14.3689, 34.9706, 24.485, 70.2934, -162.719
6.0551, 8, -48.8194, -14.3983, 35.0613, 24.6258, 70.3814, -162.481
6.06314, 8, -48.8004, -14.4266, 35.1499, 24.764, 70.4704, -162.238
6.0712, 8, -48.7799, -14.454, 35.2368, 24.9004, 70.5605, -161.991
6.07912, 8, -48.7581, -14.4806, 35.3223, 25.0355, 70.6516, -161.74
6.08708, 9, -48.7356, -14.5064, 35.407, 25.1697, 70.743, -161.488
6.09621, 9, -48.7123, -14.5316, 35.4908, 25.3035, 70.8351, -161.235
6.10551, 9, -48.6882, -14.5563, 35.615, 25.504, 70.9743, -160.853
6.11108, 9, -48.6634, -14.5806, 35.656, 25.571, 71.0206, -160.725
6.12255, 9, -48.6246, -14.6159, 35.7779, 25.773, 71.1601, -160.342
6.12828, 10, -48.6114, -14.6275, 35.8183, 25.8407, 71.2067, -160.215
6.13608, 10, -48.5848, -14.6506, 35.8991, 25.9767, 71.3002, -159.96
6.14408, 10, -48.5579, -14.6732, 35.9797, 26.1136, 71.3935, -159.706
6.15115, 10, -48.5308, -14.6957, 36.06, 26.2512, 71.4872, -159.453
6.15907, 10, -48.5035, -14.7183, 36.1402, 26.3899, 71.581, -159.201
6.16707, 10, -48.476, -14.7407, 36.2201, 26.5295, 71.6741, -158.95
6.17623, 11, -48.4485, -14.7631, 36.2997, 26.6702, 71.7673, -158.699
6.18336, 11, -48.4213, -14.7856, 36.3791, 26.8118, 71.8607, -158.45
6.19107, 11, -48.3938, -14.808, 36.4584, 26.9541, 71.9535, -158.202
6.20006, 11, -48.3662, -14.8306, 36.5374, 27.0973, 72.0463, -157.955
6.20714, 11, -48.3385, -14.853, 36.6163, 27.2412, 72.1392, -157.708
6.21526, 12, -48.3102, -14.8753, 36.695, 27.3858, 72.2315, -157.462
6.22368, 12, -48.2817, -14.8977, 36.7736, 27.5313, 72.3239, -157.217
6.23311, 12, -48.2529, -14.9197, 36.8521, 27.6774, 72.4161, -156.973
6.24006, 12, -48.2236, -14.9419, 36.9302, 27.8237, 72.5078, -156.73
6.25082, 12, -48.1788, -14.9751, 37.0468, 28.044, 72.6452, -156.366
6.25538, 12, -48.1636, -14.986, 37.0854, 28.1175, 72.6911, -156.245
6.26413, 13, -48.133, -15.0081, 37.1625, 28.2647, 72.7822, -156.004
6.27157, 13, -48.102, -15.0301, 37.2392, 28.4124, 72.8731, -155.763
6.27908, 13, -48.0706, -15.052, 37.3157, 28.5601, 72.9636, -155.523
6.28729, 13, -48.0388, -15.074, 37.3918, 28.7079, 73.0541, -155.283
6.2951, 13, -48.0064, -15.096, 37.4676, 28.8556, 73.1442, -155.043
6.30346, 14, -47.9734, -15.1178, 37.5429, 29.0032, 73.2342, -154.804
6.31206, 14, -47.9401, -15.1398, 37.6178, 29.1509, 73.3242, -154.565
6.32013, 14, -47.906, -15.1616, 37.6922, 29.2986, 73.4134, -154.326
6.32732, 14, -47.8713, -15.1833, 37.7662, 29.446, 73.5027, -154.088
6.33606, 14, -47.8357, -15.2051, 37.8396, 29.5933, 73.5919, -153.851
6.34348, 14, -47.7994, -15.2266, 37.9128, 29.7403, 73.6805, -153.614
6.35197, 15, -47.7625, -15.2481, 37.9854, 29.8871, 73.769, -153.377
6.36032, 15, -47.7249, -15.2698, 38.0578, 30.0337, 73.8573, -153.14
6.36764, 15, -47.6865, -15.2912, 38.1298, 30.1801, 73.9452, -152.903
6.37651, 15, -47.6475, -15.3129, 38.2013, 30.326, 74.0328, -152.668
6.38369, 15, -47.6081, -15.3346, 38.2724, 30.4718, 74.1201, -152.432
6.39228, 16, -47.568, -15.3562, 38.3429, 30.6171, 74.207, -152.198
6.40058, 16, -47.5271, -15.378, 38.413, 30.7621, 74.2934, -151.963
6.40911, 16, -47.4856, -15.3998, 38.4828, 30.9072, 74.3795, -151.73
6.4151, 16, -47.4646, -15.4107, 38.5175, 30.9795, 74.4224, -151.613
6.42559, 16, -47.4008, -15.4438, 38.6212, 31.1963, 74.5502, -151.265
6.43314, 17, -47.3572, -15.4659, 38.6899, 31.3404, 74.635, -151.033
6.43905, 17, -47.3351, -15.4769, 38.7242, 31.4124, 74.677, -150.918
6.44831, 17, -47.2681, -15.5105, 38.8264, 31.6278, 74.8029, -150.572
6.45637, 17, -47.2223, -15.533, 38.8942, 31.7713, 74.8858, -150.343
6.46306, 17, -47.1992, -15.5443, 38.9281, 31.843, 74.9273, -150.228
6.4711, 17, -47.1526, -15.5672, 38.9954, 31.9861, 75.0095, -150.001
6.48324, 18, -47.0813, -15.6019, 39.0959, 32.2002, 75.1318, -149.66
6.48943, 18, -47.0332, -15.6254, 39.1623, 32.3426, 75.2124, -149.435
6.4951, 18, -47.0089, -15.6372, 39.1955, 32.4137, 75.2525, -149.322
6.50464, 18, -46.9351, -15.6731, 39.2948, 32.6269, 75.3718, -148.987
6.51264, 18, -46.885, -15.6976, 39.3607, 32.7689, 75.45, -148.764
6.52088, 18, -46.8344, -15.7223, 39.4265, 32.9106, 75.5279, -148.542
6.52719, 19, -46.8089, -15.7348, 39.4593, 32.9814, 75.5664, -148.432
6.53511, 19, -46.7572, -15.76, 39.5247, 33.1227, 75.6433, -148.212
6.54514, 19, -46.6783, -15.7983, 39.6224, 33.334, 75.7566, -147.884
6.55111, 19, -46.6517, -15.8113, 39.6548, 33.4043, 75.7942, -147.776
6.56011, 19, -46.5979, -15.8376, 39.7194, 33.5449, 75.8683, -147.559
6.56802, 20, -46.5434, -15.8641, 39.7839, 33.6852, 75.9423, -147.344
6.57621, 20, -46.4883, -15.8911, 39.8481, 33.8251, 76.0146, -147.129
6.58412, 20, -46.4324, -15.9185, 39.9121, 33.9647, 76.0868, -146.916
6.59205, 20, -46.3758, -15.9463, 39.976, 34.1037, 76.1575, -146.704
6.60135, 20, -46.3188, -15.9745, 40.0395, 34.3119, 76.263, -146.388
6.60818, 21, -46.261, -16.003, 40.1029, 34.3811, 76.2972, -146.283
6.61605, 21, -46.2026, -16.032, 40.1661, 34.5194, 76.3662, -146.074
6.6231, 21, -46.1435, -16.0614, 40.229, 34.6571, 76.4336, -145.866
6.63211, 21, -46.0835, -16.0912, 40.2916, 34.7944, 76.5008, -145.659
6.64005, 21, -46.0227, -16.1213, 40.3539, 34.9313, 76.5668, -145.453
6.64805, 21, -45.9611, -16.1516, 40.4157, 35.0675, 76.632, -145.248
6.65626, 22, -45.8987, -16.1824, 40.4773, 35.2033, 76.6971, -145.045
6.66407, 22, -45.8356, -16.2135, 40.5384, 35.3388, 76.7605, -144.841
6.67205, 22, -45.7718, -16.2449, 40.5994, 35.4736, 76.8242, -144.639
6.68006, 22, -45.7071, -16.2766, 40.6599, 35.6078, 76.8858, -144.438
6.68816, 22, -45.6416, -16.3087, 40.7201, 35.7412, 76.9477, -144.237
6.69525, 23, -45.5753, -16.3411, 40.7799, 35.8741, 77.0083, -144.037
6.70328, 23, -45.5081, -16.3736, 40.8391, 36.0062, 77.0684, -143.837
6.71127, 23, -45.4401, -16.4064, 40.8979, 36.1379, 77.1281, -143.639
6.71913, 23, -45.3712, -16.4395, 40.9562, 36.2688, 77.1859, -143.441
6.72829, 23, -45.3014, -16.4728, 41.014, 36.3989, 77.2444, -143.243
6.73689, 23, -45.2308, -16.5062, 41.0712, 36.5281, 77.3012, -143.047
6.74409, 24, -45.1592, -16.5398, 41.1279, 36.6564, 77.3578, -142.85
6.75337, 24, -45.0867, -16.5737, 41.1839, 36.7839, 77.4142, -142.655
6.75922, 24, -45.0133, -16.6076, 41.2394, 36.9106, 77.4688, -142.46
6.76716, 24, -44.9389, -16.6417, 41.2943, 37.0364, 77.524, -142.265
6.77516, 24, -44.8636, -16.6759, 41.3485, 37.1613, 77.5779, -142.07
6.78338, 25, -44.7874, -16.7102, 41.4021, 37.2851, 77.6311, -141.876
6.79309, 25, -44.7102, -16.7445, 41.4551, 37.4081, 77.6846, -141.682
6.80377, 25, -44.5928, -16.7961, 41.533, 37.5902, 77.762, -141.393
6.80805, 25, -44.5532, -16.8134, 41.5587, 37.6506, 77.7879, -141.296
6.81608, 25, -44.4732, -16.8478, 41.6094, 37.7705, 77.8396, -141.103
6.82407, 25, -44.3921, -16.8821, 41.6594, 37.8893, 77.8897, -140.911
6.83165, 26, -44.3101, -16.9164, 41.7085, 38.0073, 77.94, -140.718
6.84021, 26, -44.2269, -16.9507, 41.7568, 38.1239, 77.9901, -140.526
6.84741, 26, -44.1428, -16.9848, 41.8043, 38.2396, 78.0384, -140.334
6.85639, 26, -44.0578, -17.0189, 41.8509, 38.3541, 78.0869, -140.142
6.86366, 26, -43.9719, -17.053, 41.8967, 38.4673, 78.1353, -139.95
6.87214, 27, -43.8849, -17.0868, 41.9418, 38.5795, 78.1821, -139.758
6.88063, 27, -43.797, -17.1204, 41.9859, 38.6906, 78.2292, -139.567
6.88855, 27, -43.7081, -17.1539, 42.0291, 38.8008, 78.2763, -139.375
6.89566, 27, -43.6183, -17.1874, 42.0715, 38.9097, 78.3218, -139.184
6.90446, 27, -43.5275, -17.2205, 42.1129, 39.0174, 78.3673, -138.993
6.91317, 27, -43.4355, -17.2535, 42.1534, 39.124, 78.413, -138.801
6.91967, 28, -43.3891, -17.2699, 42.1734, 39.1768, 78.4354, -138.706
6.93009, 28, -43.2486, -17.3188, 42.2318, 39.3335, 78.5014, -138.419
6.93505, 28, -43.2012, -17.335, 42.2508, 39.3853, 78.5237, -138.324
6.9451, 28, -43.0577, -17.3831, 42.3064, 39.5385, 78.5896, -138.038
6.9511, 28, -43.0093, -17.399, 42.3244, 39.5892, 78.6109, -137.942
6.96094, 29, -42.8628, -17.4464, 42.3769, 39.7393, 78.675, -137.656
6.96922, 29, -42.7638, -17.4777, 42.4109, 39.8379, 78.7176, -137.465
6.97509, 29, -42.7139, -17.4932, 42.4276, 39.8867, 78.7383, -137.369
6.98606, 29, -42.5629, -17.5393, 42.4758, 40.0314, 78.8004, -137.083
6.99108, 29, -42.5121, -17.5546, 42.4914, 40.0789, 78.8212, -136.988
7.00097, 30, -42.3581, -17.5999, 42.5368, 40.2201, 78.8829, -136.702
7.00912, 30, -42.2543, -17.6296, 42.5658, 40.3127, 78.9227, -136.512
7.01666, 30, -42.1497, -17.6589, 42.5938, 40.4042, 78.9628, -136.321
7.02467, 30, -42.097, -17.6881, 42.6209, 40.4947, 79.0029, -136.131
7.03339, 30, -41.9909, -17.7025, 42.6342, 40.5395, 79.0225, -136.036
7.0391, 30, -41.8838, -17.731, 42.6598, 40.6281, 79.0612, -135.846
7.04809, 31, -41.7758, -17.7592, 42.6843, 40.7157, 79.1, -135.656
7.05781, 31, -41.6669, -17.7871, 42.708, 40.802, 79.1391, -135.37
7.06338, 31, -41.557, -17.8146, 42.7307, 40.8874, 79.1771, -135.275
7.07104, 31, -41.4462, -17.8416, 42.7526, 40.9713, 79.2142, -135.085
7.08019, 31, -41.3344, -17.8683, 42.7734, 41.0541, 79.2516, -134.895
7.08733, 32, -41.2219, -17.8946, 42.7932, 41.1362, 79.289, -134.706
7.09503, 32, -41.1085, -17.9206, 42.8122, 41.2167, 79.3254, -134.516
7.10395, 32, -40.9944, -17.9462, 42.8299, 41.2967, 79.3614, -134.326
7.11208, 32, -40.8793, -17.9714, 42.8468, 41.3753, 79.3975, -134.137
7.12004, 32, -40.7634, -17.9963, 42.8629, 41.4532, 79.4338, -133.948
7.12817, 32, -40.6467, -18.0207, 42.8778, 41.5294, 79.469, -133.759
7.13825, 33, -40.4697, -18.0568, 42.8983, 41.6423, 79.5207, -133.476
7.14304, 33, -40.4102, -18.0685, 42.9047, 41.6793, 79.538, -133.381
7.15294, 33, -40.2908, -18.0917, 42.9168, 41.7528, 79.5728, -133.192
7.16004, 33, -40.1708, -18.1147, 42.9279, 41.8246, 79.6067, -133.004
7.16803, 33, -40.0499, -18.1371, 42.9379, 41.896, 79.6399, -132.815
7.17716, 34, -39.9282, -18.1591, 42.947, 41.9656, 79.673, -132.627
7.18317, 34, -39.8057, -18.1808, 42.9553, 42.035, 79.7064, -132.439
7.19111, 34, -39.6821, -18.2018, 42.9628, 42.1025, 79.7395, -132.251
7.19903, 34, -39.5575, -18.2225, 42.9692, 42.17, 79.7715, -132.063
7.2081, 34, -39.4321, -18.2428, 42.9747, 42.2357, 79.8031, -131.875
7.21604, 34, -39.306, -18.2625, 42.9793, 42.3011, 79.8348, -131.687
7.2231, 35, -39.1794, -18.282, 42.9829, 42.3648, 79.8668, -131.5
7.23223, 35, -39.052, -18.3011, 42.9855, 42.4279, 79.8979, -131.313
7.2401, 35, -38.9237, -18.3195, 42.9872, 42.4897, 79.9285, -131.126
7.24803, 35, -38.7947, -18.3376, 42.9881, 42.5504, 79.9588, -130.939
7.25623, 35, -38.6648, -18.3553, 42.9883, 42.6106, 79.9895, -130.752
7.26434, 36, -38.534, -18.3724, 42.9879, 42.6688, 80.0199, -130.566
7.27206, 36, -38.4025, -18.389, 42.9866, 42.727, 80.0496, -130.38
7.28004, 36, -38.2703, -18.4052, 42.9844, 42.7836, 80.0786, -130.194
7.2881, 36, -38.1375, -18.4211, 42.9812, 42.8393, 80.1074, -130.008
7.29604, 36, -38.0039, -18.4362, 42.9771, 42.8945, 80.1365, -129.822
7.30422, 37, -37.8697, -18.4507, 42.9719, 42.9475, 80.1656, -129.637
7.3114, 37, -37.7349, -18.4649, 42.9658, 43.0007, 80.1939, -129.452
7.31922, 37, -37.5992, -18.4789, 42.9587, 43.0527, 80.2217, -129.267
7.32917, 37, -37.4627, -18.4922, 42.9505, 43.1031, 80.2491, -129.082
7.33614, 37, -37.3256, -18.5048, 42.9414, 43.1536, 80.2768, -128.898
7.34338, 37, -37.1878, -18.5171, 42.9315, 43.2026, 80.3046, -128.713
7.35149, 38, -37.0494, -18.529, 42.9205, 43.25, 80.3315, -128.529
7.36107, 38, -36.9103, -18.5406, 42.9086, 43.2972, 80.3578, -128.345
7.36812, 38, -36.7704, -18.5517, 42.8958, 43.3432, 80.3837, -128.161
7.37559, 38, -36.6297, -18.5619, 42.8822, 43.3877, 80.4096, -127.978
7.38769, 38, -36.4172, -18.5764, 42.86, 43.4539, 80.4488, -127.704
7.39235, 39, -36.346, -18.5809, 42.852, 43.4751, 80.4616, -127.612
7.39963, 39, -36.2031, -18.5897, 42.8354, 43.5164, 80.4869, -127.429
7.40834, 39, -36.0595, -18.5981, 42.818, 43.5571, 80.5118, -127.247
7.41604, 39, -35.9153, -18.6062, 42.7998, 43.5976, 80.5363, -127.065
7.42448, 39, -35.843, -18.6099, 42.7902, 43.6172, 80.5486, -126.974
7.43196, 39, -35.6978, -18.617, 42.7707, 43.6552, 80.5736, -126.793
7.44015, 40, -35.479, -18.6265, 42.7397, 43.7112, 80.6105, -126.521
7.44709, 40, -35.4057, -18.6294, 42.7288, 43.7297, 80.6225, -126.43
7.45504, 40, -35.2587, -18.635, 42.7064, 43.7655, 80.6461, -126.249
7.46433, 40, -35.0368, -18.6425, 42.6713, 43.8164, 80.6806, -125.978
7.47103, 40, -34.9626, -18.6448, 42.6592, 43.833, 80.6921, -125.888
7.48086, 41, -34.7389, -18.6508, 42.6217, 43.8825, 80.727, -125.618
7.48726, 41, -34.664, -18.6526, 42.6087, 43.8985, 80.7385, -125.529
7.49666, 41, -34.4387, -18.6572, 42.5687, 43.9441, 80.7722, -125.26
7.50461, 41, -34.2875, -18.6598, 42.5409, 43.9733, 80.7941, -125.08
7.51342, 41, -34.1359, -18.662, 42.5123, 44.0021, 80.8156, -124.902
7.51902, 41, -34.0599, -18.6629, 42.4976, 44.0162, 80.8263, -124.813
7.52866, 42, -33.9073, -18.6644, 42.4678, 44.0435, 80.8588, -124.546
7.53584, 42, -33.7541, -18.6655, 42.4373, 44.0696, 80.8696, -124.457
7.54302, 42, -33.6002, -18.666, 42.4059, 44.0944, 80.8912, -124.279
7.55519, 42, -33.3681, -18.6663, 42.3571, 44.1301, 80.9224, -124.013
7.55915, 42, -33.2904, -18.6663, 42.3405, 44.1418, 80.9326, -123.924
7.56698, 43, -33.1346, -18.6661, 42.3068, 44.1645, 80.9527, -123.748
7.57603, 43, -32.9781, -18.6655, 42.2721, 44.1862, 80.9724, -123.572
7.58401, 43, -32.821, -18.6643, 42.2368, 44.2065, 80.9922, -123.396
7.59202, 43, -32.6634, -18.6626, 42.2007, 44.2257, 81.0121, -123.22
7.60002, 43, -32.5052, -18.6604, 42.1638, 44.2438, 81.0318, -123.045
7.60818, 43, -32.3464, -18.6576, 42.1261, 44.2611, 81.051, -122.87
7.615, 44, -32.1869, -18.6543, 42.0876, 44.2776, 81.0698, -122.695
7.62403, 44, -32.0268, -18.6505, 42.0482, 44.2935, 81.0882, -122.521
7.63203, 44, -31.8663, -18.6461, 42.0081, 44.3085, 81.1063, -122.347
7.64009, 44, -31.7053, -18.6413, 41.9673, 44.3226, 81.1242, -122.173
7.64703, 44, -31.544, -18.6358, 41.9257, 44.3353, 81.1422, -122
7.65616, 45, -31.3822, -18.6297, 41.8833, 44.3469, 81.1603, -121.826
7.66323, 45, -31.2196, -18.6231, 41.84, 44.3574, 81.1783, -121.654
7.67102, 45, -31.0564, -18.6162, 41.7961, 44.3667, 81.1958, -121.481
7.68002, 45, -30.8925, -18.6087, 41.7514, 44.375, 81.2129, -121.309
7.68802, 45, -30.7279, -18.6007, 41.7058, 44.3822, 81.2295, -121.138
7.69612, 45, -30.5626, -18.5919, 41.6596, 44.3885, 81.2459, -120.966
7.70418, 46, -30.3967, -18.5826, 41.6126, 44.3937, 81.262, -120.795
7.71192, 46, -30.2302, -18.5729, 41.5648, 44.3979, 81.2782, -120.624
7.72002, 46, -30.0632, -18.5627, 41.5161, 44.401, 81.2944, -120.453
7.72839, 46, -29.8956, -18.552, 41.4668, 44.4032, 81.3108, -120.283
7.73505, 46, -29.7275, -18.5408, 41.4166, 44.4045, 81.3269, -120.114
7.74402, 47, -29.5585, -18.5287, 41.3656, 44.405, 81.3428, -119.944
7.75302, 47, -29.3889, -18.5161, 41.3138, 44.4052, 81.3582, -119.774
7.76015, 47, -29.2187, -18.5028, 41.2611, 44.4047, 81.3734, -119.605
7.76801, 47, -29.0479, -18.4891, 41.2077, 44.403, 81.3884, -119.435
7.77954, 47, -28.791, -18.4673, 41.126, 44.3978, 81.4106, -119.182
7.7842, 48, -28.705, -18.4596, 41.0984, 44.3954, 81.4181, -119.098
7.7923, 48, -28.5327, -18.444, 41.0425, 44.3897, 81.4331, -118.93
7.79909, 48, -28.3599, -18.4281, 40.9858, 44.3829, 81.4484, -118.762
7.8071, 48, -28.1865, -18.4115, 40.9283, 44.3748, 81.4637, -118.594
7.81594, 48, -28.0126, -18.394, 40.87, 44.3654, 81.4788, -118.426
7.82405, 48, -27.8381, -18.376, 40.8108, 44.3548, 81.4937, -118.259
7.8318, 49, -27.6626, -18.3575, 40.7507, 44.3428, 81.5084, -118.092
7.8401, 49, -27.4863, -18.3381, 40.6896, 44.3293, 81.5229, -117.925
7.84736, 49, -27.3092, -18.3181, 40.6277, 44.3143, 81.5372, -117.758
7.85542, 49, -27.1316, -18.2974, 40.5649, 44.2977, 81.5515, -117.591
7.86353, 49, -26.9535, -18.2759, 40.5012, 44.2797, 81.566, -117.424
7.87215, 50, -26.7747, -18.2537, 40.4366, 44.2608, 81.5807, -117.257
7.88002, 50, -26.5953, -18.2308, 40.3712, 44.2407, 81.5958, -117.091
7.89247, 50, -26.3248, -18.1952, 40.2714, 44.2085, 81.6187, -116.841
7.89556, 50, -26.3248, -18.1952, 40.2377, 44.1971, 81.6263, -116.758
7.90463, 50, -26.0527, -18.1579, 40.1695, 44.1729, 81.6413, -116.592
7.91202, 50, -25.8704, -18.132, 40.1006, 44.147, 81.6564, -116.426
7.91901, 51, -25.779, -18.1189, 40.0657, 44.1336, 81.6639, -116.343
7.92919, 51, -25.5043, -18.0781, 39.9596, 44.0923, 81.6865, -116.094
7.93653, 51, -25.4125, -18.0642, 39.8877, 44.0633, 81.7018, -115.928
7.943, 51, -25.2288, -18.0358, 39.8513, 44.0482, 81.7096, -115.845
7.95342, 51, -24.952, -17.9916, 39.7411, 43.9998, 81.7337, -115.597
7.96311, 52, -24.7664, -17.9613, 39.6664, 43.9661, 81.7502, -115.431
7.96837, 52, -24.5796, -17.9301, 39.5909, 43.9316, 81.7669, -115.265
7.97502, 52, -24.4859, -17.9142, 39.5528, 43.9138, 81.7752, -115.182
7.98446, 52, -24.2037, -17.8652, 39.4371, 43.857, 81.8, -114.934
7.9925, 52, -24.0147, -17.8316, 39.3587, 43.8178, 81.8166, -114.768
8.00054, 52, -23.825, -17.7971, 39.2793, 43.7778, 81.8332, -114.603
8.00899, 53, -23.6347, -17.7618, 39.1989, 43.7356, 81.8501, -114.437
8.01663, 53, -23.4439, -17.7257, 39.1176, 43.6917, 81.8674, -114.272
8.02482, 53, -23.2525, -17.6889, 39.0353, 43.6474, 81.8853, -114.106
8.03351, 53, -23.1564, -17.6512, 38.9523, 43.6011, 81.9035, -113.941
8.03909, 53, -22.9635, -17.6321, 38.9104, 43.5772, 81.9127, -113.858
8.04905, 54, -22.6728, -17.5736, 38.7833, 43.5047, 81.9401, -113.611
8.05515, 54, -22.5757, -17.5538, 38.7405, 43.4799, 81.9493, -113.528
8.06399, 54, -22.3811, -17.5132, 38.654, 43.4279, 81.9678, -113.363
8.07211, 54, -22.186, -17.472, 38.5665, 43.3753, 81.9865, -113.197
8.08014, 54, -21.9905, -17.43, 38.4782, 43.3212, 82.0056, -113.032
8.08784, 54, -21.7943, -17.3872, 38.389, 43.2648, 82.0253, -112.866
8.09606, 55, -21.597, -17.3435, 38.299, 43.2083, 82.0456, -112.701
8.10403, 55, -21.3989, -17.299, 38.2082, 43.149, 82.0659, -112.536
8.11205, 55, -21.1995, -17.2536, 38.1164, 43.0887, 82.0861, -112.371
8.12, 55, -20.9991, -17.2075, 38.0236, 43.027, 82.1064, -112.206
8.12819, 55, -20.7982, -17.1606, 37.9299, 42.963, 82.1267, -112.041
8.1352, 56, -20.5968, -17.1129, 37.8352, 42.8985, 82.1475, -111.876
8.14401, 56, -20.395, -17.0645, 37.7396, 42.8312, 82.1688, -111.711
8.15359, 56, -20.1922, -17.0154, 37.6433, 42.7288, 82.2016, -111.463
8.16, 56, -19.9883, -16.9656, 37.5463, 42.6934, 82.2124, -111.381
8.16901, 56, -19.7832, -16.9151, 37.4483, 42.6227, 82.2342, -111.216
8.17707, 57, -19.5778, -16.8639, 37.3495, 42.5498, 82.2561, -111.051
8.18318, 57, -19.3721, -16.812, 37.2496, 42.4755, 82.2781, -110.886
8.19108, 57, -19.1658, -16.7594, 37.1488, 42.3993, 82.3007, -110.722
8.20263, 57, -18.8558, -16.6792, 36.9964, 42.2822, 82.3358, -110.474
8.20807, 57, -18.7522, -16.6521, 36.9453, 42.2424, 82.3475, -110.392
8.2161, 57, -18.5442, -16.5973, 36.8424, 42.1613, 82.3709, -110.228
8.22307, 58, -18.3349, -16.5418, 36.7387, 42.0788, 82.3943, -110.063
8.23215, 58, -18.124, -16.4856, 36.6341, 41.9944, 82.4177, -109.899
8.2401, 58, -17.9119, -16.4286, 36.5284, 41.9085, 82.4416, -109.734
8.24801, 58, -17.6993, -16.3709, 36.4219, 41.821, 82.4663, -109.57
8.25622, 58, -17.4862, -16.3126, 36.315, 41.7318, 82.4912, -109.406
8.26384, 59, -17.2724, -16.2537, 36.2074, 41.641, 82.516, -109.242
8.272, 59, -17.0576, -16.1941, 36.099, 41.5484, 82.5409, -109.078
8.28001, 59, -16.8418, -16.134, 35.9898, 41.4542, 82.566, -108.914
8.28807, 59, -16.6251, -16.0732, 35.8794, 41.358, 82.5916, -108.75
8.296, 59, -16.4074, -16.0117, 35.7683, 41.26, 82.6181, -108.586
8.3042, 59, -16.1891, -15.9496, 35.6566, 41.1605, 82.6446, -108.421
8.31225, 60, -15.9704, -15.8868, 35.5444, 41.0589, 82.671, -108.257
8.32, 60, -15.7521, -15.8234, 35.4315, 40.9556, 82.6974, -108.094
8.32915, 60, -15.5335, -15.7592, 35.3176, 40.8508, 82.724, -107.93
8.33528, 60, -15.3133, -15.6941, 35.2027, 40.7439, 82.7515, -107.766
8.3433, 60, -15.0913, -15.6283, 35.087, 40.6355, 82.7795, -107.602
8.3516, 61, -14.8677, -15.5617, 34.9707, 40.5251, 82.8075, -107.438
8.36025, 61, -14.6431, -15.4944, 34.854, 40.4126, 82.8355, -107.274
8.36747, 61, -14.4175, -15.4265, 34.7366, 40.2985, 82.8638, -107.11
8.37608, 61, -14.1907, -15.358, 34.6183, 40.1825, 82.893, -106.947
8.38439, 61, -13.9629, -15.2887, 34.4989, 40.0648, 82.9229, -106.783
8.39156, 61, -13.7343, -15.2187, 34.3788, 39.9451, 82.9528, -106.618
8.40012, 62, -13.5047, -15.1481, 34.2581, 39.8234, 82.9826, -106.454
8.40866, 62, -13.2742, -15.0767, 34.1368, 39.6999, 83.0128, -106.29
8.41649, 62, -13.0433, -15.0046, 34.0149, 39.5742, 83.044, -106.125
8.42304, 62, -12.928, -14.9683, 33.9535, 39.5107, 83.0599, -106.043
8.43191, 62, -12.6973, -14.895, 33.8301, 39.382, 83.1075, -105.796
8.4391, 63, -12.466, -14.8208, 33.7058, 39.2516, 83.1235, -105.714
8.44888, 63, -12.1165, -14.7081, 33.5182, 39.0522, 83.1723, -105.467
8.45622, 63, -11.882, -14.632, 33.3925, 38.9168, 83.2063, -105.302
8.46305, 63, -11.7643, -14.5936, 33.3294, 38.8483, 83.2234, -105.219
8.47238, 63, -11.4087, -14.4772, 33.1385, 38.6395, 83.2747, -104.971
8.47913, 63, -11.2893, -14.438, 33.0745, 38.5689, 83.2919, -104.889
8.49344, 64, -10.8084, -14.2791, 32.8164, 38.2817, 83.3638, -104.558
8.49634, 64, -10.8084, -14.2791, 32.8164, 38.2817, 83.3638, -104.475
8.50451, 64, -10.4432, -14.1575, 32.6211, 38.0609, 83.4186, -104.308
8.5134, 64, -10.1981, -14.0754, 32.49, 37.9108, 83.4558, -104.142
8.51899, 64, -10.0755, -14.034, 32.4242, 37.835, 83.475, -104.058
8.52878, 65, -9.70844, -13.9086, 32.2254, 37.6043, 83.5336, -103.808
8.53587, 65, -9.58624, -13.8663, 32.1588, 37.5264, 83.553, -103.724
8.54299, 65, -9.34174, -13.7809, 32.025, 37.3692, 83.5925, -103.557
8.55357, 65, -8.97357, -13.6512, 31.823, 37.1293, 83.6545, -103.306
8.55906, 65, -8.85007, -13.6074, 31.7554, 37.0483, 83.6755, -103.221
8.56805, 65, -8.60141, -13.5192, 31.6196, 36.8845, 83.7173, -103.053
8.57603, 66, -8.35099, -13.4301, 31.483, 36.7188, 83.7604, -102.885
8.58418, 66, -8.0997, -13.3401, 31.3457, 36.551, 83.805, -102.716
8.5933, 66, -7.7198, -13.2033, 31.1385, 36.2954, 83.8717, -102.463
8.59905, 66, -7.59198, -13.1573, 31.0691, 36.2091, 83.8945, -102.378
8.60814, 66, -7.33492, -13.0645, 30.9301, 36.0349, 83.9413, -102.209
8.61501, 67, -7.0767, -12.9706, 30.7902, 35.8586, 83.9883, -102.039
8.62398, 67, -6.81796, -12.8758, 30.6497, 35.6803, 84.0362, -101.868
8.63199, 67, -6.55911, -12.78, 30.5083, 35.4998, 84.0858, -101.697
8.63998, 67, -6.30051, -12.6831, 30.3666, 35.317, 84.1355, -101.526
8.64805, 67, -6.04171, -12.5853, 30.2245, 35.1322, 84.1858, -101.355
8.65614, 68, -5.78175, -12.4866, 30.0818, 34.9454, 84.2382, -101.183
8.66324, 68, -5.52038, -12.3869, 29.9383, 34.7565, 84.2903, -101.011
8.67363, 68, -5.25809, -12.2862, 29.7943, 34.5654, 84.3439, -100.839
8.68003, 68, -4.99451, -12.1846, 29.6499, 34.3722, 84.3989, -100.666
8.68905, 68, -4.72888, -12.0819, 29.505, 34.1771, 84.4538, -100.494
8.69599, 68, -4.46117, -11.9782, 29.3596, 33.9799, 84.5105, -100.321
8.7042, 69, -4.19155, -11.8736, 29.2138, 33.7808, 84.5677, -100.147
8.71121, 69, -3.92038, -11.7681, 29.0677, 33.5794, 84.6259, -99.9732
8.72, 69, -3.6487, -11.6618, 28.9213, 33.3761, 84.6857, -99.7988
8.72888, 69, -3.37739, -11.5545, 28.7744, 33.171, 84.7452, -99.6239
8.73501, 69, -3.10597, -11.446, 28.627, 32.9639, 84.8069, -99.449
8.74401, 70, -2.83335, -11.3366, 28.4791, 32.7549, 84.8687, -99.2737
8.75311, 70, -2.55972, -11.2262, 28.3312, 32.5438, 84.9321, -99.0983
8.76014, 70, -2.2854, -11.1149, 28.1831, 32.331, 84.9963, -98.9224
8.76799, 70, -2.01037, -11.0028, 28.0346, 32.1163, 85.0608, -98.746
8.77938, 70, -1.59585, -10.8329, 27.8113, 31.7907, 85.1604, -98.4811
8.78413, 70, -1.45695, -10.7757, 27.7369, 31.6812, 85.1938, -98.3926
8.79198, 71, -1.17732, -10.6605, 27.5882, 31.461, 85.2625, -98.2156
8.80006, 71, -0.895563, -10.5444, 27.4393, 31.2391, 85.331, -98.0383
8.808, 71, -0.613474, -10.4275, 27.2901, 31.0152, 85.4016, -97.8609
8.81604, 71, -0.331118, -10.3096, 27.1407, 30.7894, 85.4722, -97.6825
8.82398, 71, -0.0481484, -10.191, 26.9914, 30.5622, 85.5448, -97.504
8.83216, 72, 0.23555, -10.0713, 26.842, 30.3334, 85.6175, -97.325
8.83952, 72, 0.520043, -9.95063, 26.6925, 30.1028, 85.6918, -97.1457
8.84759, 72, 0.80522, -9.82897, 26.5429, 29.8707, 85.7667, -96.9662
8.85606, 72, 1.09068, -9.70649, 26.3935, 29.6371, 85.843, -96.7866
8.86413, 72, 1.37634, -9.58317, 26.2443, 29.402, 85.9196, -96.6066
8.87153, 72, 1.66352, -9.45897, 26.0949, 29.1653, 85.9977, -96.4262
8.88029, 73, 1.95259, -9.33377, 25.9456, 28.9273, 86.0766, -96.2456
8.88835, 73, 2.24268, -9.20743, 25.7965, 28.6879, 86.1568, -96.0646
8.89575, 73, 2.533, -9.08019, 25.6479, 28.447, 86.2377, -95.8836
8.90453, 73, 2.82379, -8.95198, 25.4993, 28.2048, 86.32, -95.7022
8.91214, 73, 3.11513, -8.8228, 25.3507, 27.9615, 86.4035, -95.5201
8.91893, 74, 3.26119, -8.75792, 25.2765, 27.8394, 86.4456, -95.429
8.92903, 74, 3.70114, -8.56164, 25.0544, 27.471, 86.5733, -95.1548
8.93624, 74, 3.99469, -8.42936, 24.907, 27.2239, 86.6599, -94.9718
8.94297, 74, 4.14132, -8.36285, 24.8333, 27.1, 86.7039, -94.8802
8.9534, 74, 4.58164, -8.16193, 24.6125, 26.7268, 86.8366, -94.605
8.96124, 74, 4.87631, -8.02691, 24.4656, 26.4768, 86.9266, -94.4207
8.96697, 75, 5.02402, -7.95907, 24.3925, 26.3515, 86.9721, -94.3284
8.9764, 75, 5.4682, -7.75384, 24.1738, 25.9741, 87.1102, -94.0511
8.98445, 75, 5.76446, -7.61551, 24.0283, 25.7214, 87.204, -93.866
8.99098, 75, 5.91248, -7.54593, 23.9557, 25.5949, 87.2514, -93.7733
9.00049, 75, 6.35713, -7.33587, 23.7385, 25.2144, 87.3948, -93.495
9.00889, 76, 6.655, -7.19466, 23.5945, 24.9597, 87.4921, -93.3087
9.01742, 76, 6.95276, -7.05209, 23.4511, 24.7046, 87.5908, -93.122
9.02304, 76, 7.10142, -6.98039, 23.3795, 24.5768, 87.6404, -93.0284
9.03255, 76, 7.39854, -6.83615, 23.1654, 24.1929, 87.7916, -92.7469
9.04078, 76, 7.69583, -6.6908, 23.0234, 23.9362, 87.8941, -92.559
9.048, 77, 7.99378, -6.5446, 22.9527, 23.8078, 87.9458, -92.4649
9.0568, 77, 8.29265, -6.39739, 22.8117, 23.5508, 88.0503, -92.1818
9.06304, 77, 8.59138, -6.24874, 22.6713, 23.2935, 88.1562, -92.0872
9.07202, 77, 8.88917, -6.09881, 22.5314, 23.0362, 88.2632, -91.8977
9.08007, 77, 9.1868, -5.94782, 22.3922, 22.779, 88.3718, -91.708
9.08697, 77, 9.48509, -5.79587, 22.2538, 22.5217, 88.4816, -91.5176
9.09598, 78, 9.7838, -5.64264, 22.1159, 22.2644, 88.5926, -91.3271
9.1041, 78, 10.082, -5.48793, 21.9789, 22.0074, 88.7052, -91.1358
9.11249, 78, 10.3795, -5.33195, 21.8423, 21.7506, 88.8188, -90.9439
9.11897, 78, 10.6762, -5.17492, 21.7065, 21.4939, 88.9339, -90.7516
9.12945, 78, 10.973, -4.93778, 21.5042, 21.1099, 89.1092, -90.4621
9.1361, 79, 11.2707, -4.85805, 21.4372, 20.9821, 89.1682, -90.3654
9.14397, 79, 11.5678, -4.69739, 21.3036, 20.7267, 89.2876, -90.1719
9.15097, 79, 11.8636, -4.53569, 21.1708, 20.4718, 89.408, -89.9775
9.16003, 79, 12.1588, -4.37309, 21.0387, 20.2177, 89.53, -89.7826
9.16796, 79, 12.4537, -4.20941, 20.9074, 19.9643, 89.6535, -89.5872
9.177, 79, 12.7483, -4.04399, 20.7769, 19.7117, 89.7781, -89.3915
9.18418, 80, 13.0423, -3.87681, 20.6472, 19.46, 89.9044, -89.1952
9.19196, 80, 13.335, -3.70845, 20.5182, 19.2092, 90.0317, -88.9985
9.19997, 80, 13.6266, -3.53933, 20.39, 18.9595, 90.1609, -88.8007
9.20801, 80, 13.9181, -3.36876, 20.2627, 18.7107, 90.2913, -88.6024
9.216, 80, 14.2099, -3.19623, 20.1362, 18.4632, 90.423, -88.4031
9.22394, 81, 14.5008, -3.02217, 20.0106, 18.217, 90.5562, -88.2036
9.23215, 81, 14.7904, -2.84742, 19.8858, 17.9718, 90.6909, -88.0034
9.24101, 81, 15.0787, -2.67171, 19.7616, 17.7282, 90.8269, -87.8025
9.24802, 81, 15.3661, -2.49394, 19.6382, 17.486, 90.9644, -87.6009
9.25604, 81, 15.6527, -2.31433, 19.5157, 17.2452, 91.1036, -87.3986
9.26396, 81, 15.9387, -2.13381, 19.394, 17.0058, 91.244, -87.1955
9.27118, 82, 16.2227, -1.95276, 19.2732, 16.7681, 91.3862, -86.9921
9.27985, 82, 16.5049, -1.77001, 19.1529, 16.5322, 91.5298, -86.7877
9.28787, 82, 16.7864, -1.5849, 19.0334, 16.2977, 91.6749, -86.5824
9.29596, 82, 17.0677, -1.39831, 18.9148, 16.0654, 91.8215, -86.3764
9.30441, 82, 17.3483, -1.21087, 18.7971, 15.8351, 91.9697, -86.1694
9.31503, 83, 17.7668, -0.926308, 18.622, 15.4931, 92.1948, -85.8577
9.31996, 83, 17.9054, -0.8303, 18.564, 15.3801, 92.2706, -85.7535
9.32985, 83, 18.1809, -0.637316, 18.4483, 15.1557, 92.4233, -85.5441
9.33596, 83, 18.4545, -0.443608, 18.3333, 14.9337, 92.5776, -85.3338
9.34404, 83, 18.7269, -0.248218, 18.2193, 14.7136, 92.7334, -85.1226
9.35199, 83, 18.9976, -0.0508211, 18.1062, 14.4959, 92.8908, -84.9109
9.36012, 84, 19.2659, 0.147588, 17.9938, 14.2804, 93.0497, -84.6984
9.36806, 84, 19.5326, 0.347171, 17.8819, 14.0676, 93.2101, -84.485
9.3761, 84, 19.7988, 0.548826, 17.7705, 13.857, 93.3719, -84.2701
9.38435, 84, 20.0644, 0.752623, 17.6599, 13.6487, 93.5351, -84.0546
9.39153, 84, 20.3293, 0.95734, 17.5504, 13.4432, 93.7, -83.8379
9.40007, 85, 20.5926, 1.1632, 17.4417, 13.2401, 93.866, -83.6207
9.40878, 85, 20.8536, 1.37104, 17.3338, 13.0398, 94.0334, -83.4025
9.418, 85, 21.1119, 1.58064, 17.2261, 12.8421, 94.2022, -83.1831
9.42496, 85, 21.368, 1.79143, 17.1192, 12.6471, 94.372, -82.9629
9.43179, 85, 21.4954, 1.89744, 17.066, 12.4552, 94.5434, -82.7419
9.43996, 86, 21.8745, 2.21849, 16.9081, 12.266, 94.7158, -82.5201
9.44697, 86, 21.9995, 2.32606, 16.856, 12.1727, 94.8026, -82.4088
9.45653, 86, 22.3712, 2.64999, 16.7007, 11.8963, 95.0649, -82.0732
9.46296, 86, 22.4944, 2.75888, 16.6492, 11.8058, 95.1529, -81.9607
9.47304, 86, 22.8624, 3.0879, 16.4956, 11.5388, 95.4189, -81.6222
9.47901, 86, 22.9846, 3.1981, 16.4449, 11.4513, 95.5079, -81.5089
9.48872, 87, 23.3492, 3.53134, 16.2944, 11.1932, 95.777, -81.1681
9.49724, 87, 23.59, 3.75548, 16.1954, 11.0251, 95.9577, -80.9396
9.50304, 87, 23.7093, 3.8677, 16.1462, 10.9421, 96.0483, -80.825
9.51396, 87, 24.0622, 4.20561, 15.9996, 10.698, 96.3213, -80.4803
9.52057, 87, 24.2945, 4.43238, 15.9028, 10.5394, 96.504, -80.2496
9.52861, 87, 24.5246, 4.6594, 15.8069, 10.3837, 96.6873, -80.0181
9.5368, 88, 24.7523, 4.88732, 15.7123, 10.2311, 96.8711, -79.7857
9.54468, 88, 24.8652, 5.00191, 15.6655, 10.1561, 97.0553, -79.5524
9.552, 88, 25.0897, 5.23185, 15.5725, 10.0083, 97.1477, -79.4355
9.56197, 88, 25.4235, 5.57726, 15.4348, 9.79295, 97.4249, -79.0841
9.56797, 88, 25.5338, 5.69291, 15.3894, 9.7227, 97.5174, -78.9666
9.57601, 89, 25.7531, 5.92492, 15.2993, 9.58478, 97.7027, -78.731
9.58418, 89, 25.9708, 6.1572, 15.2102, 9.44995, 97.8879, -78.495
9.591, 89, 26.1868, 6.39041, 15.1222, 9.31824, 98.0735, -78.2582
9.60001, 89, 26.4005, 6.62495, 15.0355, 9.18998, 98.259, -78.0211
9.60715, 89, 26.6118, 6.85956, 14.9499, 9.06487, 98.4449, -77.783
9.61593, 90, 26.8207, 7.09436, 14.8654, 8.94326, 98.6307, -77.5443
9.62401, 90, 27.0272, 7.33012, 14.7821, 8.82475, 98.8165, -77.305
9.63194, 90, 27.2316, 7.56614, 14.6998, 8.70954, 99.0023, -77.0653
9.64001, 90, 27.4334, 7.8027, 14.6186, 8.59754, 99.1879, -76.8253
9.64797, 90, 27.6325, 8.04055, 14.5384, 8.48861, 99.3732, -76.5845
9.65611, 90, 27.8296, 8.27871, 14.4595, 8.38297, 99.5582, -76.3432
9.66311, 91, 28.0248, 8.51657, 14.3816, 8.2805, 99.7432, -76.1013
9.67196, 91, 28.218, 8.755, 14.3048, 8.18133, 99.9279, -75.859
9.68096, 91, 28.4091, 8.99358, 14.2292, 8.08574, 100.113, -75.6162
9.68801, 91, 28.5987, 9.2321, 14.1546, 7.99314, 100.297, -75.3725
9.69695, 91, 28.7866, 9.47183, 14.081, 7.9036, 100.481, -75.1282
9.7047, 92, 28.9725, 9.71219, 14.0084, 7.81759, 100.665, -74.8834
9.71095, 92, 29.1565, 9.95215, 13.9367, 7.73444, 100.849, -74.6382
9.71996, 92, 29.3381, 10.1927, 13.866, 7.65456, 101.032, -74.3921
9.73043, 92, 29.6069, 10.5541, 13.7618, 7.54104, 101.308, -74.0217
9.73602, 92, 29.6954, 10.6747, 13.7275, 7.50469, 101.399, -73.8978
9.74398, 92, 29.8706, 10.9167, 13.6598, 7.4342, 101.582, -73.6499
9.75109, 93, 30.0436, 11.1595, 13.5931, 7.3677, 101.765, -73.401
9.75933, 93, 30.2141, 11.4018, 13.5271, 7.30363, 101.948, -73.1511
9.76705, 93, 30.3821, 11.6446, 13.4621, 7.244, 102.13, -72.9005
9.77543, 93, 30.5476, 11.888, 13.398, 7.18649, 102.313, -72.649
9.78306, 93, 30.7111, 12.1317, 13.3348, 7.13289, 102.495, -72.3971
9.79101, 94, 30.8725, 12.3766, 13.2725, 7.08285, 102.677, -72.144
9.79996, 94, 31.0322, 12.6227, 13.211, 7.0349, 102.859, -71.8903
9.80796, 94, 31.19, 12.8687, 13.1505, 6.99134, 103.041, -71.6358
9.81603, 94, 31.3459, 13.1149, 13.0909, 6.95118, 103.222, -71.3805
9.82396, 94, 31.5, 13.3614, 13.0321, 6.9134, 103.403, -71.1243
9.83218, 95, 31.6523, 13.6073, 12.9744, 6.8787, 103.584, -70.8672
9.83912, 95, 31.8026, 13.8537, 12.9176, 6.84795, 103.764, -70.6093
9.84729, 95, 31.9512, 14.1009, 12.8617, 6.8205, 103.944, -70.3508
9.85611, 95, 32.0981, 14.3475, 12.8067, 6.79622, 104.123, -70.0916
9.86424, 95, 32.243, 14.5943, 12.7526, 6.77461, 104.302, -69.8314
9.8717, 95, 32.3859, 14.8413, 12.6995, 6.75599, 104.48, -69.5708
9.88087, 96, 32.5266, 15.0877, 12.6474, 6.74039, 104.657, -69.3094
9.8883, 96, 32.6648, 15.3345, 12.5964, 6.72789, 104.833, -69.0475
9.8955, 96, 32.8008, 15.5818, 12.5464, 6.71868, 105.009, -68.7846
9.90486, 96, 32.9349, 15.8281, 12.4974, 6.71268, 105.183, -68.521
9.91207, 96, 33.0669, 16.0744, 12.4496, 6.70954, 105.357, -68.257
9.91994, 96, 33.1968, 16.3209, 12.4028, 6.70843, 105.53, -67.9928
9.92694, 97, 33.261, 16.4439, 12.3799, 6.70858, 105.616, -67.8604
9.93495, 97, 33.3876, 16.6896, 12.3349, 6.71113, 105.788, -67.5953
9.944, 97, 33.5739, 17.059, 12.2694, 6.72155, 106.043, -67.1967
9.95414, 97, 33.6961, 17.3045, 12.2271, 6.7325, 106.212, -66.9306
9.95894, 97, 33.7568, 17.427, 12.2063, 6.73924, 106.296, -66.7974
9.96813, 98, 33.9368, 17.7947, 12.1457, 6.76458, 106.547, -66.3964
9.97496, 98, 33.996, 17.9169, 12.1262, 6.77452, 106.629, -66.2625
9.98299, 98, 34.1132, 18.1609, 12.0876, 6.79629, 106.795, -65.9945
9.9932, 98, 34.2858, 18.5273, 12.0318, 6.83355, 107.04, -65.5918
9.99902, 98, 34.3426, 18.6492, 12.0138, 6.84728, 107.122, -65.4572
10.0088, 99, 34.511, 19.0137, 11.961, 6.89343, 107.364, -65.0529
10.0173, 99, 34.6215, 19.2566, 11.9272, 6.92795, 107.524, -64.7831
10.023, 99, 34.6763, 19.3777, 11.9108, 6.94592, 107.604, -64.6479
10.0326, 99, 34.8381, 19.7398, 11.8628, 7.00298, 107.841, -64.241
10.0405, 99, 34.891, 19.8606, 11.8473, 7.04496, 107.997, -63.9693
10.0485, 99, 34.9954, 20.1016, 11.8173, 7.06703, 108.152, -63.6975
10.057, 100, 35.149, 20.4606, 11.7745, 7.13548, 108.306, -63.4258
10.063, 100, 35.1994, 20.5799, 11.7607, 7.15978, 108.382, -63.2897
10.0719, 100, 35.2993, 20.8179, 11.7342, 7.21054, 108.533, -63.0176
10.08, 100, 35.3977, 21.0545, 11.709, 7.26242, 108.682, -62.7457
10.087, 100, 35.4949, 21.2908, 11.6851, 7.31671, 108.83, -62.4743
10.0959, 101, 35.5904, 21.5265, 11.6626, 7.37373, 108.975, -62.2032
10.104, 101, 35.6846, 21.7602, 11.6414, 7.43148, 109.118, -61.9327
10.1119, 101, 35.7775, 21.9924, 11.6218, 7.49223, 109.258, -61.6628
10.1199, 101, 35.8693, 22.2233, 11.6037, 7.55371, 109.396, -61.3944
10.1279, 101, 35.9601, 22.4518, 11.5869, 7.61755, 109.531, -61.1269
10.136, 101, 36.0499, 22.6786, 11.5716, 7.6828, 109.663, -60.8603
10.144, 102, 36.1387, 22.9044, 11.5578, 7.74965, 109.792, -60.5949
10.1519, 102, 36.2265, 23.1284, 11.5454, 7.81808, 109.919, -60.3308
10.1599, 102, 36.313, 23.3506, 11.5342, 7.88766, 110.044, -60.0672
10.168, 102, 36.3985, 23.5723, 11.524, 7.95927, 110.166, -59.8041
10.1762, 102, 36.4829, 23.7937, 11.5148, 8.03207, 110.286, -59.5411
10.184, 103, 36.5661, 24.0144, 11.5065, 8.10711, 110.405, -59.2781
10.193, 103, 36.6486, 24.2347, 11.4989, 8.18394, 110.524, -59.0144
10.2001, 103, 36.7302, 24.4541, 11.4921, 8.26332, 110.643, -58.7493
10.2069, 103, 36.8111, 24.6708, 11.4861, 8.34508, 110.761, -58.4836
10.216, 103, 36.8913, 24.8845, 11.4811, 8.42886, 110.878, -58.218
10.2242, 104, 36.9705, 25.0959, 11.4773, 8.51497, 110.992, -57.9533
10.231, 104, 37.0487, 25.3042, 11.4751, 8.60277, 111.101, -57.6904
10.24, 104, 37.126, 25.5094, 11.4747, 8.69191, 111.205, -57.4312
10.248, 104, 37.2021, 25.7127, 11.4765, 8.78218, 111.302, -57.1765
10.256, 104, 37.277, 25.9143, 11.4808, 8.87316, 111.392, -56.9267
10.264, 104, 37.351, 26.1125, 11.4871, 8.96463, 111.475, -56.6817
10.272, 104, 37.4245, 26.307, 11.495, 9.05666, 111.553, -56.4404
10.2799, 104, 37.4971, 26.4988, 11.5043, 9.14952, 111.628, -56.2021
10.288, 104, 37.5695, 26.688, 11.5143, 9.24314, 111.699, -55.966
10.2949, 104, 37.6414, 26.874, 11.5246, 9.33745, 111.769, -55.7312
10.3039, 104, 37.7128, 27.0581, 11.5353, 9.4328, 111.837, -55.497
10.312, 104, 37.7838, 27.2417, 11.5461, 9.52887, 111.906, -55.2634
10.3199, 104, 37.8543, 27.4251, 11.5568, 9.6257, 111.973, -55.0303
10.3279, 104, 37.9244, 27.6078, 11.5674, 9.72338, 112.041, -54.7977
10.336, 104, 37.9942, 27.7904, 11.5779, 9.82196, 112.108, -54.5657
10.344, 104, 38.0638, 27.9739, 11.5884, 9.92121, 112.175, -54.3337
10.3519, 104, 38.1331, 28.1578, 11.5988, 10.0214, 112.242, -54.1022
10.36, 104, 38.2022, 28.3414, 11.6092, 10.1226, 112.309, -53.8712
10.368, 104, 38.2712, 28.5255, 11.6196, 10.2245, 112.375, -53.6405
10.3761, 104, 38.3396, 28.7105, 11.6299, 10.3276, 112.441, -53.4101
10.3841, 104, 38.4077, 28.8959, 11.6402, 10.4311, 112.507, -53.1798
10.3916, 104, 38.4755, 29.0808, 11.6505, 10.5356, 112.572, -52.9499
10.4001, 104, 38.543, 29.2656, 11.6607, 10.6411, 112.638, -52.7205
10.4081, 104, 38.61, 29.4511, 11.6709, 10.747, 112.703, -52.4917
10.4157, 104, 38.6766, 29.6367, 11.6808, 10.854, 112.768, -52.2631
10.4242, 104, 38.7429, 29.8218, 11.6906, 10.9616, 112.832, -52.0346
10.4309, 104, 38.7758, 29.9143, 11.6956, 11.0157, 112.865, -51.9205
10.44, 104, 38.874, 30.1928, 11.7102, 11.1797, 112.961, -51.5788
10.4481, 104, 38.939, 30.3789, 11.7198, 11.2899, 113.025, -51.3517
10.4549, 104, 38.9714, 30.4718, 11.7246, 11.3453, 113.058, -51.238
10.4642, 104, 39.068, 30.7503, 11.739, 11.5127, 113.152, -50.8974
10.4709, 104, 39.1, 30.8435, 11.7438, 11.5689, 113.185, -50.784
10.4802, 104, 39.1957, 31.1235, 11.7581, 11.7386, 113.279, -50.4445
10.487, 104, 39.2274, 31.2165, 11.7628, 11.7956, 113.311, -50.3315
10.4964, 104, 39.3222, 31.4954, 11.777, 11.9678, 113.405, -49.9931
10.503, 104, 39.3536, 31.5886, 11.7817, 12.0257, 113.436, -49.8803
10.5126, 104, 39.4478, 31.8693, 11.7956, 12.2003, 113.53, -49.5426
10.5205, 104, 39.5105, 32.0558, 11.8047, 12.3177, 113.591, -49.3182
10.5285, 104, 39.5728, 32.2422, 11.8138, 12.4356, 113.653, -49.0941
10.5366, 104, 39.6349, 32.4292, 11.8229, 12.5543, 113.714, -48.8699
10.5445, 104, 39.6659, 32.5229, 11.8273, 12.6738, 113.776, -48.646
10.5525, 104, 39.7276, 32.7102, 11.8361, 12.7338, 113.806, -48.4223
10.56, 104, 39.789, 32.8969, 11.845, 12.8546, 113.866, -48.3107
10.5679, 104, 39.8501, 33.0837, 11.8538, 12.9761, 113.927, -48.088
10.5759, 104, 39.9107, 33.2712, 11.8625, 13.0982, 113.987, -47.8655
10.584, 104, 39.9705, 33.4577, 11.8712, 13.2209, 114.048, -47.6434
10.592, 104, 40.0289, 33.6417, 11.8796, 13.344, 114.108, -47.422
10.5999, 104, 40.0857, 33.8225, 11.8877, 13.4672, 114.166, -47.2019
10.608, 104, 40.1405, 33.9983, 11.8952, 13.5895, 114.226, -46.9851
10.6159, 104, 40.1928, 34.1667, 11.9021, 13.7096, 114.282, -46.7733
10.624, 104, 40.243, 34.3263, 11.9083, 13.8255, 114.337, -46.5696
10.632, 104, 40.2902, 34.4764, 11.9138, 13.9351, 114.389, -46.3778
10.6399, 104, 40.3336, 34.6151, 11.919, 14.0362, 114.436, -46.2015
10.6479, 104, 40.3732, 34.7416, 11.924, 14.1273, 114.478, -46.0438
10.656, 104, 40.4088, 34.8556, 11.929, 14.2065, 114.515, -45.9065
10.6639, 104, 40.4404, 34.9562, 11.9338, 14.2739, 114.545, -45.791
10.6719, 104, 40.4673, 35.042, 11.9382, 14.3285, 114.569, -45.6964
10.6809, 104, 40.4894, 35.1133, 11.9422, 14.3725, 114.588, -45.6221
10.6879, 104, 40.5074, 35.1714, 11.9456, 14.4057, 114.602, -45.5655
10.6959, 104, 40.5215, 35.2174, 11.9486, 14.4296, 114.613, -45.5242
10.704, 104, 40.5319, 35.2526, 11.9512, 14.4459, 114.62, -45.4958
10.7119, 104, 40.5392, 35.2782, 11.9533, 14.4564, 114.624, -45.4774
10.72, 104, 40.5442, 35.2965, 11.955, 14.4628, 114.627, -45.4663
10.728, 104, 40.5477, 35.3093, 11.9563, 14.4663, 114.628, -45.4602
10.7359, 105, 40.5503, 35.3176, 11.9572, 14.4681, 114.629, -45.4574
10.7439, 105, 40.5516, 35.3225, 11.9579, 14.4691, 114.629, -45.456
10.752, 105, 40.5515, 35.3253, 11.9584, 14.4695, 114.63, -45.4554
10.76, 105, 40.551, 35.3271, 11.9588, 14.4698, 114.63, -45.4552
10.7679, 105, 40.5505, 35.3284, 11.9592, 14.4699, 114.63, -45.4552
10.776, 105, 40.5501, 35.3295, 11.9596, 14.4699, 114.63, -45.4554
10.7839, 105, 40.5499, 35.3305, 11.9599, 14.47, 114.63, -45.4555
10.7919, 105, 40.5498, 35.3314, 11.9603, 14.47, 114.63, -45.4556
10.8, 105, 40.5498, 35.3323, 11.9606, 14.47, 114.63, -45.4558
10.8079, 105, 40.55, 35.333, 11.9609, 14.4701, 114.63, -45.456
10.8159, 105, 40.5503, 35.3336, 11.9612, 14.4701, 114.63, -45.4562
10.824, 105, 40.5507, 35.3341, 11.9614, 14.4701, 114.63, -45.4563
10.8319, 105, 40.5512, 35.3344, 11.9615, 14.4701, 114.63, -45.4564
