-1.0125108776424625,0.053319808648426774,-0.12351520583438672,2.7729302463495347,1.4257228140398759,-0.1827656432810902
-1.0129856071990049,0.0522010525978984,-0.12617508761442608,2.7705757971885947,1.4264000017896497,-0.18471866671407186
-1.0134446287922794,0.05109102319363001,-0.12882275208970148,2.7682440373079302,1.4270824255271795,-0.1867118327198494
-1.013880961105278,0.04998797510636959,-0.1314581992602129,2.7659349667075417,1.4277770665694731,-0.18875735860318674
-1.0142946041380008,0.04889714432387314,-0.1340761931382044,2.763655566704437,1.428480434258027,-0.1908587350225879
-1.0146803219026914,0.04781678551688865,-0.13667324306517195,2.7614058372986166,1.4291995099098487,-0.19302817928281685
-1.0150363690700983,0.04674864401466812,-0.1392476037118636,2.7591910144778358,1.4299325481956864,-0.1952691820423776
-1.0153575096524652,0.04569621047571553,-0.14179403909052332,2.757014588900599,1.4306830397740438,-0.19759046994753005
-1.0156437436497923,0.044664720887786884,-0.14430207722563915,2.7548870325424177,1.4314474939864175,-0.19998506168126626
-1.0158915804035755,0.043655920580134164,-0.1467577554831952,2.7528153267203006,1.4322224201743028,-0.20244423059732627
-1.0161010199138147,0.04267679086976534,-0.1491523472169314,2.750811688739011,1.4330078183377002,-0.20496099537870208
-1.0162668261927543,0.04173256774443641,-0.15147188979283185,2.748884845244809,1.4337967071596016,-0.20752488404988176
-1.0163889992403938,0.04082499653339937,-0.15370765656463664,2.747043522883955,1.434589086640007,-0.2101324059523613
-1.0165094269587815,0.03829426911800759,-0.16000305917658017,2.7419262175171077,1.4370238209465394,-0.2182848388884268
-1.0164727750444895,0.037498398979098166,-0.16200146117011366,2.740320514605273,1.4378668149752525,-0.2211454335324455
-1.0164029618744097,0.036718236803456705,-0.1639684472371113,2.738746227619974,1.4387324982842418,-0.22408980398055994
-1.0163017327777941,0.03595378259108319,-0.16590750803607698,2.7371998659027073,1.439615634885751,-0.2271162049035181
-1.0161690877546425,0.035203291012725624,-0.16782213422551479,2.7356744481364643,1.440519715438284,-0.23021765498431204
-1.016012008121963,0.03446327140988003,-0.16971232580542464,2.734166483662741,1.4414412492833368,-0.23338717290593375
-1.0158304938797558,0.03373721444105039,-0.17158157343431055,2.7326759724815375,1.442378491091658,-0.23661428669287127
-1.0156280356865244,0.033021629447732716,-0.17342638645366856,2.7312029145928545,1.4433262048754907,-0.23988154305260462
-1.0154116148592771,0.032318261759179,-0.17524851019275065,2.7297420740089353,1.4442826453055837,-0.24317847000962192
-1.0151794860687617,0.03162362071688526,-0.17705143531006076,2.728295196059032,1.4452425763941803,-0.24649634091766315
-1.0149386306319865,0.030939451650103478,-0.17883690713485098,2.7268570447553886,1.4462042528120294,-0.24982817445972033
-1.0146907938782035,0.030260518571077685,-0.18061016165487723,2.7254223841102494,1.4471676745591302,-0.2531652439895335
-1.0144394664659162,0.029586821479807877,-0.18237294419939148,2.7239912141236142,1.448129350976979,-0.25650056819009465
-1.014182903065873,0.02891836037629405,-0.18412525476839378,2.7225617894662304,1.4490910273948279,-0.2598341470614038
-1.0133922689147195,0.026951374309296436,-0.18930539198831295,2.7182735154940803,1.4519795473068786,-0.26980346774879543
-1.0131217428806605,0.026309093144562524,-0.19100708800900743,2.7168406001781933,1.4529464597124835,-0.27311610266908065
-1.0128477261880973,0.025672047967584596,-0.19270005738344195,2.715400703545298,1.4539220987643484,-0.2764339735771219
-1.0125684735077782,0.02503674811985866,-0.19438779077012047,2.7139503349368903,1.4549029738039692,-0.2797588258021711
-1.0122874754982072,0.02440493893063671,-0.19607028816904298,2.7124912396822234,1.455890830160598,-0.28308891401497627
-1.01200124150088,0.023776620399918753,-0.19774754958020954,2.7110234177812957,1.4568839225049826,-0.2864207475570334
-1.011713262174301,0.02315179252770478,-0.1994213203328721,2.709548614563361,1.4578805055078714,-0.28975432642834265
-1.011421792189218,0.022528709984742806,-0.20109160042703064,2.7080633393699136,1.458880579169264,-0.2930861599703998
-1.011128576874883,0.02190562744178083,-0.20275838986268527,2.7065710828594582,1.459880652830657,-0.2964197388417089
-1.0108336162312959,0.021284290228070848,-0.20442343396908785,2.705073590361247,1.4608807264920496,-0.2997498270545141
-1.010536910258457,0.020662953014360868,-0.20608847807549044,2.7035691165460283,1.4618790548241904,-0.3030764246088153
-1.0102384589563658,0.020041615800650888,-0.20775352218189302,2.7020594067430532,1.4628738924978273,-0.3063995315046125
-1.0099382623250228,0.019420278586940905,-0.2094168209590436,2.7005444609523224,1.4638669848422121,-0.3097174024126537
-1.0096363203644279,0.01879894137323092,-0.21107837440694222,2.699024279173835,1.4648565865280927,-0.313030037332939
-1.0087165318486269,0.016940165719856962,-0.2160420907996141,2.69442533659483,1.4678271369149871,-0.32292605419174686
-1.0084058632417718,0.016325809823154958,-0.21768619095499275,2.6928789748775634,1.468820229259372,-0.32620901851474815
-1.0080917039764128,0.015711453926452956,-0.21932505512261544,2.691329122501792,1.4698115762745048,-0.3294850015207415
-1.0077740540525497,0.015100588688254939,-0.22095693797323013,2.6897722888090128,1.4708064139481414,-0.3327522578804749
-1.0074529134701828,0.014489723450056925,-0.22258183950683685,2.6882102191284782,1.4718012516217782,-0.3360107875939483
-1.007128282229312,0.013882348870362897,-0.2242015050526876,2.6866429134601875,1.472796089295415,-0.3392640813196658
-1.006798415000685,0.013274974290668871,-0.22581593461078234,2.6850738624626445,1.4737909269690517,-0.34251213905762723
-1.006466802442806,0.012669345040226838,-0.2274268735103731,2.6835013208065974,1.4747840193134367,-0.3457567061370847
-1.0061282085679193,0.012063715789784806,-0.22903606708071186,2.681925288492047,1.4757753663285693,-0.34899603722878614
-1.0057878693637803,0.011456341210090778,-0.23064176999254668,2.6803475108482435,1.47676496801445,-0.3522336229912356
-1.0054422941718852,0.010850711959648747,-0.23224572757512943,2.678769733204441,1.4777493337125749,-0.35546946342443314
-1.0050914829922346,0.010245082709206713,-0.23384793982846025,2.6771902102313856,1.4787302087521956,-0.3587018131991266
-1.0047371811540797,0.009639453458764682,-0.23544666142328705,2.675608941929079,1.4797093384625644,-0.3619324176445681
-1.0043758979989168,0.009033824208322648,-0.2370401470303579,2.6740276736267723,1.4806849775144295,-0.36515953143150565
-1.0032588872776405,0.00722391777400453,-0.24178744259578247,2.6692768874028436,1.4836101493407718,-0.3748112021950343
-1.0028749148422018,0.006621779182066486,-0.24335474826407336,2.6676921284420327,1.4845840430633848,-0.3780173720309478
-1.0024822157605031,0.006023131248632432,-0.2449150726153563,2.66610562415197,1.4855596821152495,-0.38121830587910543
-1.0020842806910484,0.005424483315198377,-0.24646667032037922,2.664519119861907,1.4865335758378624,-0.3844122584102551
-1.0016793643045856,0.004827580711016316,-0.24801303203764624,2.6629326155718447,1.4875057242312233,-0.38760272028290066
-1.001269211930367,0.004232423436086249,-0.2495524124379052,2.6613461112817816,1.488476127295332,-0.39078794616779033
-1.0008503329098883,0.0036355208319041885,-0.2510883021796602,2.6597596069917184,1.4894447850301888,-0.39396968139417604
-1.0004279632309057,0.003038618227722128,-0.25262070126291125,2.6581731027016557,1.4904099521065417,-0.3971496712913097
-0.999998612234915,0.0024434609527920616,-0.25414960968765826,2.656588343740845,1.4913716285243905,-0.4003261705299394
-0.9995640252511685,0.0018448130193580064,-0.25567502745390136,2.6550018394507817,1.4923280689544833,-0.40350092443931707
-0.9991224569504139,0.0012479104151759456,-0.25720044522014435,2.653418825819223,1.4932810187260726,-0.40667218769019076
-0.9986756526619034,0.0006492624817418906,-0.25872062699863146,2.651834066858412,1.4942304778391573,-0.4098399602825604
-0.9982218670563848,4.8869219055841225e-05,-0.2602373181186145,2.6502510532268535,1.4951764462937382,-0.41300249688717416
-0.9977611001338583,-0.0005480333851262194,-0.2617487732508416,2.6486697849245466,1.4961189240898152,-0.4161597975040319
-0.996336911464231,-0.002350958502436362,-0.266248232062483,2.6439259800176265,1.4989323948440298,-0.42558981145255725
-0.9958482192736725,-0.0029513517651224112,-0.26773525258518216,2.642346457044571,1.4998644006645951,-0.42871569614287913
-0.9953508004368542,-0.003555235686312449,-0.26921529179087333,2.6407686794007685,1.500794661155908,-0.431834599516193
-0.9948481456122797,-0.004157374278250493,-0.27069184033806054,2.6391891564277135,1.501721430988717,-0.4349447762432469
-0.9943385094706975,-0.004763003528692525,-0.27216315289749177,2.6376113787839106,1.502644710163022,-0.4380479716532928
-0.9938218920121071,-0.005368632779134557,-0.27363097479841897,2.63603534646936,1.503562753349571,-0.44114418574633074
-0.9933000385657609,-0.005977752688080579,-0.2750987966993462,2.6344575688255567,1.5044755605483642,-0.4442334185223607
-0.9927712038024066,-0.006588617926278594,-0.27656312794176946,2.632881536511006,1.505384877088653,-0.4473174153106347
-0.9922388783805484,-0.0072012284937286045,-0.2780274591841927,2.631303758867203,1.5062854669826822,-0.4503979214404047
-0.991699571641682,-0.007817329719682603,-0.27949004509736397,2.629727726552652,1.5071825662182072,-0.4534714462531667
-0.9911550289150598,-0.008435176274888595,-0.28095088568128324,2.6281534395673534,1.5080726841367242,-0.4565362444196687
-0.9906052502006816,-0.009054768159346582,-0.2824117262652025,2.6265774072528028,1.5089593113967374,-0.45959580659841476
-0.9900467448400434,-0.009679596031560551,-0.28386733086136573,2.6250031202675035,1.5098389573397426,-0.46264315147239693
-0.9894830034916492,-0.010306169233026517,-0.285321190128277,2.6234288332822047,1.510713367294992,-0.46568176970011904
-0.9877498915444188,-0.012205087459196347,-0.2896565879902309,2.618711208314064,1.5133086718927073,-0.47472606588395366
-0.9871582249279929,-0.01284387796542627,-0.29109299396462224,2.617138666658017,1.5141638832261846,-0.4777158148926199
-0.9865613223238107,-0.013487904459412179,-0.2925276546097616,2.615567870331222,1.5150138585719057,-0.48069509192577425
-0.9859556930733687,-0.014135421611902075,-0.29396056992564895,2.613998819333679,1.515856852600619,-0.4836656423126686
-0.9853448278351706,-0.014784684093643965,-0.29538999458303233,2.6124280230068844,1.5166946106415764,-0.48662397539479896
-0.9847287266092167,-0.01543918256314184,-0.29681941924041566,2.6108589720093414,1.5175253873655257,-0.4895753271599214
-0.9841073893955067,-0.0160971716911437,-0.298248843897799,2.6092899210117984,1.518349182772467,-0.4925196976080358
-0.9834808161940407,-0.016758651477649555,-0.29967826855518237,2.6077208700142553,1.5191659968624003,-0.4954553414098903
-0.9828472616755668,-0.01742362192265939,-0.3011059478833137,2.6061535643459646,1.5199758296353256,-0.49838400389473675
-0.9822102164985889,-0.018093828355425213,-0.3025318818821931,2.604586258677674,1.5207786810912431,-0.5013021944040713
-0.981566190004603,-0.01876578011744303,-0.3039560705518205,2.603022443667887,1.5215745512301526,-0.5042081676086418
-0.980916927522861,-0.019441222537964833,-0.3053767685629439,2.601462119316604,1.5223634400520538,-0.5071001781791965
-0.9802606837241112,-0.020120155616990633,-0.3067922305863112,2.599905285623825,1.5231436022276954,-0.5099782261157351
-0.9795992039376054,-0.020802579354520415,-0.30820245662192264,2.59835194258955,1.5239167830863287,-0.5128370754305018
-0.9775798579930479,-0.0228690491888817,-0.3123964828144651,2.593721584084009,1.5261874564431737,-0.5213071582904303
-0.9768921982677622,-0.02356543556042744,-0.31378751022830453,2.59218220368375,1.526930966704523,-0.5241066664106292
-0.9761958118962164,-0.02427054857823315,-0.315178537642144,2.590641077954239,1.5276709863073688,-0.5269009385430722
-0.9754906988784107,-0.024979152254542846,-0.3165695650559835,2.589098206895476,1.5284057699224585,-0.529691720017011
-0.974776859214345,-0.02569473724786052,-0.31796408312832697,2.5875535905074614,1.529135317549792,-0.532480756161698
-0.9740560382332714,-0.026413812899682185,-0.3193586012006704,2.5860054834609425,1.5298613745186216,-0.5352697923063849
-0.9733282359351898,-0.027139869868511822,-0.3207566099315179,2.584455631085171,1.5305804501704434,-0.5380588284510719
-0.9725899616615961,-0.02787290815434944,-0.32215636399161734,2.582904033380148,1.531294289834509,-0.5408478645957588
-0.9718447060709946,-0.02860943709869105,-0.3235561180517168,2.5813506903458734,1.5320046388400705,-0.5436369007404458
-0.971088978504881,-0.02935120203078864,-0.32495761744106827,2.5797956019823465,1.5327080065286243,-0.5464224462266287
-0.9703245242925075,-0.030099948279894206,-0.32635911683041974,2.578240513618819,1.533407883558674,-0.5492079917128116
-0.9695513434338741,-0.030853930516755758,-0.3277571255612671,2.5766871705845444,1.5341025246009679,-0.5519883012112387
-0.9687694359289806,-0.0316096580828693,-0.3291481529751066,2.5751390635380256,1.5347884389970015,-0.5547529027463977
-0.967980547107079,-0.03236713097823484,-0.3305321990719381,2.5735979378085148,1.5354673720760275,-0.5575035416475407
-0.9655667567515709,-0.034655257627599405,-0.3346319774848728,2.5690181938512815,1.537458792752553,-0.5656681918883703
-0.9647464520031336,-0.035423202498476906,-0.3359828623259164,2.5675049933898024,1.5381098005635467,-0.5683664709119534
-0.9639191659376882,-0.03619289269860641,-0.33732851117920404,2.5659970289160796,1.5387538270575327,-0.5710560232892766
-0.963083153225983,-0.03696432822798791,-0.3386689240447357,2.564494300430112,1.5393908722345104,-0.5737368490203401
-0.9622401591972698,-0.03773925441587339,-0.3400041009225113,2.562993317273397,1.5400209360944805,-0.5764141840928992
-0.9613884385222965,-0.03851418060375887,-0.341335787141783,2.561497570104438,1.5406457639666944,-0.5790862831777026
-0.9605297365303154,-0.03929259745014834,-0.34266398270255066,2.560003568264731,1.5412653558511527,-0.5817548916040018
-0.9596605625628221,-0.0400727596257898,-0.3439851969463104,2.5585165477420313,1.5418797117478544,-0.5844200093717973
-0.958784407278321,-0.04085641245993526,-0.3452994298730621,2.5570330178778367,1.5424870863275486,-0.5870798911518366
-0.9578977800183078,-0.041640065294080715,-0.3466084268120579,2.5555547240013974,1.5430909702487385,-0.5897345369441199
-0.9569989354535308,-0.042427208786730154,-0.3479086971047937,2.554083411441966,1.5436878728529206,-0.5923839467486474
-0.9560913642424937,-0.0432143522793796,-0.3492002407512695,2.5526190801995425,1.5442795394693467,-0.5950281205654188
-0.9551733210559448,-0.04400324110128104,-0.3504830577514853,2.5511599849448756,1.5448677154272688,-0.5976670583944342
-0.9542430605646318,-0.044793875252434466,-0.3517571481054412,2.5497078710072163,1.5454506553974348,-0.6003025055649456
-0.951389447237621,-0.047171013693650746,-0.3555253139604969,2.5453934170962866,1.5471698047106492,-0.6081809218084481
-0.9504172988442602,-0.04796513850330817,-0.35676275240016087,2.543969228426659,1.5477335460590436,-0.6108006610156915
-0.9494346784753874,-0.04875926331296558,-0.35799320952281694,2.5425485304155355,1.5482937967489339,-0.613418654893683
-0.9484433314602546,-0.049553388122623006,-0.35921668532846496,2.5411348137214205,1.5488470661218159,-0.6160349034424225
-0.9474432577988618,-0.050347512932280424,-0.36043492514635694,2.5397245876858086,1.549396844836194,-0.61864940666191
-0.9464344574912091,-0.05114338307118984,-0.36164443831798904,2.5383195976379533,1.5499413875628163,-0.6212639098813975
-0.9454151852080445,-0.05193750788084726,-0.3628452248433611,2.5369215889071053,1.5504806943016827,-0.623874922442381
-0.9443854409493677,-0.05273163269050468,-0.36403728472247326,2.5355305614932666,1.5510182557112968,-0.6264859350033647
-0.9433434793859271,-0.0535240121709101,-0.36521712729682143,2.5341465153964347,1.5515488358039031,-0.6290952022350961
-0.9422893005177225,-0.05431639165131553,-0.36638649789565764,2.532771195945863,1.5520776705672574,-0.6317027241375757
-0.941224649674006,-0.05510877113172096,-0.3675453965189819,2.5314028578123,1.5526012693428557,-0.6343085007108032
-0.9401460361962735,-0.05589940528287438,-0.3686903325082902,2.5300449916542482,1.5531213774599502,-0.6369125319547788
-0.9390569507430291,-0.05668829410477583,-0.36982479652208644,2.5286941068132043,1.5536397402477922,-0.6395165631987542
-0.9379556479850207,-0.057475437597425266,-0.3709452979018668,2.527353693947673,1.5541528670478788,-0.6421188491134778
-0.9345784358824116,-0.05982814142911363,-0.3742369888711281,2.52337783391163,1.5556713034971137,-0.6499204708698924
-0.9334317545638513,-0.06060830360475509,-0.3753121116903566,2.522067091643382,1.5561704676631842,-0.652521011455364
-0.9322746012697791,-0.06138672045114456,-0.3763802531925772,2.5207615853628904,1.5566661411707505,-0.6551215520408356
-0.9311069760001949,-0.06216513729753403,-0.3774379227192857,2.5194613150701546,1.5571583240198128,-0.6577220926263071
-0.9299306240843508,-0.06294006348541951,-0.37848512027048237,2.5181680260944264,1.5576452708811193,-0.6603261238702827
-0.9287420548637426,-0.063713244344053,-0.37952359117541895,2.516879973106455,1.5581287270839217,-0.6629301551142582
-0.9275412683383705,-0.06448642520268649,-0.3805515901048436,2.5156006467647427,1.5586104379574721,-0.6655376770167377
-0.9263265191789823,-0.06525611540281599,-0.3815656264002523,2.5143265564107873,1.5590904035017707,-0.6681486895777212
-0.9250978073855783,-0.0660240602736935,-0.38256919072014905,2.5130611927030913,1.5595668783875651,-0.6707631927972088
-0.9238533876289065,-0.066790259815319,-0.3835587924060298,2.5118028103124033,1.5600416079441075,-0.6733846773337042
-0.9225950052382185,-0.06755471402769252,-0.38453617678714663,2.5105514092387233,1.5605128468421459,-0.6760096525287037
-0.9213191695550107,-0.06831742291081404,-0.38550308919275156,2.509306989482051,1.5609840857401844,-0.6786416090407111
-0.9200293712377868,-0.06907838646468357,-0.3864560389643404,2.508069551042387,1.5614535793089708,-0.6812788015404745
-0.9187291009450511,-0.0698358593600491,-0.3873932807726614,2.5068425845782354,1.5619178368900013,-0.683914248710986
-0.914777675518536,-0.07207337146110585,-0.3901194850642765,2.5032245170388516,1.563287920352817,-0.6917839383082284
-0.9134459892992642,-0.07280990040544745,-0.39100262166578564,2.502037693147495,1.5637347246413276,-0.6943984415277159
-0.9121090670922366,-0.07354293869128507,-0.39187354096253085,2.500857850573147,1.5641780382713342,-0.6970059634301954
-0.910766908897453,-0.0742689956601147,-0.39273224295451203,2.4996884799743104,1.5646161159135847,-0.699608249344919
-0.9094160240564093,-0.07498981664118835,-0.3935769823124773,2.4985278360217347,1.5650507028973313,-0.7022070446011386
-0.9080564125691057,-0.07570714696375803,-0.3944077590364266,2.49737766404467,1.565480053893322,-0.7047988585403501
-0.9066898197647942,-0.07641749596931972,-0.395221082467856,2.49623970937237,1.5659076595600605,-0.7073854364918057
-0.9053127549849708,-0.07712260898712543,-0.39602044326526936,2.495112226675581,1.5663300292390432,-0.7099702691140094
-0.9039199822418792,-0.07782423134642714,-0.3968040960994148,2.493991725295801,1.5667523989180256,-0.712560337723969
-0.9025115015355197,-0.07852236304722487,-0.3975772769580483,2.4928799505622807,1.5671730232677563,-0.7151556423216845
-0.9010873128658925,-0.07921874941877062,-0.3983347498534138,2.4917751571457685,1.567591902288235,-0.7177596735656601
-0.8996491615622492,-0.07991164513181237,-0.39907826011476344,2.490677345046264,1.5680090359794616,-0.7203671954681395
-0.8981970476245897,-0.08060105018635014,-0.399809553071349,2.489586514263767,1.5684244243414363,-0.7229799533583751
-0.8967309710529147,-0.08128521925313191,-0.4005286287231707,2.488502664798279,1.5688380673741589,-0.7255979472363666
-0.892268164155565,-0.0833202731609573,-0.4026160425085559,2.4852860229868536,1.570059797850555,-0.733465891504357
-0.890760199681842,-0.08399047959372312,-0.40329148492907774,2.484224862801641,1.5704612235785138,-0.7360908666993565
-0.889245253891111,-0.08465719536798495,-0.4039564553740876,2.4831671932749324,1.5708591586479685,-0.738717587223608
-0.8877180907956158,-0.0853186751544908,-0.4046109538435855,2.4821182503944836,1.5712536030589193,-0.7413460530771114
-0.8861822010538609,-0.08597666428249266,-0.4052514896790674,2.4810762888310434,1.5716445568113657,-0.743974518930615
-0.8846358393365938,-0.08662941742273854,-0.4058780628805333,2.4800413085846107,1.5720337652345604,-0.7466029847841184
-0.8830755149853109,-0.08727693457522845,-0.40649067344798334,2.479015054984438,1.5724212283285035,-0.7492331959668738
-0.8815047186585161,-0.08791921573996235,-0.4070875760521654,2.4779992733597775,1.572805200763942,-0.7518651524788812
-0.8799217050269571,-0.08855626091694029,-0.40766877069307955,2.4769922183813766,1.5731856825408768,-0.7544971089908887
-0.8783247287613823,-0.08918807010616224,-0.40823425737072566,2.4759956353784878,1.5735661643178116,-0.7571290655028962
-0.8767172805202956,-0.0898128979783762,-0.4087857814143559,2.4750077790218588,1.5739431554362424,-0.7597627673441556
-0.8750958696451928,-0.09043423519208618,-0.40932159749471814,2.47402864931149,1.5743166558961692,-0.762396469185415
-0.8734657321238303,-0.09105033641804018,-0.4098451962703164,2.473058246247381,1.574688411026844,-0.7650301710266745
-0.8718251226269556,-0.0916612016562382,-0.4103548324118988,2.4720948245002803,1.5750566754990147,-0.7676656181971859
-0.8668491889295197,-0.09346587210280033,-0.4118174183250701,2.4692359751855135,1.576144015623007,-0.7755754503672242
-0.8651719275183531,-0.09405928404847841,-0.4122851665646045,2.468293497389437,1.5765000627904142,-0.7782126428669875
-0.8634876847901787,-0.0946457146771485,-0.41274069749937503,2.4673580009103677,1.5768526192993169,-0.780851580696003
-0.8617912247572401,-0.09522865464731461,-0.4131822658001296,2.466427740419055,1.5772034304789677,-0.7834905185250185
-0.8600860380780416,-0.09580635862972474,-0.4136116167961202,2.4655044612447496,1.5775490056708625,-0.7861294563540339
-0.8583686340940793,-0.09637708129512688,-0.4140270051580949,2.464591654045957,1.5778945808627576,-0.7887701395123013
-0.8566407581346048,-0.09694256797277305,-0.41442668555680157,2.4636875734934236,1.5782366653961484,-0.7914108226705687
-0.8549006648703664,-0.09750281866266322,-0.4148124033214923,2.4627922195871506,1.5785752592710354,-0.7940515058288362
-0.8531483543013642,-0.09805608803554541,-0.4151824131229151,2.4619073376563896,1.5789121078166704,-0.7966921889871036
-0.8513855717568499,-0.09860412142067165,-0.4155367149610699,2.461029437042636,1.579247211033053,-0.7993328721453711
-0.8496105719075716,-0.09914691881804187,-0.41587530883595686,2.460162008404395,1.579580568920184,-0.8019753006328905
-0.8478251000827814,-0.09968273489840414,-0.41620168540607977,2.459301561083162,1.579908690819559,-0.8046177291204099
-0.8460309016117312,-0.10021331499101041,-0.41651584467143876,2.4584463497496847,1.580236812718934,-0.8072601576079292
-0.8442279764944212,-0.1007386590958607,-0.41681778663203384,2.4575998650624675,1.5805596986305528,-0.8099025860954487
-0.8387703319234349,-0.10228153015462368,-0.417660780660747,2.4550848456103433,1.5815143937313936,-0.8178333622165109
-0.8369342455503369,-0.10278418497919806,-0.41791908939004224,2.454257559544898,1.5818268076675008,-0.8204775360332823
-0.8350876872017269,-0.10328160381601645,-0.4181651808145734,2.453437254796461,1.5821357309451036,-0.8231217098500537
-0.8332324022068568,-0.10377378666507885,-0.41839905493434065,2.4526239313650318,1.5824411635642026,-0.8257658836668251
-0.831364899907223,-0.10425898819713328,-0.41861722109083993,2.4518193345798625,1.5827448508540498,-0.8284100574835965
-0.829488670961329,-0.10473895374143172,-0.4188214246133233,2.451023464440953,1.5830467928146448,-0.8310559766296199
-0.8276002247106712,-0.10521193796872218,-0.4190099201725387,2.450238066277555,1.5833452441167357,-0.8337001504463913
-0.8256995611552493,-0.10567794087900466,-0.41918445309773805,2.4494613947604176,1.5836419500895749,-0.8363460695924148
-0.8237884256243155,-0.10613696247227916,-0.41934327805966953,2.4486917045602885,1.5839369107331618,-0.8389902434091862
-0.8218685634471218,-0.10659074807779768,-0.41948814038758514,2.447932486335671,1.584228380718245,-0.8416361625552096
-0.8199382292944161,-0.10703755236630824,-0.4196190400814847,2.4471802494280612,1.584518105374076,-0.8442820817012331
-0.8179974231661984,-0.1074791206670628,-0.4197377224706203,2.4464332485082076,1.584804339371403,-0.8469280008472564
-0.8160478903917208,-0.10791370765080939,-0.4198441875549919,2.445693228905362,1.5850888280394781,-0.8495739199932798
-0.8140931216294871,-0.10834305864680001,-0.41994192599310365,2.4449584452902724,1.5853698260490492,-0.8522180938100512
-0.8081764554652263,-0.10959445972047993,-0.42016707346661086,2.4427855103715395,1.5861936214559906,-0.8601558512481213
-0.8061885254472048,-0.10999937610694262,-0.4202176880149187,2.442071670707474,1.5864624021607976,-0.8628017703941449
-0.8041901234536712,-0.11039731117639734,-0.42025608525846264,2.44136830301892,1.5867294375363528,-0.8654476895401683
-0.8021812494846258,-0.11079001025809605,-0.42028226519724254,2.4406701713181227,1.586992982253404,-0.8680936086861917
-0.8001619035400683,-0.1111757280227868,-0.4202909918435025,2.4399825115928366,1.587254781641203,-0.870739527832215
-0.7981320856199989,-0.11155446447046957,-0.4202875011849985,2.439303578513811,1.5875130903704984,-0.8733837016489865
-0.7960917957244175,-0.11192621960114435,-0.42026830256322656,2.438635117410297,1.5877696537705415,-0.8760296207950098
-0.7940410338533241,-0.11229099341481116,-0.42023514130743866,2.437973637623791,1.5880244718413326,-0.8786755399410332
-0.7919798000067189,-0.112650531240722,-0.42018801741763484,2.4373208844835452,1.5882757992536196,-0.8813197137578046
-0.7899098395138536,-0.11300308774962485,-0.42012693089381503,2.4366768579895592,1.5885253813366549,-0.8839656329038281
-0.7878328977039804,-0.11334691761226774,-0.42005537239448326,2.4360380674833295,1.5887714727611861,-0.8866098067205994
-0.7857454839185951,-0.11368725681640664,-0.4199715965903875,2.4354062582941074,1.5890158188564654,-0.8892539805373708
-0.783652834145454,-0.11401886937428556,-0.4198756034815278,2.4347779397633897,1.5892549289639886,-0.8918998996833942
-0.7815514577260528,-0.1143452459444085,-0.41977088372640825,2.434154857220428,1.5894940390715118,-0.8945423281709137
-0.7752019499072974,-0.11528597841123345,-0.4193904019494734,2.4323205161765817,1.5901921707723097,-0.9024731042919759
-0.7730691575613603,-0.11558617504257647,-0.41923855830455,2.4317218682431476,1.590419063575069,-0.9051155327794953
-0.7709258932399113,-0.11587939035691151,-0.41907275202561045,2.4311319469559733,1.590642465719324,-0.9077579612670148
-0.7687739022722023,-0.11616562435423859,-0.41889472844190706,2.4305524976443116,1.5908641225343274,-0.9103986444252822
-0.7666114393289813,-0.11644662236380968,-0.4187009968949357,2.429980029649657,1.5910840340200787,-0.9130393275835496
-0.7644385044102484,-0.11671889372712078,-0.41849504804320037,2.429418033630515,1.5913022001765778,-0.9156800107418169
-0.7622550975160035,-0.11698592910267591,-0.41827339122819707,2.428863018928381,1.5915168756745735,-0.9183206939000845
-0.7600629639754987,-0.11724598316122307,-0.41804126243768186,2.4283184762017584,1.5917280605140645,-0.9209596317290999
-0.7578621037887338,-0.11749905590276224,-0.4177934256838986,2.427780914792144,1.591937500024304,-0.9235968242288632
-0.7556525169557089,-0.11774514732729345,-0.41753511695460344,2.427248589370286,1.5921434488760393,-0.9262357620578787
-0.7534359488056762,-0.11798600276406868,-0.4172663362497963,2.4267232452654355,1.5923476523985227,-0.9288712092283902
-0.7512141446678874,-0.11821813155458391,-0.4169870835694772,2.4262031371483417,1.592548365262502,-0.9315084017281535
-0.7489836138838386,-0.11844502435734319,-0.4166973589136462,2.425688265019003,1.5927473327972292,-0.9341438488986651
-0.7467461017827819,-0.11866493584309447,-0.41639541695305116,2.4251786288774206,1.5929428096734526,-0.9367775507399245
-0.7399881869190599,-0.11928801838605643,-0.4154267592181943,2.4236863723669653,1.593511787009603,-0.9446751656051988
-0.7377192588914672,-0.1194817499330278,-0.41507943869704744,2.4232046614934153,1.5936967919103142,-0.9473053767879543
-0.7354398588883626,-0.1196685001629912,-0.4147181555418846,2.4227316772661247,1.5938783061525217,-0.9499338426414577
-0.7331499869097461,-0.11985001440519862,-0.4143429097527059,2.422269165014346,1.5940580750654771,-0.9525623084949613
-0.7308513882848695,-0.12002280200114605,-0.4139554466587631,2.421815379408828,1.5942343533199284,-0.9551907743484647
-0.728544063013733,-0.12019035360933751,-0.4135540209308044,2.421370320449569,1.594408886245128,-0.957815749543464
-0.7262262657670845,-0.12035092390052099,-0.4131403778980817,2.4209339881365706,1.5945799285118234,-0.9604407247384636
-0.7239014872034282,-0.12050625820394847,-0.4127145175605951,2.420506382469832,1.5947492254492668,-0.963063954604211
-0.7215679819935116,-0.120652865861116,-0.4122781852475965,2.420084012790849,1.5949150317282064,-0.9656871844699585
-0.7192274954665873,-0.12079249220127555,-0.411829635629834,2.4196686244288745,1.5950790926778937,-0.968308669006454
-0.7168800276226549,-0.12092688255367912,-0.4113706140365595,2.4192584720546564,1.595239662969077,-0.9709284082136975
-0.7145273237909665,-0.12105254625982272,-0.410901120467773,2.4188535556681936,1.5953984879310086,-0.973548147420941
-0.7121676386422703,-0.12117297397821032,-0.41042290025272654,2.418453875269487,1.595553822234436,-0.9761643959696805
-0.7098044628350698,-0.12128467505033795,-0.40993246273291617,2.418061176187788,1.5957074112086116,-0.978778899189168
-0.702676538169925,-0.12158312635242897,-0.4083983183204131,2.4169302028324955,1.5961507248386182,-0.9865979742381027
-0.7002906730824487,-0.1216686474857767,-0.4078625022400509,2.4165724103358364,1.5962920965080298,-0.9891950241650701
-0.6979013173364687,-0.12174718730211645,-0.40731621418417663,2.416223344485438,1.5964317228481892,-0.9917833474457778
-0.6955084709319843,-0.12181700047219622,-0.40675770882353846,2.415886495939803,1.5965678585298448,-0.9943664347387293
-0.6931103885397442,-0.121883322983772,-0.4061887314873883,2.415558374040428,1.5967022488822484,-0.996942540714673
-0.690698343513488,-0.12194091884908782,-0.4056040461879702,2.4152389787873134,1.596833148576148,-0.9995238826783727
-0.6882723358532158,-0.12199153339739566,-0.4050071435837882,2.414928310180458,1.5969623029407956,-1.0021087153005763
-0.6858341108881798,-0.12203516662869551,-0.40439627834559017,2.414624622890611,1.5970914573054433,-1.0046987839105357
-0.6833819232891277,-0.1220718185429874,-0.40377319580262816,2.414327916917772,1.5972171210115869,-1.0072940885082515
-0.6809157730560597,-0.1221014891402713,-0.40313789595490224,2.414036446932689,1.5973410393884784,-1.009894629093723
-0.6784391508474797,-0.12212417842054724,-0.40249037880241234,2.41374846760611,1.597463212436118,-1.0125004056669504
-0.675950311334136,-0.12213988638381518,-0.40183064434515847,2.413467469596539,1.5975818948252536,-1.015111418227934
-0.6734475091867761,-0.12214686770082316,-0.4011586925831407,2.413193452903976,1.597700577214389,-1.0177259214474215
-0.6709307444054001,-0.12214686770082316,-0.4004710328578549,2.4129246721991686,1.5978175142742728,-1.0203474059839168
-0.6633088915619411,-0.1221014891402713,-0.39833125919490986,2.4121759259500632,1.5981543628199075,-1.0282293128859235
-0.6607572201955253,-0.1220700732137354,-0.39759298492131623,2.4119472878180517,1.5982625732335314,-1.0308473067639148
-0.6582003128413535,-0.12203167597019153,-0.3968424933429587,2.4117291216615526,1.5983690383179032,-1.0334600646541503
-0.6556399148286778,-0.12198629740963968,-0.39607978445983716,2.4115214274805647,1.5984737580730228,-1.036065841227378
-0.6530725354989942,-0.12193219220282786,-0.39530485827195166,2.41132420527509,1.5985749871696384,-1.0386681271421014
-0.6504999201815546,-0.12186936034975605,-0.3945177147793022,2.4111392003743783,1.598676216266254,-1.0412686677275729
-0.647922068876359,-0.1217978018504243,-0.3937183539818888,2.410961176790675,1.5987757000336176,-1.0438639723252885
-0.6453372362541553,-0.12171926203408455,-0.3929067758797115,2.4107918798532313,1.5988734384717294,-1.046457531593752
-0.6427471676441958,-0.12163199557148484,-0.39208472580202214,2.410629564232796,1.598969431580589,-1.0490510908622157
-0.6401501177172282,-0.12153600246262514,-0.3912504584195689,2.4104742299293687,1.5990636793601969,-1.0516429048014273
-0.6375460864732526,-0.12143302803675747,-0.3904057190616036,2.410327622272201,1.5991579271398044,-1.0542329734113869
-0.6349350739122691,-0.12131958163537784,-0.3895470170696224,2.410187995932042,1.5992504295901602,-1.0568247873505985
-0.6323153347050257,-0.12119740858773824,-0.3886760977728772,2.4100570962381416,1.5993411867112637,-1.059414855960558
-0.6296868688515223,-0.12106650889383867,-0.38779296117136813,2.409936668519754,1.5994319438323674,-1.0620066698997697
-0.6217456207549479,-0.12062144993458011,-0.38505453957498903,2.4096434532054194,1.5996972338786708,-1.0697786210589004
-0.6190787576579007,-0.12045564365564065,-0.384113807108164,2.4095684040475835,1.5997845003412703,-1.07236868966886
-0.6164031679145934,-0.12027936540118922,-0.3831573666780711,2.4095055721945116,1.59987176680387,-1.0749605036080716
-0.6137171061957741,-0.12009436050047781,-0.3821869636139623,2.409453212316952,1.599957287937218,-1.077552317547283
-0.6110223178306948,-0.11990062895350645,-0.3812025979158375,2.4094113244149042,1.6000428090705656,-1.0801458768157466
-0.6083205481486076,-0.11969468010177112,-0.38020426958369674,2.409379908488368,1.6001265848746613,-1.0827376907549582
-0.6056083064910084,-0.1194817499330278,-0.379193723946792,2.409358964537344,1.600212106008009,-1.0853312500234218
-0.6028908288456533,-0.11925660245952055,-0.37816921567587136,2.4093450019033282,1.600295881812105,-1.0879230639626334
-0.6001663698832901,-0.1190227283397533,-0.37713249010018673,2.409339765915572,1.6003814029454524,-1.090516623231097
-0.5974331842746671,-0.1187801275737261,-0.3760835472197381,2.409341511244824,1.6004669240788003,-1.0931101824995606
-0.5946930173490359,-0.11852530950293493,-0.3750206417052736,2.4093537285495885,1.600550699882896,-1.0957037417680242
-0.5919458691063968,-0.11826176478588378,-0.3739420282275411,2.409376417829864,1.6006362210162437,-1.0982973010364876
-0.5891865035589937,-0.11798600276406868,-0.37285119744504464,2.409409579085652,1.6007217421495914,-1.1008926056342034
-0.5864201566945828,-0.1177015140959936,-0.37174291337002824,2.409456702975456,1.600807263282939,-1.1034896555611708
-0.578054793589774,-0.11678172558019258,-0.3683273040238753,2.409673123802703,1.6010673173414862,-1.1112842960005775
-0.5752465588233151,-0.11645360368081766,-0.36715618809578715,2.409770862240815,1.601154583804086,-1.113886581915301
-0.5724295974105963,-0.11611500980593074,-0.36597110953368295,2.4098808179836904,1.6012453409251897,-1.1164888678300247
-0.5696004186931134,-0.11576419862627989,-0.3647685776790589,2.41000299103133,1.6013343527170414,-1.1190928990740001
-0.5667642586586226,-0.11540291547111706,-0.3635520831904188,2.4101373813837337,1.601426855167397,-1.1216969303179758
-0.5639193719778719,-0.11503116034044227,-0.3623216260677628,2.410282243711649,1.6015193576177529,-1.1243027068912033
-0.5610675039801131,-0.11464718790500353,-0.36107720631109086,2.4104340873565726,1.6016136053973604,-1.1269102287936827
-0.5582103999945984,-0.1142509981648008,-0.359818823920403,2.410596402977008,1.60170959850622,-1.1295160053669102
-0.5553428240335717,-0.11384433644908613,-0.3585464788956991,2.4107674452437036,1.60180559161508,-1.1321252725986417
-0.5524682667555371,-0.11342545742860749,-0.3572584259077273,2.4109507048151633,1.6019050753824435,-1.1347327945011214
-0.5495867281604945,-0.11299610643261689,-0.35595641028573954,2.4111444363621346,1.602004559149807,-1.137343807062105
-0.5466929722606878,-0.11255453813186232,-0.35463868670048376,2.41135038521387,1.6021057882464227,-1.1399548196230884
-0.5437904897146213,-0.1121007525263438,-0.35330350982270814,2.411570296699621,1.6022105080015425,-1.1425693228425757
-0.5408775351930427,-0.1116364949453133,-0.3519526249816646,2.4118041708193885,1.6023152277566621,-1.1451838260620633
-0.5320740944459833,-0.11017041837363806,-0.34780048669117,2.412589568982786,1.6026433496560373,-1.15303955302529
-0.5291175066931049,-0.10965729157355172,-0.3463832793385506,2.4128792936386168,1.6027567960574167,-1.1556627828910373
-0.5261521922939666,-0.10913194746870143,-0.34494861869341126,2.4131829809284637,1.6028737331173004,-1.1582877580860367
-0.5231781512485683,-0.1085943860590872,-0.343499995414256,2.4134971401938228,1.6029906701771839,-1.1609127332810363
-0.5201971288861619,-0.10804460734470897,-0.3420356641718328,2.4138252620931975,1.6031128432248236,-1.1635394538052877
-0.5172073798774957,-0.10748261132556679,-0.3405573702953935,2.414162110638833,1.6032350162724631,-1.1661679196587913
-0.5142106495518214,-0.10691014333091266,-0.3390633684556864,2.4145076858307277,1.6033624253078587,-1.1687963855122947
-0.5112069379091391,-0.10632371270224256,-0.33755540398196326,2.414863732998134,1.6034898343432544,-1.171424851365798
-0.5081944996201969,-0.10572506476880851,-0.33603347687422425,2.415231997470305,1.603620734037154,-1.1740568078778055
-0.5051733346849947,-0.10511594485986249,-0.33449584180321723,2.41561247924724,1.6037551243895576,-1.1766887643898132
-0.5021416977742806,-0.10449286231690051,-0.3329407534396903,2.4160051783289385,1.603891260071213,-1.1793207209018204
-0.49909958888805445,-0.10385756246917457,-0.3313682117836434,2.4164135853739053,1.6040308864113726,-1.181956168072332
-0.49604700802631635,-0.10321179064593666,-0.32978170749358054,2.41683770038214,1.6041740034100362,-1.1845933605720955
-0.4929839551890663,-0.10255205618868281,-0.3281760045817458,2.417277523353642,1.6043188657379517,-1.1872322984011108
-0.48373021949499234,-0.10050303964684147,-0.32326290273738173,2.41868425873075,1.6047709060142183,-1.195161329192921
-0.4806235334264425,-0.09979618129978378,-0.32159262264322314,2.4191816775675683,1.6049279856468979,-1.1978055030096924
-0.47750986604088463,-0.0990753603187101,-0.31990488925654464,2.4196930590384027,1.6050885559380812,-1.2004531674849679
-0.4743874720090667,-0.09834232203287249,-0.31820319323585017,2.420216657814001,1.6052508715585168,-1.2031008319602432
-0.4712563513309889,-0.09759706644227091,-0.31648753458113976,2.4207507285651113,1.6054184231667081,-1.2057502417647707
-0.46811999466515514,-0.09684133887615738,-0.31475616796316136,2.4212952712917333,1.6055894654334035,-1.2083979062400458
-0.46497491135306135,-0.09607164867602787,-0.3130108387111671,2.4218502859938673,1.605763998358603,-1.2110473160445734
-0.46182284672395957,-0.09528974117113441,-0.3112498014959048,2.4224175180007657,1.6059420219423064,-1.2136984711783527
-0.4586603101193458,-0.09449561636147699,-0.30947480164662655,2.4229969673124274,1.6061235361845139,-1.216349626312132
-0.45548904686847214,-0.09368927424705562,-0.3076823485048284,2.42359386991661,1.6063085410852251,-1.2190025267751634
-0.4523073116420865,-0.09287246015712226,-0.30587418739976224,2.424204735154808,1.6064952913151886,-1.221655427238195
-0.44911335911093686,-0.09204342876242495,-0.30405031833142815,2.424831308356274,1.606687277532908,-1.2243100730304783
-0.4459089346042753,-0.0912021800629637,-0.30220899597057416,2.4254735895210078,1.6068810090798793,-1.2269682094812657
-0.4426922927928497,-0.09034871405873846,-0.30035196564645217,2.4261333239782616,1.6070799766146069,-1.2296263459320529
-0.4329812808347533,-0.08771850287598301,-0.2946848815652266,2.428205029800379,1.6076943325113087,-1.237607736601423
-0.4297244964505319,-0.08681965831120593,-0.29276501938803284,2.428925850781453,1.6079072626800521,-1.2402693637107145
-0.42645898542005045,-0.0859068511124129,-0.2908294492475711,2.4296588890672903,1.6081236835072994,-1.2429327361492577
-0.4231864930725611,-0.0849818266088559,-0.28887991647309347,2.43040239932864,1.6083435949930507,-1.2455961085878011
-0.4199070194080638,-0.08404458480053495,-0.2869164210645998,2.4311581268947533,1.6085704877958098,-1.2482594810263443
-0.4166205644265584,-0.08309512568745003,-0.2849372176928383,2.431924326436379,1.6087991259278211,-1.250922853464888
-0.4133253827987931,-0.08213344926960114,-0.28294405168706077,2.432702743282768,1.6090330000475883,-1.2535879712326832
-0.41002147452476784,-0.08116130087624031,-0.28093692304726725,2.433496868092426,1.6092703648258597,-1.2562513436712266
-0.4067053489459786,-0.08017693517811551,-0.27891234111495383,2.4343067008653514,1.6095129655918867,-1.258918206768274
-0.40337875139167745,-0.07918035217522675,-0.27687379654862443,2.4351322416015444,1.609759057016418,-1.2615850698653213
-0.4000416818618643,-0.07817329719682602,-0.27481954401902714,2.4359752356302575,1.6100068937702012,-1.2642519329623685
-0.39669239502728715,-0.07715577024291333,-0.27274783819690984,2.436835682951491,1.6102617118409923,-1.266920541388668
-0.3933326362171981,-0.07612602598423666,-0.2706621697407766,2.437713583565244,1.6105182752410354,-1.2695908951442192
-0.38996066010234504,-0.07508580975004805,-0.2685590479921235,2.438608937471517,1.6107800746288345,-1.2722629942290227
-0.3797801545754621,-0.07189185721889843,-0.26215892562506027,2.4413927376284477,1.6115899074017601,-1.2802845274711885
-0.3763680358878132,-0.07080451709490596,-0.2599964626818393,2.4423509233877927,1.6118691600820791,-1.2829583718852438
-0.37294893588315636,-0.06970321433689754,-0.25781829177535037,2.4433213264519016,1.6121536487501542,-1.285633961628551
-0.36952110923223946,-0.06858969427412516,-0.2556244129055935,2.444302201491523,1.6124451187352373,-1.2883095513718583
-0.36608630126431463,-0.06746395690658882,-0.2534183167310727,2.4452952938359074,1.6127418247080763,-1.2909851411151658
-0.3626427666501298,-0.06632600223428851,-0.2511965125932839,2.44630409414356,1.6130437666686712,-1.293660730858473
-0.359188760060433,-0.06517583025722425,-0.24895900049222716,2.4473268570852285,1.6133491992877704,-1.2963380659310322
-0.3557242814952243,-0.06401344097539602,-0.24670578042790245,2.4483670733194174,1.6136616132238775,-1.2990154010035917
-0.3522493309545036,-0.06283883438880385,-0.24443685240030985,2.4494264881753782,1.6139792631477403,-1.3016944814054028
-0.3487604177797669,-0.06165375582669969,-0.24215396173870124,2.4505033563238587,1.6143004037301072,-1.3043753071364663
-0.3452592873002663,-0.06045820528908358,-0.23985361778457273,2.4515976777648585,1.6146267803002303,-1.3070578781967817
-0.3417476848452537,-0.059250437446703504,-0.23753756586717625,2.4527129431568833,1.614958392858109,-1.3097404492570965
-0.3382221197562251,-0.05802870697030747,-0.23520406065725985,2.4538456618414277,1.615296986732996,-1.3124265109759161
-0.33468608269168465,-0.056796504518399474,-0.23285659281332746,2.454997579147744,1.6156390712663868,-1.3151125726947352
-0.32401164898648727,-0.053024848004839725,-0.22571819617267067,2.4585528148340563,1.6167072127686073,-1.3231794844974532
-0.3204372146784029,-0.0517402856753719,-0.2233078964756665,2.4597658186641924,1.6170772225700303,-1.3258707822040285
-0.31685405372405856,-0.05044176071188811,-0.22088188881539436,2.4609927851283446,1.6174542136884609,-1.3285603345813517
-0.3132621661234542,-0.04913101844364037,-0.2184419185211063,2.4622319688972603,1.617839931453152,-1.3312516322879269
-0.30966155187658995,-0.04780631354137668,-0.21598449493429828,2.463486860629444,1.6182326305348504,-1.333944675323754
-0.3060504656542137,-0.04646764600509703,-0.21351310871347431,2.4647592056541483,1.618632310933557,-1.3366377183595812
-0.30242890745632545,-0.045116761164053415,-0.2110242692001304,2.46604725864212,1.6190389726492718,-1.3393325067246606
-0.29879338662442123,-0.04375191368899386,-0.20851797639426656,2.4673580009103677,1.6194526156819946,-1.3420307857482439
-0.29514564848775304,-0.04237484890917033,-0.20599597562513472,2.4686861964711353,1.619873240031725,-1.3447290647718273
-0.291483947717069,-0.04098556682458284,-0.20345826689273497,2.470035335982927,1.6203008456984638,-1.3474308344539143
-0.28781002964162095,-0.0395823221059794,-0.20090310486781526,2.4714054194457424,1.6207371780114623,-1.3501360947945056
-0.2841238942614089,-0.038166860082612,-0.19833048955037563,2.472796446859582,1.6211804916414687,-1.3528431004643489
-0.28042379624718095,-0.03673743542522865,-0.19574216626966803,2.4742066728951935,1.6216307865884834,-1.355551851463444
-0.276711480928189,-0.03529230280457734,-0.1931363896964405,2.475634352223325,1.6220915535110099,-1.358264093121043
-0.26551519377664534,-0.030873129138527695,-0.18521957620939422,2.4800203646335865,1.623526214156149,-1.3664095447401008
-0.26176622654336157,-0.029368655323308585,-0.1825474771245909,2.481509130485538,1.6240253783222198,-1.3691270223854557
-0.25800853266381774,-0.02784847354482152,-0.17985792474726764,2.4830136043007567,1.624535014463802,-1.371846245360063
-0.254240366808762,-0.026314329132318508,-0.17715266440667646,2.484533786079244,1.6250533772516442,-1.3745672136639222
-0.2504617289781943,-0.024764476756547544,-0.17442995077356527,2.486073166479503,1.6255822120149985,-1.3772916726262852
-0.2466708738428626,-0.023200661746760623,-0.17168978384793418,2.487630000172282,1.6261197734246127,-1.3800178769179003
-0.24286780140276695,-0.021621138773705754,-0.16893216362978314,2.489207777816085,1.626667806809739,-1.3827458265387675
-0.23904902099940334,-0.020025907837382936,-0.16615709011911214,2.490808244740163,1.6272280574996292,-1.3854790121473906
-0.2352180232912758,-0.018416714267044165,-0.16336456331592122,2.4924279102860143,1.6277952895065273,-1.3882139430852658
-0.2313730629491323,-0.016791812733437442,-0.16055458322021035,2.494070265112141,1.6283747388181897,-1.390954110010897
-0.22751413997297285,-0.01515294856581477,-0.15772540450272757,2.4957353092185435,1.6289646601053638,-1.3936960222657802
-0.22364125436279741,-0.013498376434924145,-0.15488051782197682,2.497419551946718,1.6295650533680497,-1.396441425179167
-0.21975789677711002,-0.01182809634076557,-0.1520164325194541,2.4991229932966643,1.6301776639354997,-1.399188573421806
-0.2158605765574067,-0.010140362954087054,-0.14913489392441148,2.500845633268383,1.6308007464784617,-1.401940957652201
-0.20411974667924082,-0.004977679026687828,-0.14038730371341587,2.506104310304642,1.6327502792529394,-1.4102033463311423
-0.2001892652037496,-0.0032218777991815323,-0.13743769727754548,2.507884546141676,1.633425721673461,-1.4129592212200413
-0.1962518024112504,-0.0014503686084072877,-0.13447063754915511,2.509680489941978,1.6341133813987467,-1.4157168414381924
-0.1923056129724912,0.00033510321638291127,-0.1314878698574968,2.5114921417055482,1.6348150037580487,-1.4184762069855954
-0.18835069688747208,0.002136283004441059,-0.12849113953182253,2.5133229920908904,1.6355288434221142,-1.4212338272037466
-0.18438530882694096,0.003953170755767157,-0.1254804465721323,2.515171295768752,1.6362531550616919,-1.4239931927511496
-0.18041468477865383,0.005784021141109208,-0.12245579097842615,2.5170387980683864,1.6369896840060334,-1.4267508129693005
-0.17643533408410678,0.0076270888312152205,-0.11941717275070403,2.51892375366054,1.637738430255139,-1.4295084331874515
-0.1724490020725517,0.009482373826085192,-0.11636808254746993,2.520827907874466,1.6384993938090084,-1.4322660534056026
-0.16845743407324068,0.011351621454971119,-0.11330677503947187,2.5227477700516596,1.6392708293383902,-1.4350201829652498
-0.1644571394276697,0.013234831717873001,-0.11023325022670986,2.524686830850625,1.6400544821725356,-1.4377725671956447
-0.16043764616032674,0.01513724060254682,-0.10713529080441993,2.5266503262591193,1.640852097640697,-1.440535423401552
-0.15639720894195988,0.017062338767496566,-0.10401464210185406,2.528638256277141,1.6416671664013782,-1.4433087515829708
-0.15233408244331706,0.019010126212722238,-0.1008660681312563,2.5306453849169337,1.6424979431253275,-1.4460908064106497
-0.14003125654600904,0.0249931148885588,-0.09126850257453949,2.536788943883954,1.6451002290400512,-1.4544893307712465
-0.1358913355602785,0.02703340478414017,-0.08801869950732603,2.5388781029985914,1.6460025642633322,-1.4573062921839655
-0.13172872529427201,0.02909812928924946,-0.08474271650133268,2.5409882060642524,1.6469240981083852,-1.460133725572196
-0.1275486617357456,0.03118554307463468,-0.0814440442150634,2.5431227437394415,1.6478613399167061,-1.4629681402774348
-0.12336161686021122,0.03328517416478386,-0.07813140929477816,2.5452747347071503,1.6488125443590431,-1.4658025549826739
-0.11916759066766883,0.035398767888948995,-0.07481004772823294,2.5474406883088756,1.649777711435396,-1.4686334790294087
-0.11497007381662247,0.03752632424713008,-0.07147821418617577,2.54962409520312,1.650756841145765,-1.4714626577468912
-0.11076732097782012,0.03966784323932712,-0.06813416333935464,2.5518249553898853,1.6517499334901495,-1.4742900911351222
-0.1065558414927578,0.04182332486554012,-0.06477789518776954,2.5540415235399183,1.6527569884685502,-1.4771157791941008
-0.10233738069068751,0.04399451445502107,-0.06141115506067248,2.556277290311723,1.6537780060809668,-1.4799414672530797
-0.09811019324235724,0.046179666678517965,-0.058030452299559464,2.558528765046795,1.6548129863273997,-1.4827671553120585
-0.09387602447701901,0.04838052686528281,-0.05463578690443049,2.5607959477451363,1.6558636745371,-1.4855928433710375
-0.08963312906542079,0.0505988403445676,-0.05122715887528556,2.563078838406745,1.6569318160393207,-1.4884185314300162
-0.0853832523368146,0.05283635244562434,-0.04780282288287269,2.565373946373117,1.6580174108340613,-1.491245964818247
-0.07259173424894816,0.05965884449167017,-0.03743731245527837,2.5723378100885745,1.6613754243148984,-1.4997247743244353
-0.06831044159380606,0.06196791509205867,-0.033951889939045694,2.574690513920263,1.6625290869504665,-1.5025539530419183
-0.06401693163390001,0.0642961843142191,-0.03045250478879706,2.577060671044471,1.6636984575493028,-1.505383131759401
-0.059712949698481996,0.0666384161703955,-0.026937411675280486,2.5794482814612,1.664883536111407,-1.508215801135388
-0.055398495787552016,0.06899984664834383,-0.02341010125699994,2.581853345170448,1.666086067966031,-1.5110484705113747
-0.05107356990111006,0.0713769850895601,-0.01986882820470345,2.5842758621722157,1.6673060531131751,-1.5138828852166133
-0.04673817203915615,0.07376983149404433,-0.016313592518391,2.586715832466504,1.6685400008943352,-1.5167190452511043
-0.04239230220169027,0.0761801311910485,-0.012746139527314588,2.5891750013825643,1.669793147297267,-1.519556950614847
-0.038035960388712424,0.0786078841805726,-0.009164723902222225,2.5916481329326397,1.6710602563342147,-1.5223948559785898
-0.03366914660022261,0.08105309046261666,-0.0055710909723658995,2.5941404631044875,1.6723465639929347,-1.5252327613423324
-0.029295351494724824,0.08351400470792868,-0.001965240737745615,2.596646755910352,1.6736485796149225,-1.5280724120353273
-0.02491282974296706,0.08599411757501262,0.0016545721308906243,2.5991652660209796,1.674969793858682,-1.5309138080575742
-0.02052332667420132,0.0884916837346165,0.005288347633542819,2.6016959934363713,1.676310206724214,-1.533751713421317
-0.016130332946931593,0.09101019384524432,0.008936085770210968,2.604235447498023,1.6776680728822653,-1.5365896187850596
-0.0029129545215785357,0.09867044393224743,0.01995958532580715,2.611923622853058,1.6818551177577998,-1.545099844217784
0.0015079644737231008,0.10125876721295503,0.023657938010783135,2.61451543679227,1.6832862877444352,-1.5479377495815267
0.005937610115284709,0.10386279845693056,0.027366762671271087,2.617121213365497,1.6847349110235903,-1.5507756549452698
0.01037598240310629,0.10648428299342604,0.03108431397801901,2.6197409525727404,1.6861992422660137,-1.5536118149797604
0.014823081337187842,0.10912147549318947,0.03481408258953089,2.622374654414,1.687682772130209,-1.5564497203435033
0.019278906917529363,0.11177612128547285,0.03855432317655474,2.6250240642185276,1.689182009957672,-1.5592876257072459
0.023739968485626872,0.11444647504102416,0.04230329040983856,2.6276856913278186,1.690700446406907,-1.562123785741737
0.02820975669998435,0.11713428208909543,0.04606272961863435,2.630361281071126,1.692236336148662,-1.5649616911054796
0.0326865262313498,0.11983779710043466,0.04983089547369011,2.6330508334484493,1.693789679182937,-1.5677978511399702
0.03716853175047124,0.12255876540429382,0.05360953330425783,2.6357491124720327,1.6953604755097318,-1.5706340111744612
0.04165577325734866,0.1252971870006729,0.057398643110337516,2.6384596088003796,1.6969522157875507,-1.5734684258796998
0.04614650542273008,0.12805655254807596,0.06119997022118116,2.641175341116483,1.6985614093578896,-1.5763010952556866
0.05063898291736348,0.13083337138799894,0.06501351463678878,2.643898054749594,1.7001932922085041,-1.5791320193024214
0.05513495107050087,0.13363113417894584,0.06883753102790835,2.6466260043704612,1.7018443736808908,-1.5819594526906524
0.06864379948093698,0.14212565164840224,0.0803636854080789,2.654865703769126,1.7069110644994303,-1.5904365168675887
0.07315722092659432,0.14499148228017691,0.08422260838423837,2.6576337959627896,1.7086371951296528,-1.5932604595973154
0.07767587836000764,0.14787476620447157,0.08808851267740582,2.6604088694734607,1.7103807790523953,-1.5960844023270424
0.08219802645192495,0.15077375809203414,0.09196139828758122,2.6631961602888956,1.7121418162676574,-1.5989065997275174
0.08672366520234623,0.15368845794286468,0.09584126521476462,2.6659904324213386,1.7139220521046916,-1.60172705179874
0.09125453994052353,0.15662061108621514,0.09972811345895599,2.668795176529293,1.7157214865634978,-1.604547503869963
0.09578716000795279,0.15957021752208556,0.10362019769090335,2.671606901954256,1.717538374314824,-1.6073679559411858
0.10032501606313805,0.16253727725047593,0.10751926323985868,2.674427354025479,1.719374460687922,-1.6101866626831567
0.10486287211832332,0.16552179027138625,0.11142705543507397,2.6772530420844576,1.7212297456827919,-1.6130036240958756
0.10940247350276056,0.16852375658481647,0.11534182894729726,2.680082220801941,1.7231042292994339,-1.6158188401793423
0.11394207488719782,0.17154666684927067,0.11926707443503251,2.682914890177927,1.7250014021963516,-1.618632310933557
0.11847993094238307,0.17458877573549678,0.12320104656902774,2.685749304883166,1.7269177737150414,-1.621440545700016
0.12301604166831634,0.17765008324349482,0.1271437453492829,2.688585464917657,1.7288568345140072,-1.624248780466475
0.1275521523942496,0.18073233470251682,0.13109517077579808,2.6914233702813997,1.7308150939347449,-1.6270535245744298
0.14116222990130137,0.19008031817619844,0.14298086298187945,2.699961520982156,1.7368050639275894,-1.6354607755812864
0.14569834062723463,0.1932306374760482,0.14695323235941857,2.702815134309167,1.7388401178354147,-1.6382602837014852
0.15023619668241991,0.19639841006841793,0.15092909239546165,2.7056739836239334,1.74089262503576,-1.6410597918216845
0.15477230740835318,0.19958363595330755,0.15490844309000873,2.7085328329387,1.742966076187129,-1.643857554612631
0.1593066728050344,0.20278456980146517,0.15889128444305978,2.7113969182412228,1.7450569806310183,-1.6466553174035783
0.16383929287246368,0.20600470227139472,0.1628793617838668,2.7142610035437458,1.7471670836966795,-1.6494530801945249
0.16837191293989298,0.20924228803384418,0.16687092978317786,2.71712683417552,1.7492963853841126,-1.6522490976562199
0.17289929701956624,0.2124973270888136,0.17086598844099285,2.719992664807295,1.7514448856933176,-1.6550433697886628
0.17742493576998755,0.21577331009480696,0.17486802841581586,2.7228567501098175,1.7536125846242945,-1.6578341512626018
0.18194533853265288,0.21906674639332027,0.17887704970764687,2.7257173447538365,1.7558029728355475,-1.6606231874072888
0.18645875997831018,0.22238287197210949,0.1828947976457378,2.7285727034100993,1.7580160503270763,-1.6634104782227237
0.19096694543621154,0.22571819617267067,0.1869195269008367,2.7314245714078575,1.760248326440377,-1.6661925330504026
0.19546989490635694,0.22907271899500375,0.1909494921436916,2.734271203417861,1.7625015465047018,-1.6689728425488297
0.19996760838874633,0.23244644043910878,0.1949846933743025,2.737116090098611,1.7647757105200503,-1.6717531520472566
0.21343107823863058,0.24267406985579557,0.20710076904164715,2.7456332968483435,1.7717081583089718,-1.6800870992255295
0.21790784776999605,0.24611760446998038,0.211144696918518,2.7484642208950785,1.7740573714821561,-1.6828639180654525
0.22237763598435353,0.24958033770593713,0.21519037012464085,2.7512916542833095,1.7764257832771124,-1.6856407369053754
0.22684044288170302,0.25306052423441383,0.21923778866001573,2.754113851683784,1.7788116483645888,-1.6884158104160463
0.23129626846204454,0.25655990938466244,0.22328695252464256,2.7569308130965027,1.781216712073837,-1.6911908839267173
0.23574511272537807,0.26007674782743107,0.2273361163892694,2.759742538521466,1.783640974404857,-1.6939659574373884
0.24018697567170363,0.26361103956271953,0.23139051624165222,2.7625455373001686,1.786086180686901,-1.6967410309480593
0.24461836664251724,0.26716627524903197,0.23545015208179104,2.7653415547618634,1.788548840261465,-1.6995126138002263
0.2490392856378189,0.2707424548863684,0.23951327858043384,2.7681271002480465,1.791034189116305,-1.7022824513231416
0.25344973265760856,0.2743395784747287,0.2435851317253366,2.7709004284294654,1.7935404819221688,-1.7050487981875524
0.2578479623726343,0.277955900684861,0.24766047552874337,2.7736632846353726,1.7960677186790568,-1.7078116543934594
0.262233974782896,0.2815896761875131,0.25173930999065414,2.7764139235365155,1.7986124087284643,-1.7105710199408624
0.26660427922988983,0.2852409049826853,0.25581814445256484,2.7791505998036428,1.8011762973996441,-1.7133268948297615
0.2709588757136157,0.28890609641187337,0.2598917429267196,2.781873313436754,1.8037541487048396,-1.7160792790601567
0.28391445475116955,0.2999749745280214,0.272086358410404,2.7899541878734877,1.8115767144122783,-1.724311997141814
0.2881905114185557,0.3036872898470133,0.27613726760428287,2.7926123243242746,1.8142104162535377,-1.727045182750437
0.2924421334764139,0.3074065864830132,0.28017770482264975,2.7952512621532906,1.8168545900703092,-1.729771387042052
0.2966693209247442,0.3111328644360211,0.2842076700655046,2.797869256031282,1.8195092358625926,-1.7324906100166593
0.3008703284342945,0.31486612370603706,0.2882254180035956,2.8004663059582495,1.8221726083011358,-1.7352028516742584
0.3050434106758129,0.3186063642930609,0.2922326939661746,2.803040666604941,1.824844707385939,-1.7379063666855978
0.3091885676492995,0.3223518408678407,0.29622949795324155,2.805592337971357,1.8275290237755064,-1.7405994097214248
0.31330754468400607,0.3261060440888805,0.3002193206233006,2.808119574728245,1.8302220668113338,-1.7432854714402444
0.31739685112142885,0.32986722862692824,0.3042021619763517,2.8106223768756045,1.832925581822673,-1.7459575705250476
0.32145997762007156,0.33363713981123605,0.30817627668314274,2.813100744413436,1.8356395688095242,-1.7486226882928428
0.3254934335214305,0.3374122869832998,0.31214341007292584,2.8155564226709924,1.8383622824426353,-1.7512755887558742
0.3294989641547575,0.3411926701431195,0.31610007148719704,2.8179876663190204,1.8410937227220066,-1.7539232532311497
0.33347831484930457,0.34498003461994714,0.32004451559670416,2.8203944753575207,1.8438338896476376,-1.7565621910601652
0.3374279949465677,0.3487726350845309,0.3239784877306994,2.8227768497864933,1.8465810378902765,-1.7591976382306764
0.3491304275811897,0.3601975603680857,0.33572978958437727,2.8297948187087623,1.8548783331542578,-1.767081290461935
0.35298411456959317,0.3640268127469613,0.3396340911210885,2.8320899266751347,1.8576656239696927,-1.7697062656569342
0.3568168576069727,0.36786653710134887,0.34353315667004386,2.8343640906904835,1.8604651320898915,-1.7723312408519338
0.3606269113640764,0.3717184787605003,0.3474287315604952,2.836617310754808,1.8632768575148544,-1.7749562160469334
0.36441776649940805,0.3755878737121717,0.3513243064509466,2.8388513321973607,1.8661025455738331,-1.7775846819004368
0.36819116834221977,0.37947123129785915,0.35521988134139787,2.8410626643596375,1.86894394159608,-1.7802131477539402
0.3719453715632596,0.3833720421760664,0.35912069221960524,2.8432565432293946,1.8718010455815948,-1.7828451042659477
0.37568212149177943,0.3872937970052977,0.36302848441482055,2.8454294781481275,1.8746738575303772,-1.785477060777955
0.37940316345703134,0.3912364957855529,0.36694151259779184,2.8475832144450886,1.877567613430184,-1.7881107626192145
0.3831067521297633,0.39519664785832803,0.3708632674270231,2.8497160067910254,1.8804770772932584,-1.790746209789726
0.3867928875099753,0.3991777438821271,0.37479025824401035,2.851827855185938,1.8834057397781048,-1.7933851476187415
0.3904615695976674,0.4031780385276981,0.37872248504875355,2.8539205049590795,1.8863483648969674,-1.7960275761062607
0.3941127983928395,0.40719404113653707,0.3826582025120008,2.855992210781197,1.8893084433083496,-1.7986734952522843
0.39774482856623977,0.4112309876964,0.3865956653045,2.8580429726522905,1.892284229683,-1.8013281410445676
0.4085309633435647,0.4234465471311083,0.3984255069745175,2.864062613242419,1.901304091257307,-1.8093217490187017
0.41208794435912915,0.4275550521903029,0.4023751870717807,2.86602436332166,1.904340964155777,-1.811999084091261
0.4156239814236697,0.43168101054201746,0.4063266124982959,2.867963424120626,1.907393545017515,-1.8146816551515763
0.41914256519569026,0.43582442218625206,0.410283273912567,2.869879795639316,1.910460088513269,-1.8173712075288995
0.42264020501668687,0.4399870324522585,0.4142416806560902,2.8717717325484777,1.913540594643039,-1.820069486552483
0.42611864621591156,0.4441653506815329,0.4182035780581173,2.873639234848112,1.9166385540653288,-1.82277125623457
0.42957788879336434,0.44836461286183127,0.4221724567771524,2.8754840478674697,1.9197504761216349,-1.8254782619044132
0.43301618741979314,0.4525813283346496,0.4261483168131955,2.8773044262773,1.9228781061412086,-1.8281887582327603
0.43643528742445004,0.4568172424292398,0.43013290349549854,2.8791003700776017,1.9260214441240506,-1.8309027452196116
0.439835188807335,0.46107060981635,0.4341227261655576,2.8808718792683763,1.9291804900701603,-1.8336219681942187
0.443214146239196,0.4653431758252321,0.4381177848233726,2.8826189538496227,1.932353498650286,-1.8363429364980777
0.44657041439078116,0.46962795913887817,0.4421163341396916,2.8843398484920892,1.9355369792059236,-1.839069140789693
0.4499022479328383,0.4739267050865402,0.44611139279750667,2.886032817866523,1.9387326770663251,-1.841800581069064
0.4532096468653675,0.47823766833896625,0.45010645145532163,2.8876996073021783,1.9419371015729867,-1.8445355120069393
0.4629765093595278,0.49121942731530005,0.4620654474899868,2.8925306786716987,1.9515887723365155,-1.8527595034423365
0.46617569787843344,0.495556570506506,0.46603781686752593,2.8940822763767216,1.954814140794201,-1.8555031610264716
0.4693469611293071,0.49989894968546783,0.47000145959880496,2.8956024581552082,1.9580412545811385,-1.8582485639398587
0.47248680845364494,0.5042413288644297,0.47395463035457214,2.8970947146656636,1.961270113697328,-1.8609922215239938
0.47559523985144686,0.5085837080433917,0.47789558380557534,2.8985555552495827,1.9644972274842656,-1.8637358791081289
0.4786740006519648,0.5129260872223536,0.4818260652810666,2.899984979906966,1.967724341271203,-1.866477791363012
0.48172309085519893,0.5172684664013154,0.4857460747810458,2.9013864792963178,1.9709497097288884,-1.8692162129593912
0.48474251046114913,0.5216091002510254,0.48965735763476514,2.902758308088385,1.9741750781865741,-1.8719511438972662
0.48773400479906737,0.5259497341007352,0.49356165917147643,2.9040987209539164,1.9774004466442596,-1.8746825841766372
0.49069408321044977,0.5302903679504452,0.49745548873267575,2.9054112085514165,1.980624069772693,-1.8774105337975044
0.4936262363538002,0.5346292564709031,0.5013405916476151,2.9066957708808845,1.9838459475718746,-1.8801332474306154
0.4965287188998668,0.538964654332857,0.5052152225870425,2.9079506626130684,1.987064334712552,-1.8828559610637268
0.4994015308486495,0.5432948162070549,0.5090741455632021,2.9091758837479684,1.9902774858654737,-1.885575184038334
0.5022446722001482,0.5476214874227489,0.5129191059053456,2.9103714342855844,1.9934854010306393,-1.888292661683689
0.5105995633294451,0.5605683398140427,0.5243667204691764,2.9137852983024852,2.0030777305996,-1.8964416039612506
0.5133292582795642,0.5648758124079648,0.528155830275256,2.914867402438722,2.006264701813742,-1.8991573362773537
0.5160310279616515,0.5691763036848788,0.5319292321180678,2.915921581306926,2.0094446917108755,-1.901873068593457
0.5187066177049587,0.5734733043032888,0.5356904166561155,2.9169478349070994,2.012619445620253,-1.9045888009095602
0.5213560275094862,0.5777668142631949,0.5394376385601474,2.917947908568492,2.0157872182126226,-1.9073045332256633
0.5239827480337376,0.5820585788938489,0.5431761338179193,2.918920056961853,2.0189532454757404,-1.9100255015295227
0.5265937605947212,0.586364306158519,0.5469163744049431,2.9198712614041895,2.022126254055866,-1.9127569418088937
0.5291960465094446,0.5906892320449609,0.5506670869674789,2.9207997765662506,2.025311479940756,-1.9155023447222808
0.5317861151194043,0.5950333565531748,0.5544265261762747,2.9217073477772875,2.0285071778011576,-1.9182617102696837
0.534365711753852,0.5993949343539086,0.5581946920313304,2.9225939750373007,2.0317150929663232,-1.9210350384511028
0.5369330910835355,0.6037774561056664,0.5619733298618982,2.923457913017038,2.0349352254362527,-1.9238223292665377
0.5394899984377072,0.6081791764791961,0.5657606943387259,2.924300907045751,2.038167575210946,-1.9266235827159885
0.542032943157863,0.6125948594867417,0.5695515494740575,2.9251194664649365,2.0414051609733956,-1.9294353081409514
0.5445531985977428,0.6170087971650353,0.5733354232923813,2.925911845945342,2.044641001406593,-1.9322522695536704
0.5519656119309627,0.6302174489441285,0.5846050142725085,2.9281284140953745,2.054301398816382,-1.9407066444503307
0.5543863836034788,0.6346069520128943,0.5883330375547686,2.9288143284914083,2.057504077993791,-1.9435270965215536
0.556780975337215,0.638989473764652,0.5920470982030125,2.92947231761941,2.060699775854193,-1.9463458032635244
0.5591511324614233,0.6433632688701498,0.5957471962172405,2.930104126808632,2.0638850017390826,-1.9491645100054953
0.5614951096468518,0.6477265920001356,0.5994315862682006,2.9307097560590747,2.0670597556484602,-1.9519849620767182
0.5638146522227523,0.6520829338131134,0.6031020136851446,2.9312874600414847,2.070225782911578,-1.954803668818689
0.5661097601891247,0.6564270583213273,0.6067549878095687,2.931840729414367,2.073379592869932,-1.9576206302314076
0.5683769428874654,0.6607607108540293,0.6103922539707249,2.932366073519217,2.0765229308527733,-1.9604375916441266
0.5706214363055301,0.6650856367404712,0.6140155574978652,2.9328669830145393,2.0796540515308513,-1.9632528077275935
0.5728414951140668,0.6694018359806532,0.6176231530617374,2.9333434579003335,2.082778190891921,-1.9660680238110604
0.5750371193130758,0.6737058179160711,0.6212185313208458,2.9337920075180963,2.085890112948227,-1.9688814945652753
0.5772100542318087,0.6780010732052293,0.624798201616686,2.934217867855583,2.088989817699769,-1.9716949653194902
0.5793585545410137,0.6822858565188753,0.6283621639492585,2.9346175482542898,2.092080795805051,-1.9745066907444528
0.5814826202406908,0.6865601678570095,0.631910418318563,2.9349945393727204,2.095159556605569,-1.977318416169416
0.5877239176458225,0.6993289966646,0.6424748962808847,2.9359754144123413,2.1043347524833034,-1.9857640644198162
0.5897624622121519,0.7035718920761982,0.6459725361018812,2.9362546670926606,2.107376861369529,-1.9885845164910392
0.5917800628274573,0.7078095515000403,0.649459703947366,2.9365094851634512,2.110410243609495,-1.9914102045500182
0.5937784648209908,0.7120419749361265,0.6529381451465907,2.9367398686247146,2.1134383898617055,-1.994242873926005
0.5957576681927524,0.7162743983722129,0.6564078596995554,2.936947562805702,2.11646130012616,-1.9970790339604956
0.597719418271994,0.7205050764790472,0.6598723382647641,2.9371308223771617,2.1194807197321097,-1.9999256659704983
0.5996637150587156,0.7247357545858814,0.663331580842217,2.937289647339093,2.122494903350304,-2.002779279297509
0.6015905585529175,0.7289681780219677,0.6667855874319136,2.9374257830207484,2.1255073416392465,-2.0056416192707798
0.6034999487545993,0.7332040921165579,0.6702378486923585,2.9375374840928763,2.1285197799281885,-2.0085144312195626
0.6053936309930131,0.7374434968696522,0.6736883646235512,2.937624750555476,2.131530472887879,-2.011399460473109
0.607271605268159,0.7416881376105023,0.677137135225492,2.9376858370792958,2.134541165847569,-2.0142949617021677
0.609135616909289,0.7459345236806045,0.6805841604981808,2.9377259796520914,2.137550113478007,-2.017200934906738
0.610980429928647,0.7501861457384628,0.6840294404416176,2.9377399422861075,2.1405590611084455,-2.0201208707453246
0.612813025643241,0.7544430037840768,0.6874747203850545,2.9377294703105954,2.143568008738884,-2.0230512785594232
0.6182113290196596,0.7672292858841874,0.697789616264341,2.9375549373853964,2.1525826343254346,-2.0319140605010504
0.6199793475519297,0.7714931252468095,0.7012191882445098,2.937448472301025,2.1555828553096124,-2.034889846875701
0.6217299127916801,0.7757604552679356,0.7046470148954267,2.9373175726071246,2.158577840306035,-2.0378761052258634
0.6234647700681624,0.7800242946305578,0.7080678602293355,2.9371622383036975,2.161569334643953,-2.0408728355515375
0.6251821740521248,0.784284643334676,0.7114799789169844,2.936984214719994,2.1645538476648634,-2.0438765471942197
0.6268821247435674,0.788543246709542,0.7148851162876253,2.9367817565267624,2.167533124698018,-2.04688724015391
0.6285628768132379,0.7927948687674002,0.7182815270120063,2.936554863724003,2.1705019297556603,-2.04990665975986
0.6302279209196404,0.7970412548375024,0.7216674657608754,2.936303536311716,2.1734637534962946,-2.0529313153535664
0.6318737664042711,0.8012789142613447,0.7250429325342324,2.936029519619153,2.176415105261417,-2.055961206935028
0.6335004132671298,0.805507847038927,0.7284061820028255,2.9357328136463137,2.1793577303802794,-2.0589963345042466
0.6351078615082166,0.8097263078409973,0.7317554688374025,2.935411673063947,2.1822863928651257,-2.0620349527319686
0.6366961111275313,0.8139325513383037,0.7350925383672158,2.935067843201304,2.185202838045208,-2.0650770616181946
0.6382669074543263,0.8181265775308459,0.7384121546045089,2.934701324058385,2.188105320591275,-2.0681226611629246
0.6398167598300972,0.8223101317478764,0.7417178082077862,2.934312115635191,2.1909955858325776,-2.0711717513661587
0.6443581065437864,0.8347787639241239,0.7515387759087584,2.933010100013203,2.1995843510816417,-2.0803417112561373
0.6458346550909737,0.8389082129343425,0.7547798523297118,2.9325301344689043,2.2024170204576285,-2.0834065094226393
0.647295495674893,0.8430254446397971,0.7580069661166493,2.9320309703028338,2.2052392178581033,-2.0864747982476453
0.6487371376370402,0.8471339496989917,0.7612183719403189,2.9315091168564877,2.208047452624562,-2.0895500683896593
0.6501648169651717,0.8512302374534224,0.7644175604592245,2.930966319459117,2.210843470086257,-2.092628829190177
0.6515767883300351,0.8553160532323412,0.7676045316733661,2.9304025781107232,2.213627270243188,-2.095714571307703
0.6529730517316304,0.8593948876942519,0.7707775402534919,2.929816147482053,2.216400598424607,-2.0988055494129854
0.654353607169958,0.8634632501806506,0.7739383315288536,2.9292105182316113,2.219163454630514,-2.101905254164527
0.6557219453035216,0.8675246313500414,0.7770886508287033,2.9285839450301454,2.221914093531657,-2.105011940233077
0.6570763208030692,0.8715807765316763,0.7802284981530411,2.927934682548403,2.22465600578654,-2.108127352947887
0.6584184789978529,0.8756281950670511,0.783356128172615,2.9272662214448895,2.2273891913951633,-2.111251492308957
0.6597466745586205,0.8796721229439219,0.7864750315459288,2.9265750710611,2.2301101596990223,-2.1143843583162867
0.6610643981438762,0.8837108148330369,0.7895834629437307,2.9258647220555383,2.2328241466858736,-2.1175294416283803
0.662369904424368,0.8877442707343958,0.7926849130245246,2.9251316837697003,2.235529407026465,-2.120683251586734
0.6662148647665116,0.8998167131704405,0.8019194500968265,2.922805159876792,2.2435858468536707,-2.130217985290379
0.6674732471571995,0.9038292251207756,0.8049737762878167,2.9219866004576063,2.246250964621466,-2.1334171738092844
0.6687194122431234,0.9078365010833545,0.8080158851740429,2.9211470970873976,2.2489056104137495,-2.136632070291458
0.6699551053535353,0.9118350503996736,0.811044031426253,2.920286649766164,2.251548038901269,-2.1398556934198916
0.6711785811591834,0.9158301090574885,0.8140617057029511,2.9194035131646547,2.2541799954132764,-2.143093279182341
0.6723915849893194,0.9198181863982956,0.8170654173456334,2.918501177941374,2.256801479949772,-2.1463413369203024
0.6735923715146915,0.9238010277513466,0.8200604023420557,2.917576153437817,2.2594124925107555,-2.149601611963028
0.6747844313938037,0.9277768877873896,0.823043170033714,2.916631930312488,2.262014778425479,-2.1528741043105173
0.6759642739681518,0.9317492571649288,0.8260154657498603,2.915666763236135,2.2646048470354385,-2.1561570686335187
0.67713538989624,0.9357146452254599,0.8289737988319906,2.9146806522087583,2.267184443669886,-2.159452250261284
0.6782942885195642,0.939674797298235,0.8319216599386091,2.913673597230358,2.2697553136580737,-2.1627561585353092
0.6794444604966285,0.9436262227247503,0.8348573037404635,2.912647343630185,2.2723122210122457,-2.1660740294433505
0.6805841604981808,0.9475741574927614,0.8377824755668061,2.911600146078988,2.274860401720157,-2.169402372326904
0.6817133885242211,0.9515133656145126,0.8406936847591326,2.9105320045767678,2.277396365123305,-2.1727411871859688
0.6850417314077744,0.9632908474069704,0.8493470271905206,2.9072106430102225,2.2849361874919207,-2.1828222089454883
0.6861308168610187,0.9672021302606897,0.8522041311760352,2.9060622163624106,2.2874232816760123,-2.1862046570358533
0.6872094303387514,0.971102941138897,0.8550437818690301,2.9048945910928263,2.2898964132260886,-2.18959757710173
0.6882793171702238,0.9749950253708444,0.8578659792695048,2.9037060218722184,2.2923555821421484,-2.193002714472371
0.6893387320261845,0.9788766376272797,0.8606724687067118,2.902498254029838,2.2948025337534443,-2.196418323818524
0.690387674906633,0.9827495232374551,0.8634615048513987,2.901269542236434,2.2972337774014724,-2.199846150469441
0.6914278911408217,0.9866119368721186,0.8662313423743137,2.9000216318212577,2.2996493130862325,-2.20328444909587
0.6924576353994982,0.99046387853127,0.8689837266047087,2.89875452278431,2.3020508861369766,-2.2067332196978104
0.6934769076826629,0.9943053482149095,0.8717204028718358,2.8974664697963384,2.304438496553705,-2.2101942076045153
0.6944874533195677,0.9981363459230371,0.8744361351879391,2.896162708845099,2.3068086536779133,-2.213662176828228
0.6954892723102124,1.0019533809971486,0.8771326688822703,2.8948397492720868,2.3091631028388533,-2.217137127368949
0.6964806193253452,1.0057529627787403,0.8798065132963255,2.8935010817358076,2.31149660804877,-2.2206155685681734
0.697461494364966,1.00953334593856,0.882454177771601,2.8921484515655114,2.3138109146369144,-2.22409575509665
0.6984336427583269,1.0132910398181039,0.8850756623080965,2.8907818587612004,2.316100786615531,-2.227574196295875
0.7012855107560856,1.0244035511655518,0.8927533656876195,2.8866175031659416,2.3228115775894493,-2.237972867979257
0.7022157712473985,1.028046053314464,0.8952422052009634,2.885212513118086,2.324989748495938,-2.241419893251946
0.7031355597631996,1.031651903549084,0.8976943928000155,2.883802287082475,2.3271347581466393,-2.2448512105613667
0.7040448763034886,1.0352176112109086,0.9001029471677676,2.882386825059107,2.3292448612123007,-2.2482650745782675
0.7049437208682657,1.0387414309706853,0.902466122974968,2.8809696177064876,2.331316567034418,-2.251659739973397
0.7058303481282788,1.0422233628284139,0.9047839202216164,2.8795471743661123,2.333349875612991,-2.2550334614175016
0.70670650341278,1.0456599161255908,0.9070528482492091,2.8781247310257374,2.3353447869480206,-2.2583879842398344
0.7075721867217691,1.0490528361914677,0.9092729070577458,2.876702287685362,2.3373013010395063,-2.261723308440396
0.7084256527259943,1.0524021230260447,0.9114475873057307,2.8752780990157345,2.339217672558196,-2.265035943360681
0.7092703920839596,1.0557060313000701,0.9135716530054079,2.873852165016855,2.3410939015040904,-2.2683293796591943
0.7101046594664129,1.0589663063427954,0.9156468494860291,2.8724279763472276,2.34293173320644,-2.2716018720066837
0.7109284548733542,1.062184693483473,0.9176766674060985,2.871002042348348,2.3447329129944983,-2.274853420403149
0.7117435236340356,1.0653664287098585,0.9196645974241201,2.869576108349469,2.3465009315267684,-2.2780892608363468
0.7125498657484569,1.0685132573512044,0.9216176208571017,2.8681466836920855,2.3482392794617546,-2.281309393306276
0.7149165322141613,1.0777425584357505,0.9272532890117914,2.8638601550491876,2.3532675730367503,-2.290854598985433
0.7156844770850388,1.0807410340906767,0.9290562141291016,2.862434221050308,2.3548802572655934,-2.293992700980519
0.7164402046511523,1.083697621843555,0.9308189966736159,2.861011777709933,2.356459780238648,-2.2971028777075726
0.717185460241754,1.0866123216943857,0.9325468726330902,2.8595945703573133,2.3580078872851673,-2.3001851291665947
0.7179184985275915,1.0894833883139163,0.9342328606905167,2.858180853663198,2.359521087746646,-2.303235964699081
0.7186375741794132,1.0923073310436433,0.9358804515043994,2.8567741182860904,2.361001126952337,-2.306255384305031
0.719344432526471,1.0950824045543142,0.9374844090869823,2.8553761095552432,2.362444514243737,-2.309236406667438
0.7200373282395126,1.0978033728581733,0.9390447334382651,2.8539885727999077,2.363849504291592,-2.312177286457048
0.7207127706600344,1.1004649999674647,0.9405544432412403,2.852613253349336,2.3652126064373995,-2.3150727876861064
0.7213725051172883,1.1030603045651801,0.9420048118496476,2.8512518965327804,2.366530330022655,-2.317921165025361
0.7220182769405262,1.105599758626832,0.9434028205804948,2.8499027570209887,2.3678044203766113,-2.320731145121072
0.7226518314590001,1.1080885981401758,0.9447502147630346,2.8485588534969533,2.3690366228285193,-2.323509709290247
0.7232766593312141,1.110532059092968,0.9460469943972664,2.8472201859606736,2.3702321733661353,-2.3262673295083984
0.7238910152279162,1.1129353774729642,0.9472949048124424,2.8458832637536458,2.3713893266602075,-2.3290057511047775
0.7256817230404623,1.1199009865176734,0.9507489114021391,2.8418829691080747,2.374649601702933,-2.337116296138795
0.7262698989983845,1.1221751505330222,0.9518222888921156,2.8405390655840392,2.3756793459616095,-2.339819811150134
0.7268580749563065,1.124447569219119,0.9528747224310682,2.8391759634382314,2.3766968729155225,-2.342547760771001
0.7274514869019846,1.1267339505392313,0.9539079573482487,2.837786681353644,2.3777039278939234,-2.3453141076354123
0.7280518801646706,1.1290482571273759,0.9549359562776735,2.8363659833425205,2.3787127282015756,-2.348136305035887
0.7286644907321207,1.1314044516175683,0.9559639552070981,2.8349051427586014,2.3797250191677324,-2.35102657027719
0.7292893186043347,1.1338164966438244,0.9570059167705387,2.8333936876263746,2.380754763426409,-2.354000611322588
0.7299333450983205,1.1363001001694122,0.9580653316264992,2.8318246366288315,2.38180545163611,-2.35707413613535
0.7305983155433303,1.1388692248283478,0.9591561624089957,2.8301910084489648,2.3828858104430943,-2.360264598007996
0.7312877205978682,1.141537833254647,0.9602836451057841,2.8284823311112626,2.3840010758351187,-2.363582468916037
0.7320033055911858,1.1443216334115782,0.9614599970216283,2.8266898779694642,2.3851617197876944,-2.367045202151994
0.7327450705232833,1.1472223706283926,0.9626887088150323,2.8248136490235702,2.386371232959327,-2.370654543045118
0.7335130153941609,1.1502382995758391,0.9639697804859961,2.8228518989443288,2.387622634033007,-2.3744052556076536
0.7343036495453142,1.1533589482784048,0.9652979760467638,2.8208116090487474,2.3889176683379865,-2.378286867864089
