157.42207875424853,-539.6970221406352,1224.1445168185392,-0.7241907760047758,0.14923251952055203,-0.6732587727368643
158.090388028079,-541.291475810477,1223.0722281343844,-0.724204747092644,0.1492186423536275,-0.6732468203137836
158.76688882266305,-542.9006036937307,1221.9878753123078,-0.7242472239092265,0.14917644825738097,-0.6732104767047908
159.44483741723482,-544.5082929302605,1220.9022830183112,-0.7243182007232395,0.1491059343460451,-0.673149734044248
160.12423320417727,-546.1145433953319,1219.8154506882197,-0.7244176655655458,0.14900709817234273,-0.6730645812333483
160.81189105315624,-547.7353957623934,1218.7164905307047,-0.7245470247121969,0.14887852164823737,-0.6729537835338609
161.4941928695678,-549.3387537193631,1217.6271631073284,-0.7247036947500133,0.14872274644705744,-0.672819514806849
162.1779385717737,-550.9406722320455,1216.536592586558,-0.7248887875794322,0.14853863588473537,-0.672660775793507
162.86312678393733,-552.541151483175,1215.4447771567777,-0.7251022718115361,0.14832618371675912,-0.6724775376455121
163.54975641002054,-554.1401928281246,1214.3517139452968,-0.7253441113522388,0.14808538261489546,-0.6722697669703962
164.24471338269123,-555.7537647593139,1213.2464514845792,-0.7256171093409524,0.14781338978521616,-0.672034978577666
164.93423382700178,-557.3499148891347,1212.1508739987285,-0.7259158131922713,0.14751558241834825,-0.6717777795530145
165.62518872859908,-558.9446258610686,1211.0540421823237,-0.7262427329609827,0.14718939986608823,-0.6714959220936665
166.3175752521244,-560.5378971253044,1209.9559534507066,-0.7265978121142009,0.14683483202604275,-0.671189355945653
167.01139030856285,-562.1297280916932,1208.8566050011652,-0.7269809889238884,0.14645186820585981,-0.6708580267405756
167.71359014127233,-563.73601475297,1207.7449813150158,-0.7273964497893882,0.14603623998700982,-0.6704981889940125
168.41026617028612,-565.3249487812309,1206.6430914803186,-0.7278358948079113,0.14559616587334448,-0.6701169052576932
169.10835988617512,-566.9124405099507,1205.539932191729,-0.7283032196297475,0.1451276607625765,-0.6697106706321214
169.80786716495732,-568.498489205968,1204.435499788936,-0.7287983409737641,0.1446307123499736,-0.6692794149225183
170.5087836195386,-570.0830941058399,1203.3297904026533,-0.7293211699806916,0.14410530814488545,-0.6688230641824958
171.21813488369338,-571.6820787234911,1202.2117235687344,-0.7298772556562866,0.14354575303476658,-0.6683365981758966
171.92186943521364,-573.2637791736911,1201.1034349073518,-0.7304554852460001,0.14296311465049305,-0.6678295680212585
172.62699834659475,-574.8440333722962,1199.9938563780793,-0.7310611204381557,0.1423519827677119,-0.6672971985448535
173.33350365764653,-576.422812579409,1198.883002935585,-0.7316940376351256,0.14171235674109936,-0.6667394117915116
174.04126491915287,-577.9998609290637,1197.7710498014237,-0.7323540081721196,0.1410443366453564,-0.6661562142729751
174.75750001497806,-579.5912072877234,1196.6466551821309,-0.7330480239975544,0.1403406905546786,-0.6655411971380261
175.46801971633195,-581.1653389465773,1195.532079019282,-0.7337622103407658,0.13961534137068624,-0.6649064408845657
176.17990200492872,-582.7380181658971,1194.4161897714953,-0.7345031664404752,0.13886145506629363,-0.664245884282159
176.89314000694233,-584.3092440436608,1193.2989818141225,-0.7352707485470847,0.13807902270605246,-0.6635594244825033
177.60772655940113,-585.8790156785586,1192.1804493434543,-0.7360648062666362,0.1372680364035512,-0.6628469560596718
178.3307439392951,-587.4628411018782,1191.0495003055557,-0.7368934297966678,0.13642004068605357,-0.6621009331074219
179.04781694587462,-589.0292483955773,1189.9286017527365,-0.7377399773947102,0.1355518924653529,-0.6613360796166454
179.76621442731948,-590.5941995945007,1188.8063609323387,-0.7386124920741697,0.13465519048841934,-0.6605449009919857
180.4859280374629,-592.1576938417189,1187.6827713696448,-0.7395107956868963,0.13372993268533212,-0.6597272831757908
181.2069491257149,-593.7197303021175,1186.5578264327678,-0.7404347028096824,0.132776118863579,-0.658883110372896
181.93649845635355,-595.2959065771581,1185.4202493644304,-0.7413936414432436,0.13178378302399962,-0.658003421692783
182.66000790725604,-596.8547689413356,1184.2927343392394,-0.7423682676015998,0.13077273847895038,-0.6571056582688319
183.3847518773019,-598.4120758112022,1183.163913043229,-0.7433678238980731,0.12973322424832198,-0.6561810488875595
184.11076044531507,-599.9679128154964,1182.0337159436797,-0.7443921473253049,0.1286651949218289,-0.6552294244126627
184.83801976573292,-601.5222716359965,1180.9021413385174,-0.7454410084648581,0.12756866858754354,-0.6542506688523114
185.5738085284529,-603.0906689057307,1179.7578482311487,-0.746525025437134,0.12643227051163713,-0.6532344658461912
186.3034055627528,-604.6417493468648,1178.6237060209646,-0.7476222767776596,0.12527874737638073,-0.6522010171117439
187.03422820133602,-606.191368018678,1177.488151505831,-0.7487433442508361,0.12409678350135674,-0.6511400715396738
187.76626491817535,-607.7395245139378,1176.3511768995063,-0.7498879712389552,0.12288640445999842,-0.6500515073361626
188.49949549520488,-609.2862008974171,1175.212787290425,-0.7510558791336863,0.12164765402390358,-0.6489352160957259
189.24110503450493,-610.8465205860886,1174.0618063733136,-0.7522585678294307,0.12036801922914496,-0.6477797365417248
189.97655266227014,-612.3899178538642,1172.9207737708498,-0.7534721846313592,0.11907261537865514,-0.6466075929446962
190.71315711355118,-613.9318379727389,1171.778300647025,-0.7547082224843791,0.11774896668959715,-0.6454073750415321
191.4508847840296,-615.4722386002036,1170.6344103961994,-0.7559663453256223,0.11639715921403364,-0.6441790015686052
192.18963318107365,-617.0109353432199,1169.4892325603705,-0.7572460861831415,0.11501741620950678,-0.6429225139383464
192.93686163574424,-618.5634382608868,1168.3311779070698,-0.7585603591064654,0.11359545572167629,-0.6416246987387993
193.67780665030853,-620.099104154366,1167.1830961800931,-0.7598828900139695,0.11215941164343732,-0.6403110649081549
194.4198160465544,-621.6332496668265,1166.0335674046596,-0.7612261922197475,0.11069547521857658,-0.6389688537360467
195.16275643043505,-623.1656319687163,1164.882766583744,-0.7625896980458244,0.10920396499925014,-0.6375981857430437
195.90675949668884,-624.6965562431232,1163.7304575359396,-0.7639733157824682,0.1076846755817798,-0.6361986980631036
196.65926527051755,-626.2413107632079,1162.5650859549112,-0.7653908118916165,0.1061220864600689,-0.6347558647521532
197.40522277283682,-627.769034028427,1161.409927072159,-0.7668134822228102,0.10454752098564193,-0.6332984283393449
198.15214374702242,-629.2952001702066,1160.2533135385274,-0.7682550299994949,0.10294558378775623,-0.6318120097458367
198.90004758336661,-630.8198850562659,1159.0951810332947,-0.7697151283695294,0.10131631093987876,-0.6302964590544774
199.64885589588187,-632.3429661556112,1157.9356161343756,-0.7711932506898004,0.09965995844152656,-0.6287518292410226
200.40604605544286,-633.8796399609361,1156.7630033587996,-0.7727040100505383,0.0979597059752327,-0.6271621870434022
201.15664632635196,-635.399561732904,1155.6004924139781,-0.7742171396422429,0.09624927335355249,-0.6255588685832029
201.90812657114708,-636.9179480024122,1154.436479331743,-0.7757470654454405,0.09451211811234658,-0.6239262376136342
202.66040951739217,-638.4346837592279,1153.2710471047178,-0.7772932208319374,0.09274853482280504,-0.6222643796144333
203.41363719128714,-639.9500966913585,1152.1039385211395,-0.7788554829437379,0.09095830899449604,-0.6205728987905763
204.17508628187068,-641.4788217617697,1150.9238370538164,-0.780448723883488,0.0891239114648877,-0.6188349681408072
204.9298302498632,-642.9909361754752,1149.753837731803,-0.782041272255432,0.08728144477269989,-0.6170845954060883
205.68543098588594,-644.5016809624773,1148.582183882462,-0.7836484448673305,0.08541295159842151,-0.6153045933163999
206.44162796064606,-646.0105809889249,1147.40924075081,-0.7852692363832036,0.08351923365113283,-0.6134955289164441
207.19859604908117,-647.5180321307002,1146.2346980219284,-0.7869035614682108,0.08160002119344316,-0.6116569475530182
207.96391008898385,-649.0391217078026,1145.046755893676,-0.7885674815980156,0.07963592511015796,-0.6097699946684918
208.72224302271167,-650.5434353415438,1143.8691653381309,-0.7902271954524404,0.0776664648464368,-0.6078724371162322
209.4812228074964,-652.0461979111698,1142.6900482500555,-0.7918987491873343,0.07567237432152017,-0.6059455939274407
210.24086365847313,-653.5474874929739,1141.509342134606,-0.7935816862637725,0.07365381604754032,-0.603989422596441
211.00120268225507,-655.047427764392,1140.3269485278076,-0.7952755956193749,0.07161089678507121,-0.6020038259628306
211.76970817707286,-656.5607631620368,1139.1312027965294,-0.7969967463355947,0.06952343405328318,-0.5999688979004782
212.53110420356856,-658.0574662250668,1137.9458320084066,-0.798710411046315,0.06743315833086605,-0.5979251194286379
213.29301062469918,-659.5526094259086,1136.7589422498068,-0.8004330943998899,0.06531972777076642,-0.5958524939558195
214.05542527415463,-661.0462433996105,1135.570495500847,-0.8021642689493694,0.06318340152252669,-0.5937510786457293
214.81836144514932,-662.5384497158992,1134.380429422805,-0.803903437176799,0.06102440364460639,-0.5916208970744261
215.58940227880538,-664.0440806657845,1133.1768608142092,-0.8056674445969844,0.058821232801385716,-0.5894404391355332
216.35324248838157,-665.533307266836,1131.9836386083498,-0.8074207314938314,0.05661790920459493,-0.5872530755230376
217.1175651193425,-667.0212023013416,1130.7887321623164,-0.8091803014082453,0.05439287518793912,-0.5850373107261199
217.8822923815706,-668.507673385192,1129.5922211073353,-0.8109454266789914,0.05214666075023171,-0.5827934803350403
218.64740789902282,-669.992748869124,1128.3940891738118,-0.8127155159222164,0.049879630700930336,-0.5805217589551871
219.42039697849603,-671.4909880581815,1127.1825571775412,-0.8145073785538415,0.04756964968541423,-0.5781996702784912
220.18599854403757,-672.9728746907429,1125.9815026624942,-0.8162850705643595,0.04526267393614494,-0.5758732273008434
220.95208130673117,-674.4537325151496,1124.778555894129,-0.818066252386452,0.0429356270030532,-0.5735190830654554
221.71812970500537,-675.9326293200675,1123.574485288521,-0.8198491570944331,0.04059044314514382,-0.5711390159469305
222.4844409026776,-677.4102046783273,1122.3687832116786,-0.8216339051763627,0.038226598383675106,-0.5687323210796559
223.2586885122719,-678.9012937630977,1121.1493158841,-0.823437804435972,0.03582054529792584,-0.5662747308155512
224.02551309496232,-680.3763833619628,1119.940233656585,-0.8252244905449889,0.033420414135096985,-0.5638152322559246
224.79245339549146,-681.8500685239246,1118.7296289163803,-0.8270109501355286,0.031003278227334584,-0.5613302816480586
225.5593574916365,-683.3221264364774,1117.517702032115,-0.8287962536460338,0.02857004670846571,-0.5588206531378157
226.32638280209272,-684.7929290259456,1116.3041650648302,-0.8305801917609583,0.026120660208884268,-0.5562861279634626
227.10117006113973,-686.2771767023071,1115.0768680677202,-0.8323799238112547,0.023630936321903145,-0.5537014008330842
227.86834553057537,-687.7454898074602,1113.8601246955675,-0.8341591584320651,0.021150739705443324,-0.5511180859070235
228.635554062975,-689.2125923203014,1112.6417944224945,-0.8359350916636403,0.018656050878119515,-0.5485111432696096
229.40279168463223,-690.6785492719819,1111.4218459228296,-0.8377071416005937,0.016147364229389782,-0.545880946305883
230.16997157018142,-692.1432683135033,1110.2003803669409,-0.8394745374586519,0.013625457786698549,-0.5432281729243112
230.94466383540384,-693.6212615429769,1108.9652843486895,-0.841254074260627,0.01106576335584153,-0.5405267166581577
231.71152680392612,-695.0833355401683,1107.7409820330333,-0.8430099439494456,0.008519497779393778,-0.5378305054196342
232.47822934529887,-696.544202618275,1106.5152209801122,-0.8447592304110129,0.005961916903968195,-0.5351133507792752
233.244740177775,-698.0038800333753,1105.2880177850864,-0.8465013079923813,0.003393666756206889,-0.53237582457615
234.01106099792707,-699.4624485749111,1104.0593371454252,-0.848235630985705,0.000815293631036425,-0.5296184000037937
234.78482683700105,-700.9345087399096,1102.816878302542,-0.8499788141209361,-0.0017984809280500401,-0.5268138010833796
235.55069460622258,-702.3909505007493,1101.5852471241296,-0.8516957485750295,-0.004395250775594708,-0.5240181615457999
236.3163601831036,-703.8464977617828,1100.3520652618058,-0.8534032787986046,-0.007000381060600179,-0.5212042194771621
237.08161313958243,-705.300830904185,1099.1176433322303,-0.8551004116335517,-0.009612561636710122,-0.5183733062985698
237.84661952364712,-706.754346567762,1097.881686351307,-0.8567869989114926,-0.012231755306203875,-0.5155253850765906
238.61893388145654,-708.2214763155574,1096.6319331274863,-0.8584790252053931,-0.014883322166307852,-0.5126326657595003
239.38322293895388,-709.6731752584627,1095.3931708977912,-0.8601423927850076,-0.017513991141602042,-0.509753199350797
240.1471081291403,-711.124005642549,1094.1530533357452,-0.8617933618051244,-0.02014926122185653,-0.5068591607348489
240.91056139926621,-712.5739977426994,1092.9116041432817,-0.863431390260854,-0.02278839455972427,-0.5039513105306891
241.67333693347848,-714.0227687848216,1091.6692036111879,-0.8650554850256463,-0.02542988963459136,-0.5010312650326485
242.44320960449716,-715.485173038053,1090.413139176768,-0.8666815502098459,-0.028100069487537724,-0.49806975075851945
243.2049429526947,-716.9323540598866,1089.1682524298822,-0.8682769530668304,-0.030745417256392554,-0.4951260971618359
243.9661407538752,-718.3788402621078,1087.9221327676173,-0.8698573825278598,-0.033391612571864814,-0.49217185440822464
244.72678143920587,-719.8246767862463,1086.6748019075594,-0.8714223685223799,-0.036037899361044394,-0.4892078550559964
245.4868391786392,-721.2699011288951,1085.4262904438701,-0.8729714449627252,-0.038683499467159696,-0.4862349670156048
246.2538551947447,-722.7289487509033,1084.164168661642,-0.874519353421688,-0.04135397444444443,-0.48322432605215665
247.0126526629117,-724.1730378695767,1082.9134020919746,-0.8760350760903671,-0.04399577639918993,-0.480236313827242
247.77071551180524,-725.6164892721229,1081.6616815199266,-0.8775334238927537,-0.04663425177143144,-0.4772424294976084
248.528075200462,-727.0594508872778,1080.4089517288864,-0.8790141031282768,-0.04926879652445126,-0.4742433891902165
249.28472223320702,-728.5019930814543,1079.155227033738,-0.8804767514894252,-0.05189865853365847,-0.47124008671698925
250.04818764174942,-729.958578272435,1077.887996978469,-0.8819353407288839,-0.054549242394872556,-0.4682034119136392
250.8032904583178,-731.4003330163225,1076.632462852099,-0.8833605520258335,-0.05716710821754162,-0.4651946440605898
251.5575632031201,-732.8417120677957,1075.3761387335737,-0.8847665661431895,-0.05977769050693408,-0.4621847586764907
252.31103842476273,-734.2828670436031,1074.1189785303254,-0.8861531613203155,-0.06238036475277244,-0.45917454717712963
253.06369215063307,-735.7238418344098,1072.8610326383514,-0.8875200247568821,-0.06497430672745369,-0.4561650415374132
253.82301463285245,-737.1790892373592,1071.5897629858312,-0.8888802273098126,-0.06758448341031739,-0.45312722175986764
254.57394660659804,-738.6198388386873,1070.330397806631,-0.8902065542026458,-0.0701583743062555,-0.45012230934419944
255.3239879224995,-740.0605466696317,1069.0704098795381,-0.891512313473527,-0.07272104432981197,-0.44712128627103076
256.0731166654101,-741.5012608331924,1067.809857152146,-0.8927972630367823,-0.07527166560666287,-0.44412523399467985
256.82131148234333,-742.942030499207,1066.5487995101928,-0.8940611787484354,-0.0778094104185039,-0.4411352449139415
257.57601911224117,-744.3973153705282,1065.2746817666932,-0.8953161733079755,-0.08035862002027842,-0.4381226335189723
258.32227451064335,-745.8383496777576,1064.0127983380758,-0.8965372057393207,-0.08286798191805819,-0.4351481774039269
259.0675352873146,-747.2795939774529,1062.7506021374234,-0.8977366383452172,-0.08536198087989041,-0.43218313293428057
259.81178252369523,-748.7211017642836,1061.4881610043442,-0.8989143191816582,-0.08783979375327207,-0.42922863068947137
260.55499794974287,-750.1629276196085,1060.2255447999344,-0.9000701142075996,-0.0903005994370349,-0.42628580934817745
261.30458026153985,-751.6195512876855,1058.9501979522981,-0.9012151336491275,-0.09276791622749751,-0.423326583857656
262.0456719196991,-753.0621913161024,1057.6874447451921,-0.9023266086045133,-0.09519207248849608,-0.420410704834715
262.78573742811005,-754.5054307627681,1056.4246424105356,-0.9034159834518991,-0.09759694884098641,-0.4175097560783072
263.52471454684365,-755.9492378561989,1055.1619484906787,-0.9044831229853119,-0.09998158144008339,-0.414625088010213
264.2625905290016,-757.3936768230684,1053.8994395201942,-0.905527982638421,-0.10234516978664863,-0.41175786438164547
265.00669107603096,-758.8532205217024,1052.6246147937281,-0.9065606138928978,-0.10471014461839781,-0.4088809593905374
265.74220625063816,-760.2989081268818,1051.3629095068075,-0.9075604728862882,-0.10702867618129888,-0.4060527681586414
266.47664612483925,-761.7455446955814,1050.1015296028384,-0.9085381015104417,-0.10932396807375698,-0.40324532000806945
267.21037345534546,-763.1939359539067,1048.8399185162325,-0.9094939945910613,-0.11159637852537517,-0.4004583899768065
267.94293961320886,-764.6432868948093,1047.5789177185702,-0.9104275963326081,-0.11384374573731211,-0.39769484959265955
268.68151618152086,-766.1079233639502,1046.3062379714827,-0.9113478007247047,-0.11608698719410684,-0.39492910442057694
269.41175968987613,-767.5594895466689,1045.0466738541004,-0.9122368102122398,-0.1182817798424407,-0.39221604078760286
270.14084090451485,-769.0122758864528,1043.7879566565286,-0.9131037460040252,-0.12044926291209271,-0.38952987574427506
270.86875441015763,-770.4663582742411,1042.5301803069099,-0.9139486989516623,-0.12258867122197407,-0.38687180483022315
271.59551791326714,-771.9218585779173,1041.2734020264998,-0.9147717976893049,-0.12469930830646231,-0.3842429448411081
272.32823387529214,-773.3931437702638,1040.0054177433474,-0.9155809035353918,-0.12680066420411296,-0.38161918274467177
273.05262669746,-774.8516348967561,1038.7510269023287,-0.9163603848339849,-0.12885104816518955,-0.3790528360184674
273.77580264648793,-776.3116671063781,1037.4980338525575,-0.9171183329562596,-0.13087023182068158,-0.37651951580061865
274.4977988137623,-777.7733998955877,1036.2464750616912,-0.9178549389358552,-0.13285758026312333,-0.37402028613122695
275.2186415148813,-779.236971361648,1034.996408644427,-0.918570388034127,-0.13481242518392864,-0.3715562571709172
275.9455578301231,-780.7172046294827,1033.7354026346566,-0.9192717193430295,-0.13675316654756733,-0.36910442622017364
276.6642072457977,-782.1849841261171,1032.4884445902635,-0.9199452669207141,-0.13864076351587684,-0.3667143909937416
277.3817937288279,-783.6550437521335,1031.2431520034784,-0.9205982537343633,-0.14049385071911813,-0.36436291404498766
278.0980762590376,-785.1269730627613,1030.0000586954764,-0.9212306503683878,-0.14231107192292305,-0.36205199575473407
278.81316157039373,-786.6010731051888,1028.7590976917888,-0.9218427523367565,-0.14409197461566609,-0.35978249375914834
279.5343050531256,-788.092455351016,1027.5078018967472,-0.9224406811226222,-0.14585337491434786,-0.35753319123701977
280.24718789540015,-789.5715922569394,1026.2711411541459,-0.9230127648254179,-0.14755954966665888,-0.35534998982905625
280.9588217863113,-791.0530420770694,1025.0370737043781,-0.9235651253919925,-0.1492270737311921,-0.3532120321072008
281.66951419764257,-792.5375287333886,1023.8051945531555,-0.924098207373586,-0.15085592511042728,-0.35111962774530575
282.37890835942113,-794.0243901554167,1022.5762523697881,-0.9246119534099394,-0.15244454781153033,-0.34907505704933167
283.0944220084998,-795.5293347106806,1021.3375418572142,-0.9251116751586648,-0.1540082407078196,-0.3470588570822126
283.801557598213,-797.0219531707039,1020.1142966255161,-0.9255874622414908,-0.15551457662740042,-0.3451131208716313
284.5076409558025,-798.5177114811158,1018.8939655967015,-0.9260447324176502,-0.15697901365056613,-0.3432182146023398
285.2125860124504,-800.0165108125501,1017.6768348455868,-0.9264836400593038,-0.15840062939348637,-0.34137560737435474
285.9164562658798,-801.518569506109,1016.4629333048817,-0.9269044339786185,-0.1597788087107223,-0.3395863698056194
286.62620138377054,-803.0388866399343,1015.2404383988988,-0.9273112167271167,-0.16112577942253437,-0.33783485690134957
287.32788871328785,-804.5477025490959,1014.0334901569497,-0.9276962062447772,-0.16241434318353054,-0.33615670459967034
288.02837369199216,-806.0597560118035,1012.8304133407565,-0.9280636211771706,-0.16365698574002147,-0.33453595631263244
288.72788610971793,-807.5756279546963,1011.6309550402997,-0.9284137737527336,-0.16485335930998463,-0.33297332420243664
289.42620695096844,-809.0949292845737,1010.4356327635935,-0.9287467391180914,-0.1660023296314091,-0.33147054338878573
290.1304578317896,-810.6333316436964,1009.2324321610024,-0.9290658456161248,-0.1671141588258737,-0.33001441245726787
290.8265649880712,-812.1601786106037,1008.0455405857358,-0.9293648875115498,-0.16816585741766313,-0.3286352845627295
291.5216837887725,-813.6911594248779,1006.8628634451483,-0.9296473432360023,-0.16916816796522324,-0.3273193366752606
292.21557969619494,-815.2258454993378,1005.6849396522321,-0.9299132669070894,-0.17011997800762121,-0.32606825836451886
292.90826459035486,-816.7643490439162,1004.5118864139687,-0.9301628080681132,-0.171020546889932,-0.3248832452255896
293.60714015541976,-818.3233036344645,1003.3313530944844,-0.9303985097427723,-0.17187791688521872,-0.32375391079587934
294.29786865794483,-819.87082296117,1002.1676973054907,-0.9306156375090788,-0.1726736660807162,-0.3227047261287261
294.98737544616387,-821.4224117832267,1001.0093377492972,-0.9308167074031944,-0.1734157649281178,-0.3217253948532379
295.6757841271781,-822.9784416114617,999.8561972027742,-0.9310018352847245,-0.17410354327803468,-0.3208169866364751
296.3631541888709,-824.5391449288982,998.7083051641564,-0.9311710921148404,-0.1747362251362131,-0.31998070072240614
297.05615013732404,-826.1198595308928,997.5547124514288,-0.9313259240238222,-0.17531828251113843,-0.319210781551185
297.7410449232983,-827.6893723548365,996.4183910775849,-0.9314632886822125,-0.1758373573034293,-0.3185237284942258
298.4247004769818,-829.2633990426646,995.2880164500573,-0.9315847989439285,-0.1762986559620358,-0.31791279666377065
299.10710988808944,-830.8420257224832,994.1637124626417,-0.9316904311120022,-0.17670132623945617,-0.3173792398370576
299.7882648035471,-832.4253377257671,993.0456009245978,-0.9317801358109474,-0.17704450123377283,-0.31692431760755896
300.4749478076073,-834.0293246944441,991.9227156540817,-0.9318544923504997,-0.17732981861121652,-0.31654595324771684
301.1535495655486,-835.6223086947771,990.8174100502242,-0.9319119220456209,-0.17755072227227722,-0.3162529218360349
301.83086205910183,-837.2202295058869,989.7186488953082,-0.9319531054383128,-0.17770942462632824,-0.3160423542230759
302.50687086455196,-838.8231702199706,988.6265425482245,-0.9319778747753822,-0.17780499185231613,-0.3159155358660917
303.1815589750513,-840.4312112632325,987.5411993493577,-0.9319860286353743,-0.17783647111995798,-0.3158737595433716
303.8616338271132,-842.0605900571252,986.4519749129735,-0.9319771572865085,-0.1778022223316811,-0.3159192112393197
304.53360702265627,-843.6791197201562,985.3805407705597,-0.9319511600756893,-0.1777019225949972,-0.31605230886614066
305.20419503271046,-845.3029825916285,984.3161762344697,-0.9319077206982481,-0.17753454581380113,-0.31627438268959335
305.8733718014804,-846.9322529971507,983.2589757042899,-0.9318464851631243,-0.17729905620180764,-0.31658675392233276
306.5411087930762,-848.5670035910093,982.2090295469395,-0.931767056709765,-0.17699439543836065,-0.3169907506755215
307.21403001224314,-850.2237365476617,981.1560351886055,-0.9316679174609244,-0.1766153743461927,-0.31749315129397393
307.8787761954334,-851.8697148714766,980.120926359363,-0.9315505378822757,-0.17616838350851727,-0.3180853596493224
308.54198074057615,-853.5213810420576,979.0933175410763,-0.9314134925343234,-0.1756488931762413,-0.3187732301354291
309.2036041799422,-855.1788000669374,978.0732809088084,-0.9312561924241105,-0.17505574806901833,-0.31955811543402307
309.86348593374066,-856.841736162093,977.0610643752834,-0.9310780289939196,-0.17438789379006972,-0.3204412058775546
310.52807794962973,-858.5267688061286,976.0468368221487,-0.9308762316431753,-0.17363642972978457,-0.32143402376303404
311.184363987815,-860.2010744562472,975.0504420377843,-0.9306539857438471,-0.17281481046595745,-0.3225185267588616
311.8384634289815,-861.8802879494729,974.0624790753438,-0.9304087505840785,-0.17191531928858686,-0.32370461817910046
312.49067878394237,-863.5653684689412,973.0824471737035,-0.9301395409835013,-0.17093627053670676,-0.3249941933542864
313.1407590620926,-865.2558605622214,972.1106710147726,-0.9298455128840248,-0.1698767049283842,-0.3263881543379287
313.795198977627,-866.9690190440671,971.1374525007668,-0.9295223105645585,-0.1687233944639707,-0.327903477144235
314.4408601459111,-868.6706558085325,970.182253398124,-0.9291753313891472,-0.16749809576561983,-0.3295111401041854
315.0842086424901,-870.3778488805331,969.2353451940769,-0.9288003664697179,-0.16618843806563835,-0.33122693474266424
315.7251455591487,-872.0905514513222,968.2967747884459,-0.9283962420879732,-0.16479317138102167,-0.33305199045061235
316.3635127385078,-873.8085605072024,967.3666625425883,-0.9279617545206865,-0.16331117349277416,-0.33498722775548034
317.0057000036379,-875.549488764255,966.4356448065464,-0.9274906562885846,-0.1617246727859636,-0.3370552072133642
317.63882233495906,-877.278644012325,965.5222672589498,-0.9269909089069497,-0.16006392614723108,-0.33921585215051636
318.26919137379423,-879.0133144639482,964.6172105786205,-0.9264564935288757,-0.15831223720606746,-0.3414902650867078
318.8966039578812,-880.7531874394297,963.7206082517899,-0.9258859365992861,-0.15646856412149646,-0.3438790788190233
319.5211050743562,-882.4986421507268,962.8322263861485,-0.9252774554516735,-0.1545311241655513,-0.3463838363679912
320.14868342156683,-884.2668906194707,961.9434228078253,-0.9246227270326218,-0.1524780655960398,-0.3490318784392729
320.76677496058295,-886.0227997173876,961.071795597721,-0.9239329186265659,-0.15034878292348733,-0.35177152436151143
321.38146127398977,-887.783699516335,960.208505316891,-0.923199897921043,-0.14812222828489002,-0.3546290371169494
321.9928407823286,-889.5501536129241,959.3531974056689,-0.9224214104828767,-0.14579626299807563,-0.35760619566581364
322.6005379547101,-891.3213632243439,958.5061690695762,-0.9215956999717282,-0.14337051908523474,-0.36070245362466097
323.2107154161748,-893.1158212382223,957.6586340255938,-0.9207112225732749,-0.140816817245242,-0.36395256367903955
323.8109601478765,-894.8973256911987,956.8275814852561,-0.9197834956902695,-0.13818523138804711,-0.36729165915117074
324.40732462845847,-896.683899184625,956.0043282983207,-0.9188014729935969,-0.13544916478049399,-0.3707524470385371
324.9996733645845,-898.4754490896926,955.1887893768674,-0.9177626988075303,-0.13260733294641122,-0.3743353094838345
325.5878766899091,-900.2719016883299,954.380860457089,-0.9166646111342446,-0.12965844003098945,-0.3780405793335344
326.177527993772,-902.0909296240634,953.5725886186673,-0.9154928201671915,-0.1265705876570689,-0.3819067720824892
326.7568873436103,-903.8966420253075,952.7797604162587,-0.9142676381533235,-0.12340334404985842,-0.38585787604097926
327.3316601249393,-905.7068738791178,951.9942340643956,-0.912974990406359,-0.12012561271553307,-0.3899314094327698
327.9017787051489,-907.5217484846912,951.2157797370575,-0.9116117945866855,-0.11673585624267357,-0.3941277405077349
328.467081433802,-909.341093492815,950.44428695119,-0.910175082995327,-0.11323310739326636,-0.3984464602484436
329.0330730808307,-911.183279923594,949.6719027673641,-0.9086460370908256,-0.1095791449047394,-0.4029327366708794
329.58836744181053,-913.0116030983816,948.9138142186129,-0.907051799068545,-0.10584554613439615,-0.4074969376204281
330.1384312168446,-914.8440979020173,948.162205333506,-0.9053744060094528,-0.10199593644290948,-0.41218201548850264
330.6831086651332,-916.6805958868013,947.4169253985413,-0.9036105658744,-0.09802960277006682,-0.4169869808769682
331.2223223837426,-918.5211901738137,946.6777097811423,-0.9017566544686566,-0.09394533515017747,-0.42191137709833887
331.76124268435285,-920.3842369464054,945.9370647371898,-0.899789198930783,-0.08969979718484333,-0.42700508647145813
332.28910359220885,-922.2328827717555,945.2093992605642,-0.8977433827020276,-0.08537608789319663,-0.43216633653117154
332.8110632061275,-924.0851915903356,944.4872461118331,-0.8955968409596674,-0.08093284190289372,-0.4374427660444112
333.32711447628105,-925.9415002168498,943.7702204817381,-0.8933453517032411,-0.07636856435186937,-0.44283396998090224
333.8370615943087,-927.8014687979285,943.0581947258488,-0.8909854293577932,-0.07168349590930524,-0.44833741878894007
334.3456472158922,-929.6831388124688,942.3440848120092,-0.8884886743810047,-0.06683009672782231,-0.4540061824116879
334.8428415629581,-931.5497503326146,941.6415651317111,-0.8858999179283765,-0.06190289084001261,-0.4597274926738071
335.33356212346723,-933.419707505107,940.9433432488513,-0.8831913217490814,-0.056854786206645865,-0.4655541026266516
335.81762107267735,-935.2926331070171,940.2492761080173,-0.8803594866456088,-0.05168678950968601,-0.4714823963450405
336.2949285584224,-937.1685072923427,939.5590816951733,-0.8774005235272453,-0.04639911908856253,-0.4775096261458205
336.77026309644936,-939.066903051477,938.8653375994732,-0.8742776496578444,-0.04093517962677536,-0.48369711843020036
337.2338693523581,-940.9491953487396,938.1818617227765,-0.8710504199107063,-0.03540657784953061,-0.4899158501399677
337.6904604376502,-942.8343618569113,937.5013958067864,-0.8676844062134275,-0.02975991297461524,-0.49622385955715104
338.1399112626077,-944.7221877694196,936.8237138563416,-0.8641762087856001,-0.02399668807582219,-0.5026167915324148
338.58212657261174,-946.6125588700513,936.1485499044775,-0.8605223587190133,-0.0181183298112,-0.50909036159558
339.02133605818835,-948.5243368788335,935.4689035438844,-0.8566806408974794,-0.012065889532903776,-0.5157060149166999
339.44885527125734,-950.4199909612837,934.7978035571093,-0.8527229464992447,-0.005959680319766004,-0.5223294541992942
339.86878371189124,-952.3174069051219,934.1285607319317,-0.8486108517088138,0.0002545796089335826,-0.5290175399278025
340.2811641867104,-954.216983060159,933.4607179517252,-0.8443404266821144,0.006576160896985946,-0.5357667384021912
340.6859721022513,-956.1188091827119,932.7939269843571,-0.8399085137955157,0.013003136018077677,-0.5425722135416663
341.08700019776586,-958.0414498675318,932.1213828481507,-0.8352667340564308,0.01959717245713056,-0.5494956176443893
341.47628761521963,-959.9468796870158,931.4560653775625,-0.8305044246561581,0.02622506152467724,-0.5563943266915747
341.85782662649444,-961.8541626901616,930.7909799802114,-0.8255741373618882,0.032948704657409136,-0.5633309210229571
342.231669240334,-963.7636661366325,930.1256799053938,-0.8204729130190438,0.03976616050314616,-0.5703006676139197
342.59758714546996,-965.6742791205678,929.4602335014754,-0.8152020894335177,0.04666992373378808,-0.5772932284393343
342.9590494636125,-967.6047282588445,928.78779816519,-0.809706352774282,0.05372494186439958,-0.5843708179731743
343.3090400183095,-969.5174911577004,928.1211247459607,-0.804091681287387,0.06078993894901529,-0.5913891708570578
343.65115155124465,-971.4314627185397,927.4533171168544,-0.7983045925380834,0.06792924575693018,-0.5984107244221977
343.98528212638996,-973.3459252505045,926.7843124872225,-0.7923471997246802,0.07513556562026487,-0.6054259342540427
344.3115807439923,-975.2615364577744,926.1135698741939,-0.7862177953004459,0.08240651924777058,-0.6124301951556379
344.6330762059627,-977.1965252737629,925.4343722613759,-0.7798563137296562,0.08980702011264108,-0.619482710876163
344.9435471402862,-979.1131172711824,924.7596708643148,-0.7733882052386165,0.0971872324134138,-0.626438605015378
345.24627765873896,-981.0304816603041,924.082442421377,-0.7667528985124815,0.10461470206999726,-0.6333606845498966
345.54125921078787,-982.9481128351174,923.4025658781386,-0.75995426576048,0.1120817618415533,-0.6402399492494534
345.8285172117975,-984.8656177145306,922.7198861217373,-0.7529963882406834,0.11958097428680949,-0.6470678711581216
346.11089446895585,-986.8020790025355,922.0272714592595,-0.7458108811731589,0.12718128051658711,-0.6539044665774026
346.3828957397186,-988.719058202128,921.3381828313258,-0.7385440890239741,0.13472556057123752,-0.6606070328845386
346.64746542971255,-990.6356628341935,920.6455221412082,-0.7311300515137953,0.14228236893282836,-0.6672365212308881
346.90476175805327,-992.5521004676536,919.9489382221027,-0.7235725608788003,0.14984611784490226,-0.6737869768035789
347.15495900933274,-994.4686439794104,919.248058707818,-0.7158755321997007,0.1574114065694006,-0.6802527996852625
347.40050767153514,-996.4037026141793,918.53581542164,-0.7079685255715894,0.16504426866996627,-0.6866883981684747
347.63669157982184,-998.3187755481695,917.8261186804175,-0.7000149236039364,0.17258622947257413,-0.6929596670284753
347.86614271846145,-1000.2328997416653,917.1117328034379,-0.6919440559955589,0.18010587195895242,-0.6991246657487634
348.08894367842305,-1002.1451063849747,916.3927774321439,-0.6837669456215433,0.18759289118376957,-0.7051749224502384
348.3053540558236,-1004.0557908884504,915.6688704775047,-0.675489247856291,0.19504240784350604,-0.7111066974604793
348.51769239998475,-1005.9842464648706,914.9323850888502,-0.6670335355958564,0.20252269224601258,-0.7169733757371458
348.7219772735562,-1007.892160698668,914.1977272253989,-0.6585758012726007,0.20987882120174295,-0.722653993546786
348.9205773479325,-1009.7985097046885,913.4574631137043,-0.6500415753459665,0.21717847373541485,-0.7282028981456266
349.1137432815592,-1011.7031697235204,912.7114322156868,-0.6414399298600608,0.22441519722441447,-0.7336161364336582
349.30174066848986,-1013.6060182322915,911.9594818165399,-0.6327801769494771,0.2315827207143261,-0.7388901752806967
349.4866576485913,-1015.5259336887295,911.1938556524519,-0.6239845345560456,0.2387455001748849,-0.7440725010246778
349.66513112260003,-1017.4247792170946,910.429576025681,-0.6152369324261441,0.2457558097875345,-0.7490578074718542
349.8393276369866,-1019.3214596441156,909.6589628792337,-0.6064603129200485,0.25267936095756516,-0.7538959009034292
350.0095745986845,-1021.2158654987738,908.8818929808249,-0.5976645598203703,0.2595108225002648,-0.758585003107733
350.1762570257696,-1023.1083720550452,908.0980502294473,-0.588857368129919,0.2662468345466095,-0.7631249066129444
350.34137224045855,-1025.0180162729325,907.2992749577131,-0.5799594862407259,0.27294923073585864,-0.767558279064265
350.50196558370817,-1026.9061710583328,906.501576041542,-0.5711604638031402,0.2794781965463002,-0.7717950908391483
350.66007368273085,-1028.791602067649,905.6970098794856,-0.5623823677673004,0.28589620334584326,-0.7758797802088138
350.816044544511,-1030.6735008323049,904.8858012977889,-0.5536383563567089,0.2921969705385797,-0.7798111955971897
350.9703495455125,-1032.55235491447,904.0676295200221,-0.5449354581345899,0.2983788984980193,-0.7835913344331682
351.1249792486457,-1034.4471418181258,903.233995846896,-0.5361955370792996,0.30449970833854684,-0.7872574379692968
351.27733473475905,-1036.3203265691327,902.4013111844399,-0.5276008720119958,0.3104353422665924,-0.7907384005624145
351.4294204838828,-1038.1905860781994,901.5613067658742,-0.5190740323053785,0.31624418793532566,-0.7940728950060953
351.58167223038936,-1040.057232787126,900.7142095645497,-0.5106268677237332,0.3219219193659902,-0.7972618640010107
351.7346085984723,-1041.920413720186,899.8598818060052,-0.5022672118243634,0.3274670910405028,-0.8003080358284872
351.8903098647869,-1043.7988183946638,898.9895538163518,-0.4939207558440831,0.3329317755053809,-0.8032426282296302
352.0462232945546,-1045.655114780594,898.1204631751639,-0.48576154634113394,0.33820590288990227,-0.8060102278176726
352.2044235808106,-1047.507774860518,897.2440459121071,-0.47771494298616046,0.343342638665683,-0.808643472564897
352.3654914510703,-1049.3569560615824,896.3601830996704,-0.4697879015393489,0.3483414136010464,-0.8111458482527539
352.529999593863,-1051.2025449257358,895.4688901751776,-0.4619883275424863,0.35320109993782106,-0.8135206009789856
352.7001610972575,-1053.0619496777408,894.561596900046,-0.45425156132074956,0.35796504618881814,-0.8157919739398634
352.87328474370906,-1054.8990730318844,893.6558992880755,-0.4467346862720422,0.3625404262840702,-0.817919653383622
353.05161805813106,-1056.7319369117586,892.7430371028765,-0.4393687067701383,0.3669738718783487,-0.8199300682800634
353.23582703639244,-1058.560852308944,891.8228463297177,-0.4321587713419127,0.3712660532277413,-0.8218274235342502
353.42650086087156,-1060.3852375217648,890.8956169567252,-0.4251133238260827,0.37541566887879557,-0.8236150420347039
353.62634231191043,-1062.2235313380372,889.9518408271048,-0.4181693816698952,0.37946287108086385,-0.8253134542129342
353.832067114339,-1064.0392790217254,889.0102393978868,-0.41147042703245607,0.3833276653945407,-0.8268929728936504
354.04626195868184,-1065.8503684243447,888.0616892108226,-0.4049535774392864,0.3870504940530814,-0.8283746224821169
354.26955304856267,-1067.6562790986138,887.106483536644,-0.39862590258512653,0.39063080860616844,-0.8297619906671333
354.5027090265834,-1069.4575765131258,886.1443455004676,-0.3924904582507058,0.3940702845848969,-0.8310594750012354
354.74888952419053,-1071.271861838423,885.1657543802986,-0.38649495895021224,0.3974011057031082,-0.8322824087363739
355.0039464733736,-1073.0632315169814,884.1901008495879,-0.38076282954129037,0.40055795577183334,-0.8334104581222869
355.27091865808796,-1074.8492048206695,883.2080129582503,-0.375239756679344,0.40357432561760537,-0.8344596387540393
355.5505033420485,-1076.629611730405,882.2196166104621,-0.3699306052612024,0.40645061032437485,-0.8354335692668948
355.8434307729749,-1078.4044707773674,881.2249335668123,-0.36483954313254746,0.40918750145217136,-0.8363358753647742
356.1535242995221,-1080.191146920094,880.2141230568229,-0.35992397981201285,0.4118104595830216,-0.8371779226271453
356.4753389577676,-1081.9540437786138,879.2073567024402,-0.35528583641611705,0.41426786327454185,-0.8379463657657604
356.81251728254585,-1083.7104568928473,878.1949325081944,-0.35088023151868747,0.41658640942022646,-0.8386529834298305
357.1658438896949,-1085.4607175872134,877.1766890301687,-0.3467100862037171,0.4187670754006597,-0.8393010500916757
357.53588654944394,-1087.2040968956176,876.1530772059518,-0.34278080398019267,0.42080943163551865,-0.8398932924302257
357.927359005066,-1088.9581298287544,875.1136845664,-0.3390598934123298,0.42273248636228744,-0.840437763105144
358.3330710667861,-1090.687459862648,874.0794824170885,-0.33562589687047883,0.42449781350515986,-0.8409261939547521
358.75747294138876,-1092.4094213383125,873.0402629595869,-0.33244428371198964,0.4261253431147441,-0.8413667394083056
359.2011196740557,-1094.1235796762144,871.996299464143,-0.3295192068448125,0.42761483653920657,-0.8417616312780674
359.664585224478,-1095.8296784821991,870.9477540736862,-0.32685436830209075,0.42896615706639746,-0.8421129722391932
360.15333139627694,-1097.5442905871996,869.8842972958621,-0.32443087058937753,0.4301904291741604,-0.8424255485534434
360.6582359190444,-1099.2333129962856,868.8270719175148,-0.3223001152508369,0.4312631563862658,-0.8426949184924829
361.18440256018886,-1100.9131145652832,867.7659614325277,-0.32044068420520144,0.4321964938345541,-0.8429258322196683
361.73238983415285,-1102.5837800327192,866.700887129716,-0.3188555358793832,0.43299010580595004,-0.8431196329781577
362.302451689038,-1104.2445669080385,865.6322877464586,-0.3175483762409261,0.4336431248106199,-0.8432773381582316
362.90088656853743,-1105.9113857967723,864.5497373726957,-0.3165135987296928,0.434159163010916,-0.8434008317477756
363.51594429401615,-1107.5504181091064,863.4751565117625,-0.31577478643440693,0.43452711528198124,-0.8434882751627462
364.15373539649534,-1109.1781124944946,862.3978612250189,-0.31532276369227014,0.43475203618889613,-0.843541475996929
364.8145205203324,-1110.7943623715087,861.3178552372364,-0.3151600348112562,0.43483297073539906,-0.8435605728216529
365.49852317112584,-1112.3990649495922,860.2351247803254,-0.3152891286008568,0.4347687664978363,-0.8435454256079293
366.2131213060268,-1114.0079927711372,859.1387690929146,-0.31571832988381693,0.4345552156952154,-0.8434949322239335
366.944311266899,-1115.5891902581734,858.0504473085416,-0.316441741824385,0.4341949679586021,-0.8434093631390261
367.6991559451659,-1117.1585551510834,856.9592487495667,-0.31746474207732994,0.43368486247882015,-0.8432873635923293
368.47735923739685,-1118.715295097356,855.8655832058504,-0.31878928235194487,0.43302323492973277,-0.8431276721045997
369.2786088296043,-1120.258774882394,854.769753267515,-0.320416922188458,0.432208404318123,-0.8429287580881657
370.1110382314272,-1121.8039188952753,853.6608356211552,-0.32237004879853,0.43122800266442757,-0.8426861582793927
370.95787458229483,-1123.3198254457866,852.5608467008917,-0.32461127292133074,0.43009944860161203,-0.8424025081901066
371.826886823705,-1124.8215513427976,851.4588745067127,-0.32715938854272875,0.4288117561641201,-0.8420731632487707
372.71775053725366,-1126.3089577567598,850.3548440469528,-0.3300154038320026,0.4273626237055691,-0.8416953255739823
373.63005885096436,-1127.7818643882044,849.2487030119077,-0.33318003018845654,0.4257496645277587,-0.8412658858162027
374.5727591738197,-1129.254563821733,848.1293255375729,-0.33668991410393156,0.42395179694461027,-0.8407762934384647
375.52656742066597,-1130.6975895185751,847.0189104828835,-0.34047531032328876,0.4220022222775898,-0.8402325198735381
376.5001065297817,-1132.1254049149563,845.9063347336387,-0.3445690303402852,0.4198814324886512,-0.8396259679057297
377.49287613079076,-1133.5380542260525,844.7913605170954,-0.34897102131947993,0.4175864605426727,-0.8389521882984046
378.5043257991583,-1134.9355703193144,843.6737520481367,-0.35368095930914795,0.4151142257718897,-0.8382063937861399
379.54405447496595,-1136.3314785448915,842.5422568503324,-0.35874899557481016,0.4124345999239948,-0.8373749810924608
380.5908196136169,-1137.6981726805989,841.4190412656278,-0.3640736303166205,0.4095974566882582,-0.8364689564966454
381.6540774678632,-1139.0495098305032,840.2927412309285,-0.36970166695312784,0.40657413003635556,-0.8354748076616428
382.7330296579548,-1140.385446363582,839.1631893851128,-0.3756307274059366,0.40336161458703623,-0.834386579773564
383.8270017754612,-1141.7061405356503,838.0300513413213,-0.3818588349475076,0.39995643261171915,-0.8331978649666832
384.94638414227836,-1143.0246607637687,836.8816623908702,-0.38844997929555497,0.3963182497851645,-0.8318884892054385
386.06817470254646,-1144.3149471288693,835.7405276464342,-0.3952701113628815,0.3925159273026374,-0.8304774445323159
387.2024996250749,-1145.5901530718122,834.5950964100897,-0.402378715962927,0.3885114725804612,-0.8289452361968115
388.3488401907079,-1146.8507403190852,833.4447786618839,-0.4097733984979055,0.3843006014881279,-0.8272839957229557
389.50603323982915,-1148.0964833937937,832.2896168956363,-0.4174471533961107,0.3798814055207713,-0.8254865182794007
390.6851234375063,-1149.3399574408204,831.1175214588268,-0.4254763877554625,0.3752029014251593,-0.8235245146470781
391.8616821945477,-1150.5564782765018,829.9516286352642,-0.4336943249690579,0.3703558088821469,-0.8214291249504633
393.0469423231548,-1151.759088141061,828.77961048451,-0.4421754901707849,0.36529032272857437,-0.8191726411526938
394.2400066283924,-1152.947928432909,827.601217779849,-0.4509121366537323,0.3600041124614235,-0.8167467686065422
395.43991828886277,-1154.123100670597,826.4162618399325,-0.4598952793819643,0.3544954286841669,-0.8141433062085651
396.6581158140097,-1155.2965704868968,825.2123007920322,-0.4692108223313065,0.34870295777417776,-0.811324504404199
397.86912343669724,-1156.4448593515654,824.0133843292338,-0.4786605237875929,0.3427422945464582,-0.808338927985295
399.08491212743496,-1157.580635955604,822.8065790604825,-0.4883308709922321,0.33655225827514745,-0.8051493885521285
400.30439754188353,-1158.7039127056926,821.591863060786,-0.49820847428530507,0.3301333386727352,-0.8017482739907221
401.52715167158397,-1159.8153129440957,820.3685774229389,-0.5082843004579713,0.32348313729524475,-0.7981263871051855
402.7639288422409,-1160.925423223946,819.1247972301778,-0.518642940873106,0.316535782512492,-0.7942383762269991
403.99017882018785,-1162.0132244255492,817.8841546755131,-0.5290713608911202,0.30942558175063517,-0.7901514439922886
405.2168844548287,-1163.0896510466423,816.6346163273996,-0.5396523865465841,0.3020891197143018,-0.7858227951929204
406.443672394625,-1164.1553648853783,815.3755561035643,-0.5503737021033804,0.2945262654413859,-0.7812445628599086
407.6698248797717,-1165.2107181077108,814.1067237281311,-0.5612191265479106,0.2867396746749866,-0.776410620074251
408.9061465389899,-1166.2658553134195,812.8158123605033,-0.5722751018112306,0.2786564742674485,-0.7712663464690914
410.128585975731,-1167.3012189337433,811.526998060531,-0.5833147970520137,0.27043378770373877,-0.7659043112611245
411.34796339691314,-1168.3270433896075,810.2281505100948,-0.5944218754061049,0.2620029084800365,-0.7602743649411642
412.5635571388913,-1169.343667441723,808.9191777507364,-0.6055765307788658,0.253370569404092,-0.7543741909223033
413.77544491536577,-1170.3520877885426,807.599157540907,-0.6167656340076847,0.24453870284728602,-0.7481984867111572
414.9942056039393,-1171.3619703687682,806.2555246389747,-0.6280731697926472,0.2354303406672195,-0.7416850059694706
416.19542419048634,-1172.354008821747,804.9144362754083,-0.6392574897178115,0.22623257170898092,-0.7349616897074454
417.39053519339194,-1173.3386049575324,803.5626588003925,-0.6504090167560914,0.21686667260401332,-0.7279676896923638
418.57905381194865,-1174.3162556527445,802.2000645176804,-0.6615075284393718,0.20734291623547355,-0.7207056992316649
419.7606851532693,-1175.2876049855954,800.8263515560377,-0.6725343830287515,0.19767101979092544,-0.7131785692089693
420.94622035905206,-1176.2624080098144,799.4280851630199,-0.683573920722786,0.18776806885031058,-0.705315423925993
422.11176130735595,-1177.2218901890913,798.0329124069378,-0.6943875891612302,0.17784309210875268,-0.6972787897305153
423.268699409599,-1178.1762740262734,796.6270163077422,-0.7050659300084517,0.1678121248532318,-0.6890000907790652
424.41664145191805,-1179.1260852124065,795.2104346257486,-0.7155899385794038,0.1576895103587095,-0.6804888376209823
425.5549264844385,-1180.0716167348241,793.7836026061716,-0.7259386558979778,0.14749279951385177,-0.6717580978035202
426.6944362464937,-1181.0228082090448,792.3322199791261,-0.7361951476842133,0.13713476351572265,-0.6627297798965321
427.8122930320046,-1181.9613888935864,790.885161909122,-0.7461397991282023,0.1268364759186623,-0.653596135647588
428.91951481968437,-1182.8973395127352,789.4283131798804,-0.755859580245882,0.11651205202923462,-0.6442835064491841
430.01575007526253,-1183.83116200095,787.9619964988599,-0.7653395593629311,0.10617869343093651,-0.6348081946032628
431.1007865835096,-1184.7634644152315,786.4864196468113,-0.7745670598819434,0.09585264570281866,-0.6251864842249965
432.18514640407767,-1185.704204071489,784.9868895014786,-0.7836192258955905,0.08544700384987866,-0.6153370770072891
433.2470555545645,-1186.6352669163484,783.4935698761144,-0.7923055648969085,0.07518543650202067,-0.6054742289902941
434.29718188628976,-1187.5666190508252,781.9919586779862,-0.8007085543896207,0.06498064327941976,-0.5955193757773769
435.3354229513828,-1188.4989189962475,780.4823929628635,-0.8088210982798419,0.05484823557068434,-0.5854913338659872
436.3616659088798,-1189.4328049770825,778.9652976672455,-0.8166372441430778,0.044803815854324754,-0.5754096189353206
437.38557332999113,-1190.3779937731142,777.4263612910422,-0.8242236812580459,0.034766953290104395,-0.5651960564373735
438.38704927934833,-1191.3166488685868,775.8962167915064,-0.8314289836552615,0.024948813054125153,-0.5550706278170094
439.3764467296944,-1192.258966565919,774.3599115972409,-0.8383294318981668,0.01526169520173253,-0.5449503135817667
440.353357596119,-1193.2052459554063,772.8186517160578,-0.8449219373675679,0.005722951091907086,-0.5348590165509369
441.31796543140933,-1194.1563333070858,771.2728078970774,-0.8512086726767958,-0.0036562872320785827,-0.5248146597833223
442.28001967186384,-1195.1227734619079,769.7071293030342,-0.8572516522258682,-0.012957496603692074,-0.5147345996120568
443.22055377633825,-1196.0861769383357,768.1532868531687,-0.8629344821662358,-0.021985171385341704,-0.5048373319472795
444.14887989967696,-1197.0564353996833,766.5971429533877,-0.8683205995446959,-0.030818150181643283,-0.49504502626096714
445.0656213276868,-1198.0348218159606,765.0386221926602,-0.8734181463893651,-0.03945136129338215,-0.4853703036341066
445.97039051737886,-1199.0215263544667,763.4794352991263,-0.8782302505315766,-0.0478706829593823,-0.4758361322600951
446.8728513589485,-1200.0280108459897,761.9037592132747,-0.8828109999587157,-0.056154346103338845,-0.46635976216393155
447.75526857802924,-1201.0350945053847,760.3437618353934,-0.8870767289768244,-0.06412991113179894,-0.4571457441626305
448.62658960928854,-1202.0532073321501,758.7852053883187,-0.8910808709961301,-0.07187108801475549,-0.44811764978892904
449.487292666013,-1203.0834542104785,757.2285959979828,-0.8948329792375097,-0.07937359721240095,-0.4392878001202471
450.3377787434181,-1204.1268598163058,755.6746345392032,-0.8983423705467262,-0.08663276509707657,-0.4306689555704281
451.18631619423826,-1205.1944810063992,754.1095058163028,-0.9016482116540281,-0.09370899844056366,-0.42219560162602293
452.0166431907399,-1206.2663539925143,752.5647965138314,-0.9046953821046111,-0.10045939725003006,-0.4140461026295894
452.83769324463094,-1207.3540951658135,751.0257270406637,-0.9075277044439928,-0.10695223294331951,-0.40614613815110256
453.6495514197867,-1208.4582895634353,749.4938365114126,-0.9101537388756348,-0.11318158779069816,-0.39850984905755943
454.4526996586532,-1209.5800419244292,747.9699725455629,-0.9125833606445664,-0.11914493192399225,-0.391147152707899
455.25510695534274,-1210.7313607759374,746.4407290090965,-0.9148465899450552,-0.12489243115942984,-0.38400208007898984
456.04163801221944,-1211.890945055466,744.9368165835557,-0.9169089991514368,-0.1303099977592575,-0.3772230000398875
456.8205658726126,-1213.0709382575103,743.4443801721168,-0.9188026292558678,-0.13545235745815343,-0.37074841514365636
457.59196107792997,-1214.2718248600108,741.9651967321715,-0.9205355332204945,-0.14031484537712752,-0.36459028545101513
458.3562688312225,-1215.494648373773,740.5003410931402,-0.9221164192129979,-0.14489543510127256,-0.3587570519231805
459.12136066635844,-1216.752851146037,739.036706824362,-0.9235670556662972,-0.14923293670361856,-0.35320450774402734
459.8722374920867,-1218.0220855898501,737.6049279609655,-0.9248662230338077,-0.15323787434788383,-0.3480526157875004
460.6168436432189,-1219.315555693665,736.1916937050578,-0.9260364215744349,-0.15695224780646694,-0.34325287737484855
461.35548581380823,-1220.6340825835855,734.7982886097602,-0.9270845899199868,-0.16037354452913988,-0.33881335473686675
462.0882207949376,-1221.978036248275,733.4264184413319,-0.9280168880124477,-0.16349821441355733,-0.3347431693810505
462.8224341038152,-1223.3617566565986,732.0641848035064,-0.9288468705846715,-0.16635006628125293,-0.3310153266138674
463.5437957536124,-1224.7584765723445,730.7398424369358,-0.9295635833538876,-0.1688700201305027,-0.3277109409272195
464.25960502859135,-1226.1819982073316,729.4413326541651,-0.9301804792135332,-0.17108459671705561,-0.3247989175724644
464.96986765380893,-1227.6325501814279,728.1700680047413,-0.9307017358962605,-0.17299081501057467,-0.3222862962051978
465.67459266479375,-1229.110367245581,726.9273158635025,-0.9311309536603355,-0.17458584967616847,-0.32017952499877994
466.3805665258841,-1230.6304826582,725.7025357790912,-0.9314739767811033,-0.1758778525192242,-0.31847011095677796
467.0738119310643,-1232.1630245850592,724.5209392000565,-0.9317263649544959,-0.17683865973405352,-0.3171972088025763
467.7608696095875,-1233.7220714526711,723.371824055334,-0.9318934526868289,-0.17747962847800286,-0.31634723693234795
468.4412377294247,-1235.3066696838532,722.2565681646133,-0.9319761709642521,-0.17779841523017706,-0.3159242635449969
469.11492116552864,-1236.917036792925,721.1754983268086,-0.9319748200728684,-0.17779320115714672,-0.3159311829693913
469.7885089835187,-1238.5698411488052,720.1185522366186,-0.9318875232698929,-0.177456814798965,-0.31637750055165204
470.44856333431966,-1240.2324838573431,719.10679090994,-0.9317145018539508,-0.17679330088545633,-0.317257333716762
471.1009711196263,-1241.9195421345707,718.1305875502698,-0.9314532033460944,-0.17579916006905655,-0.31857430105913054
471.74520536908994,-1243.6300466411346,717.1902589709844,-0.931100751891138,-0.17447284023574394,-0.32032892134153296
472.3807107577096,-1245.3629452187631,716.2859370860369,-0.9306535293050218,-0.17281312942575622,-0.32252074458890817
473.01323599102255,-1247.1350831065079,715.4089102329726,-0.9301010889761265,-0.17079713208806863,-0.3251773423163338
473.6297531840467,-1248.9104878251742,714.576189135151,-0.9294490620770096,-0.16846363556226468,-0.3282444889062295
474.2358867088566,-1250.70518671237,713.778621972178,-0.9286866479181334,-0.16579413988730252,-0.33174299262774254
474.8311764019979,-1252.5184224854847,713.0154476296874,-0.9278069962511198,-0.16278770245861007,-0.33566998917943386
475.41511172193844,-1254.3493134955525,712.2858280587168,-0.926802506722294,-0.1594435804988425,-0.34002184954938036
475.99262459402973,-1256.214844466423,711.5822473207639,-0.9256531712831712,-0.1557239912094046,-0.3448423481175439
476.5519469167289,-1258.0777704787024,710.9173153089558,-0.9243722586231359,-0.1517010076561894,-0.3500324724422846
477.09818728984965,-1259.9550733863489,710.2829081134571,-0.9229396453456247,-0.14734031113950014,-0.35563076886372996
477.6308560476939,-1261.8459246157327,709.6777302256298,-0.921344872082149,-0.14264173021605384,-0.3616309769487387
478.1494733294733,-1263.7495287934212,709.1004125105815,-0.9195767872929945,-0.13760517182699808,-0.368026288406626
478.6583471949858,-1265.6836055531605,708.5443498029947,-0.917603851493467,-0.13217731824912268,-0.3748764173228629
479.14711543194124,-1267.609740864964,708.0188666576369,-0.9154520825731896,-0.1264642894473738,-0.3820396157559857
479.6203776984862,-1269.5460267278218,707.5168856337873,-0.9130903002208453,-0.12041543577596205,-0.38957185020159224
480.07769647180965,-1271.4917047608476,707.0368721785867,-0.9105052355867481,-0.11403191777011835,-0.39746312747069934
480.51871312273397,-1273.4463135263416,706.5772095029297,-0.9076828129960837,-0.10731435320693218,-0.4057037596415571
480.94709789396086,-1275.4284266869822,706.1321054154023,-0.9045775164014045,-0.10019392468743082,-0.4143678248570898
481.35406560440725,-1277.3984670072077,705.7087106215187,-0.9012359029496426,-0.09281294813423305,-0.42327249366474856
481.7435200764377,-1279.3750287141997,705.3010318444536,-0.897614687927279,-0.08510706267358728,-0.43248660083323653
482.1152471035134,-1281.3580691309826,704.9073911739044,-0.8936983283855965,-0.07707787243082434,-0.44199807626541565
482.4689115004217,-1283.3468411613082,704.5262771473163,-0.8894726361434606,-0.06873055701332156,-0.45179037183702964
482.8075084476941,-1285.3608048659753,704.1524998216564,-0.8848760425124564,-0.05998215163724789,-0.46194862362870986
483.12407199661124,-1287.3594500448326,703.7919568468772,-0.8799857525325919,-0.05101274405514697,-0.4722528721814318
483.4218904611895,-1289.3625608428488,703.4393445491169,-0.8747435057251997,-0.04174296209240646,-0.4827849669442283
483.7007347918161,-1291.3693516930186,703.0932605371356,-0.8691372785892667,-0.032182686792444425,-0.49352271035613204
483.9604485824218,-1293.3792757556962,702.7522914227029,-0.8631554556532339,-0.022342077989961472,-0.5044437440658259
484.20337217015816,-1295.4132628211833,702.4114773186158,-0.8567175693647663,-0.012123468914687924,-0.5156433145529971
484.42446550163464,-1297.429447526585,702.076390839791,-0.8499447960053687,-0.0017472564176798263,-0.5268688554454547
484.6262051038529,-1299.4476571659063,701.742296557072,-0.8427668283694566,0.00887329037535664,-0.538205664888434
484.8086269331991,-1301.467914233809,701.407836615869,-0.8351755277716161,0.019725387995931782,-0.5496296451973935
484.971730606662,-1303.489450893616,701.0718242176578,-0.82716752319492,0.030790592877338468,-0.5611112438383702
485.11692712920177,-1305.531926254863,700.7296760862791,-0.8186545964228262,0.042163507766185986,-0.5727363183600549
485.2414650274451,-1307.5543723329583,700.3870162830034,-0.8098057067186972,0.05359864912328061,-0.5842447279847638
485.34707959595664,-1309.5770792323465,700.0392750766821,-0.8005388423172994,0.0651895921752109,-0.5957246671183827
485.4340417029681,-1311.601115531722,699.6851177859803,-0.7908515032245952,0.07692294368280247,-0.607154643054445
485.5025054815145,-1313.623659453749,699.3239345421227,-0.780762504876744,0.08876159380320425,-0.6184911401500485
485.55323218477827,-1315.6647498829343,698.9509711795331,-0.7701745643427999,0.10080223127033287,-0.6298174740433143
485.58562855783697,-1317.6850157665574,698.5724029817825,-0.7593029201699447,0.11278979946703217,-0.640888084268682
485.60069579662076,-1319.7040034957186,698.1837318562089,-0.7480616329604107,0.12481593664788591,-0.6517858354178271
485.5989116122821,-1321.7208169243995,697.7842087732128,-0.736471970071361,0.13685157198184117,-0.6624807050362352
485.5805614366699,-1323.7552329494338,697.3688594747202,-0.7244342425319306,0.1489906237072755,-0.6730503861483957
