-0.8439493386490092,0.6196292846725067,0.22211097149986997,-2.7029587995558484,-0.7641619720972509,-2.225693286912219,1.4421274637047152,-1.5432379164945096,-1.7259948730876276,-1.1429987044714043,1.0688846749463945,0.9296437978643594
-0.8436668108533038,0.617818823934351,0.2229521173203472,-2.7021223455924366,-0.7690763032842819,-2.2274151791818224,1.4421274450341646,-1.5432379051317007,-1.7259948730374621,-1.142998717262076,1.0688846397783904,0.9296437337352407
-0.843373997567874,0.616002392972385,0.22376639522655078,-2.7012996943674574,-0.7740555453653901,-2.229117614564061,1.4421274343787496,-1.543237877719886,-1.7259948730433177,-1.1429987166700886,1.0688847255459795,0.9296437078660018
-0.8430652914806485,0.6141487594635273,0.2245666432033091,-2.7004761334376877,-0.7791905929331938,-2.2308305868263774,1.4421274430357143,-1.543237861184721,-1.7259948730708352,-1.1429987164359225,1.068884942361437,0.9296437194977047
-0.8427425844010628,0.6122697602667327,0.22534858583013664,-2.6996555292402062,-0.7844519574111315,-2.232545333257165,1.442127457105093,-1.5432378368697979,-1.7259948729537797,-1.1429987165308133,1.0688850459009693,0.9296436369106216
-0.8424247008857195,0.6104793436895365,0.22606303860044913,-2.698888082439915,-0.7895256411485965,-2.234156916341538,1.4421274535950679,-1.5432378358216734,-1.7259948733982209,-1.1429987163860538,1.068884962418807,0.9296436008567985
-0.8420990614568602,0.6087139860369404,0.22673183543333408,-2.6981474342389946,-0.7945966501228718,-2.2357213988153175,1.442127468872299,-1.5432378229095725,-1.7259948717237243,-1.1429987168745042,1.0688847590745876,0.9296436775946804
-0.8417677342171184,0.6069774668147512,0.22735579675925743,-2.6974331026287697,-0.7996437449083995,-2.2372374144980247,1.4421275127341908,-1.5432377725912658,-1.7259949081487709,-1.1429987150406005,1.068884740849983,0.9296436666688447
-0.8414250483877952,0.6052330005114511,0.22794819463193935,-2.6967303053653695,-0.8047689528444553,-2.2387377036368643,1.4421275017513246,-1.54323768415744,-1.725994910251119,-1.1429986686924403,1.0688849036691428,0.9296436804079816
-0.8410719336517338,0.6034818023245732,0.22850587382086207,-2.6960391131275947,-0.8099726674636771,-2.240220051866465,1.4421275182672337,-1.5432376374128436,-1.7259949096837999,-1.142998609413715,1.0688848376345494,0.9296437210527919
-0.8407212804150028,0.6017786177197965,0.2290184308161487,-2.695376010774333,-0.8150853217550447,-2.241644569896225,1.4421275136564309,-1.5432376193166668,-1.7259949098397407,-1.142998590092125,1.068884811423488,0.9296437186008921
-0.8403706128169508,0.6001107848318508,0.22948856306777726,-2.694736056445284,-0.8201510619722392,-2.2430234718805813,1.4421274948519511,-1.5432376031529482,-1.725994909788783,-1.1429985841026586,1.0688847824182575,0.929643717327939
-0.8400170240740433,0.5984636781841519,0.2299177107385853,-2.6941137824652257,-0.8252232628924088,-2.2443717269088737,1.4421274429693856,-1.5432376182793623,-1.725994909835481,-1.1429985705689636,1.0688847706310893,0.9296438280541104
-0.8396634097457115,0.5968454546455142,0.2303038707334474,-2.6935111526714115,-0.8302770168926908,-2.2456851131662248,1.4421273969657702,-1.5432376347937862,-1.7259949096989207,-1.142998571054449,1.068884650308133,0.9296437808240408
-0.8392989691677075,0.5952056364818891,0.23065096350100073,-2.6929047753791173,-0.8354898004831615,-2.2470089447451493,1.4421274024430963,-1.5432376158672843,-1.7259949102025947,-1.1429985703777659,1.0688846208266753,0.9296437421574029
-0.8389272680548723,0.5935489540936534,0.2309693600853652,-2.6922943070528165,-0.8408215361088637,-2.2483452364593894,1.4421273869130677,-1.5432376407258646,-1.7259949413731774,-1.142998531328352,1.0688846292507828,0.9296437661339354
-0.8385581395257725,0.5919225897220801,0.23123669829486698,-2.6916983665500056,-0.8461461059578903,-2.249658531069954,1.4421273023959595,-1.5432376435559223,-1.7259949191077528,-1.1429985320709573,1.068884645566476,0.9296436914504635
-0.8381956635101938,0.5903380987746721,0.2314570305175343,-2.6911194914019685,-0.8514175383323035,-2.2509439434431306,1.4421272503866074,-1.5432376607446305,-1.7259948444726152,-1.1429985672742817,1.0688846279934001,0.9296436647087081
-0.8378405094051988,0.5888003936663426,0.2316298793651607,-2.6905515345010818,-0.856628146359365,-2.2522084562137556,1.44212726518397,-1.543237714819071,-1.7259948813149606,-1.1429986133568089,1.06888448052726,0.9296435744019822
-0.837485622058216,0.5872846827176696,0.2317512762261685,-2.689981488068111,-0.8618825485805818,-2.253484478276539,1.4421272142067159,-1.5432377532354387,-1.7259948639244083,-1.1429986036636426,1.068884534124437,0.9296435470573936
-0.8371159086169453,0.5857285030905619,0.23182800754078087,-2.6893855247128737,-0.8673946944587124,-2.254832246623807,1.442127240549907,-1.543237807269478,-1.725994861764709,-1.1429985915836653,1.0688845594135326,0.9296434783591669
-0.8367545903424107,0.5842245757493436,0.2318656895472903,-2.688800366855557,-0.8728096056857846,-2.256164546760907,1.4421272819476232,-1.543237891938493,-1.7259948624597488,-1.1429986286772928,1.068884648278988,0.9296434081388408
-0.8363896435724307,0.5827323793483271,0.23184725553107982,-2.6882005483158324,-0.8783165953642895,-2.2575410186750817,1.4421272809537864,-1.5432379310825506,-1.725994861847374,-1.1429986425478107,1.0688848144730765,0.9296432278974454
-0.8360205257673605,0.5812524236257022,0.2317699555836509,-2.687582751245812,-0.8839205634674474,-2.25896889970769,1.4421273122988507,-1.543237944742855,-1.7259948636086722,-1.1429986423275424,1.0688849127370736,0.929643170280445
-0.8356636207091735,0.5798514290409901,0.23163615102476687,-2.6869754705474866,-0.8893712352664147,-2.2603893466426848,1.4421273098287366,-1.5432379895244648,-1.7259948354357744,-1.1429986429475782,1.0688848058200695,0.9296431674778421
-0.8352967203757137,0.5784421861419318,0.2314422292249477,-2.686337938066997,-0.8950059838115341,-2.2618954609679736,1.4421273577164733,-1.5432379888402454,-1.7259948171829442,-1.1429986821613227,1.068884777926994,0.9296431352580324
-0.8349405835418471,0.5771037660582745,0.23120530167345216,-2.6857054747372224,-0.900498584765258,-2.2633981945260806,1.4421274353752662,-1.5432380188254113,-1.725994855453587,-1.142998680797969,1.068884911698985,0.929643161462252
-0.834570007513015,0.5757541652972252,0.23089457161357002,-2.68502829120995,-0.9062384859194443,-2.265018532563926,1.4421274918111027,-1.5432380336286464,-1.7259948943020347,-1.1429986475768854,1.0688850005504458,0.9296432085327098
-0.8341890287974646,0.5744056882728886,0.2305189687886962,-2.6843180505938395,-0.912158384582575,-2.2667347922082626,1.442127524696478,-1.5432380343771643,-1.7259948549676423,-1.1429986140334605,1.0688851396328054,0.9296432623498699
-0.8338168795424442,0.5731250170975514,0.23009752597981253,-2.6836098957203363,-0.9179620624394612,-2.268461583760188,1.442127594682624,-1.543238010641888,-1.7259948727513899,-1.1429986192055315,1.0688852898505339,0.929643241254752
-0.8334395072169999,0.5718762031230059,0.22959703407376839,-2.68286920116439,-0.9238735683114996,-2.270282026184493,1.4421275503685915,-1.5432379624769061,-1.725994874903943,-1.1429986222912119,1.0688854325888952,0.9296433364655845
-0.8330529709447146,0.5706268194366655,0.22904031046170187,-2.682097429063807,-0.9299459279481578,-2.27218897687593,1.4421275196817116,-1.5432378747078181,-1.7259948742806224,-1.1429986244186083,1.0688854307316351,0.9296434391981728
-0.8326776827860506,0.5694484871397675,0.22844768134730148,-2.681332589305826,-0.9358646736224511,-2.2740903841975557,1.4421275842226204,-1.5432378193472884,-1.725994874614159,-1.142998593868184,1.0688852311681196,0.9296435094479927
-0.8322970945831358,0.5682955684804598,0.2277800987477579,-2.680537336884021,-0.9419046104064706,-2.276083134642854,1.4421275775560214,-1.5432377893857103,-1.725994847280957,-1.1429985839716001,1.068885135019586,0.92964356812228
-0.8319139668938996,0.5671677170303842,0.22704861189553244,-2.679717186467953,-0.9480335534565363,-2.278148461889787,1.442127562621032,-1.5432377656957588,-1.7259948425937963,-1.1429985840016914,1.068885245399442,0.9296436041347154
-0.8315400664551869,0.5660989575087877,0.22627115935776249,-2.678894828784614,-0.9540758648649593,-2.2802278507650473,1.442127518333921,-1.5432377289069188,-1.7259948298116157,-1.1429985839950982,1.068885409965198,0.9296435907663685
-0.8311687718735307,0.5650544208498862,0.2254569528046376,-2.678063821402964,-0.9601271695000818,-2.282335280319057,1.4421274704186995,-1.5432376967080152,-1.7259948158207181,-1.1429985839869068,1.0688854871047202,0.9296435201304603
-0.8308092102456353,0.5640637300189777,0.22460246117854604,-2.677235230335497,-0.9660805948843383,-2.284444249110101,1.442127359871364,-1.5432376883090453,-1.725994813837699,-1.142998584026671,1.0688854192223336,0.9296435052137257
-0.8304529508626608,0.5630962609751536,0.22368727110607461,-2.6763850276066554,-0.9720969764445353,-2.286607067068482,1.442127276258731,-1.543237743309299,-1.7259948429057523,-1.142998618038288,1.0688851915531818,0.9296435173724305
-0.8300912573212283,0.5621220123155605,0.22269329064119173,-2.6754907592420976,-0.978330985034326,-2.2888731712486603,1.4421272202879425,-1.5432377362920735,-1.7259948588124439,-1.142998645711274,1.0688850341724918,0.9296435570879528
-0.8297516990658285,0.5612134763245672,0.22169341095580247,-2.674617335898631,-0.9843210472305743,-2.291073511534462,1.4421272468885318,-1.543237771165133,-1.7259948592924133,-1.1429986571364952,1.0688849681730594,0.9296435190149521
-0.8294147475253328,0.5603130678295366,0.22064804906517388,-2.6737188214012475,-0.99038681378321,-2.2933162235064573,1.4421272918110528,-1.543237836708765,-1.725994817116306,-1.1429986548543054,1.0688849390850754,0.9296434949956826
-0.8290738496266398,0.5594005372878,0.219537812756447,-2.672773723270461,-0.9966549518450855,-2.2956457138974016,1.44212728367793,-1.5432378926406236,-1.7259948082729775,-1.142998685320563,1.0688849534141633,0.9296435942630421
-0.8287482581032439,0.5585257149961208,0.2184147544329737,-2.67182454243786,-1.002803793811232,-2.29794294749547,1.442127305801492,-1.5432379227200568,-1.7259948047433533,-1.1429986953982734,1.0688849766748665,0.9296437303575826
-0.8284314677535052,0.5576717478926284,0.21727450229166861,-2.6708607642310898,-1.0089091759985243,-2.300231689701949,1.4421273210418797,-1.5432379502020495,-1.7259947823145372,-1.1429986953654567,1.0688849483756329,0.9296438141934381
-0.8281150102133831,0.5568167577024485,0.21609453118133176,-2.6698549823497055,-1.0151101722888778,-2.302562728133509,1.44212734081247,-1.5432379688430231,-1.725994727123887,-1.14299869537574,1.0688849057995147,0.9296438637514381
-0.8277927850520331,0.5559456406768251,0.21486738433683228,-2.6687955638863428,-1.021484547776621,-2.3049630459763417,1.442127370684387,-1.5432379676424486,-1.7259946852157466,-1.1429986953728568,1.0688848865565108,0.9296439067638259
-0.8274783830264454,0.5550957102476263,0.21364536878387677,-2.6677220851438914,-1.0277577935264735,-2.3073296080992356,1.4421274343887398,-1.5432379654214305,-1.7259946868038665,-1.1429986953740294,1.0688848799903319,0.9296439296207959
-0.8271654321702119,0.554250848208391,0.2124076984306224,-2.666603780387237,-1.0340372877106518,-2.309703769443455,1.442127454293233,-1.5432379468190993,-1.7259946579868763,-1.1429986953722333,1.0688848426886133,0.9296439654339264
-0.826859260361158,0.5534264092474336,0.21118684042113806,-2.6654676807715396,-1.040182108262835,-2.312030481867145,1.4421274839485,-1.543238013393814,-1.7259946418746381,-1.142998695378279,1.0688847420230456,0.9296439668936285
-0.8265457080779062,0.5525842088064332,0.20993814597463661,-2.664270432515735,-1.0464395113155904,-2.3144005862397306,1.4421274570308928,-1.543237986629046,-1.7259946413874068,-1.1429986953557447,1.0688847317406869,0.9296439733444652
-0.8262329539768904,0.5517462318772697,0.2086963571616415,-2.6630460921424617,-1.052640483653463,-2.3167491534971383,1.4421274188373348,-1.5432379332969703,-1.725994683489158,-1.1429986954404374,1.0688848833137383,0.9296440218815883
-0.8259175594326222,0.5509047882614041,0.20745510185088817,-2.6617805674889192,-1.0588168590887892,-2.3190866351580306,1.442127432842971,-1.5432379058533126,-1.7259946926375633,-1.142998713645144,1.0688850545454347,0.9296439225947504
-0.8256065599937867,0.5500783075909564,0.20624308141612496,-2.6605110988517824,-1.0648310792639486,-2.321360923639151,1.4421274137564752,-1.5432378914258984,-1.7259947217686402,-1.1429987552253134,1.068885159560811,0.9296437856397392
-0.8252836929079704,0.5492242963180458,0.20500147612211003,-2.6591703204788266,-1.0709657411335463,-2.323674529698134,1.4421274124546206,-1.5432378993446967,-1.7259947766261294,-1.1429987621063347,1.068885126572847,0.9296437305126506
-0.8249659760944349,0.5483869562947303,0.20379409907167528,-2.6578324541589717,-1.0769063733788617,-2.325908734285992,1.4421274175171706,-1.5432379239406526,-1.7259948313739593,-1.1429987387802387,1.0688850008674207,0.9296436972341884
-0.8246425093831713,0.5475364413900087,0.20257856866391727,-2.6564538651731895,-1.0828534965909067,-2.328135158342426,1.4421274157941968,-1.5432379575306203,-1.7259948733109198,-1.1429986964954666,1.0688848295299143,0.9296437095155305
-0.8243118328246707,0.5466672958208294,0.20134594161172412,-2.655030715909189,-1.0888512209532049,-2.3303684341136175,1.4421274320515618,-1.5432379870419566,-1.7259948720559433,-1.1429986734977458,1.0688848290324109,0.9296437353912292
-0.8239855197689019,0.5458078062901232,0.20013749333365755,-2.6536114923738183,-1.0946866359203038,-2.3325225466235606,1.4421274566289004,-1.543237975205776,-1.7259948966873941,-1.1429986886371342,1.0688850210789926,0.9296437669095804
-0.8236638965377949,0.5449571242505513,0.19894892611876142,-2.6522016202908825,-1.1003878221824452,-2.3346091933875996,1.4421274659990095,-1.5432379412730424,-1.7259949277148938,-1.14299872588496,1.068885241923083,0.9296437000108811
-0.8233453002718157,0.5441075527666988,0.19776930559715827,-2.650790211718357,-1.10599637116538,-2.3366380970003933,1.4421275379065779,-1.5432379560836524,-1.7259949434417567,-1.142998730237722,1.0688852958335662,0.9296436879842671
-0.8230258642627206,0.5432459676107959,0.19657968366317707,-2.6493580213376875,-1.1116035019632573,-2.3386417187852233,1.4421275808048308,-1.543237978757183,-1.7259949870945772,-1.142998759903139,1.0688851788960634,0.9296435985745513
-0.8227104899287572,0.5423827493889248,0.1953942113861163,-2.6479250103701273,-1.1171327295709226,-2.3405884399644252,1.442127584742934,-1.54323799185446,-1.7259950286180874,-1.1429987412028437,1.0688850381778692,0.9296435406563359
-0.822389086317402,0.541491729563966,0.1941757703062581,-2.646450145285337,-1.1227630695877413,-2.3425432841409153,1.4421275910499718,-1.5432380247712871,-1.7259950491769716,-1.1429986997544068,1.0688849266006124,0.929643572932336
-0.8220750090131578,0.5406075266551162,0.19297252857645236,-2.6449931948917103,-1.1282620541107007,-2.344420053754924,1.4421275695651619,-1.5432380337460092,-1.7259950481282136,-1.142998692886016,1.0688849245339391,0.9296436576559074
-0.8217556795228438,0.5396981358581786,0.19174017964450035,-2.643502557652011,-1.1338412373231928,-2.3462953462941756,1.4421275135156317,-1.5432380006174067,-1.7259950528411685,-1.1429987162652155,1.0688850107221493,0.9296436887261003
-0.8214400462324443,0.5387881818368548,0.19051257137502273,-2.6420199006674774,-1.139344313385914,-2.348114819050033,1.442127485131935,-1.5432379553929165,-1.725995073898611,-1.1429987585514572,1.06888500199618,0.9296437145058032
-0.8211302863345485,0.5378868659544525,0.18930166281027855,-2.6405606571500204,-1.1447204883475535,-2.349864819657702,1.4421275098487079,-1.543237955052279,-1.7259950522943783,-1.142998781485074,1.0688849568846734,0.9296437131516679
-0.8208119441583392,0.5369573720348193,0.18805851401824575,-2.639068441523813,-1.1501820928115267,-2.3516139017559565,1.4421275208656366,-1.543237951579052,-1.7259950009670981,-1.142998766160464,1.0688848533941215,0.9296437469572332
-0.8204868758380226,0.5360098978020206,0.1867951294429409,-2.637557302541019,-1.1556854259118279,-2.3533557406698313,1.4421275123881707,-1.5432379394970153,-1.7259949711630846,-1.14299872896084,1.0688847622372966,0.9296438711968571
-0.8201559178040977,0.5350506671012714,0.18551959132126603,-2.636039016971855,-1.1611866854633077,-2.3550768043414747,1.4421274870000684,-1.543237958353762,-1.725994955081585,-1.142998710459295,1.0688847413385,0.9296438216791673
-0.8198200418142723,0.53408686660864,0.18423976711575013,-2.6345241419696506,-1.1666519639472683,-2.356771503793849,1.4421274748788184,-1.543237999444313,-1.7259949111257769,-1.1429986412850357,1.0688847805481143,0.9296438074002824
-0.8194780417805049,0.5331195341684372,0.1829556599466145,-2.6330149080018663,-1.1720732914551852,-2.3584403581736124,1.4421274864276432,-1.543238030394686,-1.7259948794525084,-1.1429986541396044,1.0688848876208392,0.9296438634110438
-0.8191353483041341,0.5321637650421043,0.1816863752669779,-2.6315346986706354,-1.1773715217688494,-2.3600629233356214,1.4421275443522532,-1.543238008172565,-1.7259948680114376,-1.1429986403305639,1.0688850402612196,0.9296438102053493
-0.8187929818553432,0.5312234459930301,0.18043559290991715,-2.630090165506643,-1.1825280424481441,-2.3616372530369554,1.4421275708763148,-1.5432379599985075,-1.7259948375293916,-1.1429986152465337,1.0688850502023626,0.9296437181134808
-0.81845015669749,0.5302971811386039,0.17919955459916953,-2.628678393904307,-1.1875590466467147,-2.3631726031544753,1.4421276313641456,-1.5432379245793162,-1.725994809629158,-1.1429986095615583,1.0688849770130602,0.9296436822055915
-0.8180997373656835,0.5293674818063719,0.17795305131166259,-2.627272707674025,-1.1925623807578267,-2.364701492402163,1.4421276697169312,-1.5432379364620115,-1.7259948131196068,-1.1429986095826268,1.0688849763083152,0.9296436328745699
-0.8177272252122961,0.5283984950271543,0.1766447185188083,-2.6258188119295363,-1.1977343995492415,-2.366289115217449,1.44212764522027,-1.5432378952244676,-1.725994863165435,-1.1429986096187412,1.0688850747269216,0.9296436027513781
-0.8173568691386917,0.5274559728198683,0.17536204698491642,-2.6244163902226214,-1.2027226337405679,-2.367830553546597,1.4421276526614495,-1.5432378589066753,-1.7259948900625743,-1.1429986094520415,1.0688849795238784,0.9296435090781776
-0.816973715225631,0.5265005168281002,0.17405076421610013,-2.6230058115863097,-1.2077439097544365,-2.3693948774447837,1.4421276223947648,-1.5432378437082068,-1.7259949271735433,-1.1429986100834664,1.0688848021852373,0.9296434173828931
-0.8165871277771259,0.5255555238588014,0.17274214012259076,-2.6216218177692694,-1.2126760424570906,-2.3709448732693557,1.442127599853001,-1.5432378170772225,-1.7259949510308825,-1.1429986165700097,1.0688845996043475,0.9296434212630684
-0.8161889727347447,0.5246011635201528,0.17140767296200288,-2.6202357561841567,-1.2176253411454294,-2.372515339911135,1.4421275993808425,-1.5432377703660358,-1.725994960142895,-1.1429986076174323,1.0688845399566151,0.9296434515662233
-0.8157867029231329,0.52365480258695,0.17007042438763703,-2.6188725937777093,-1.2225053628397264,-2.3740784635813794,1.4421275718628912,-1.5432377114331097,-1.7259949501867724,-1.1429985768339024,1.0688844686516041,0.9296434249716736
-0.8153794800843587,0.5227126132345425,0.16872631431936652,-2.6175245916423515,-1.2273418340481261,-2.3756406348978136,1.4421275247909462,-1.5432376825108995,-1.7259949412418947,-1.1429985911220621,1.0688844214841609,0.9296434140727069
-0.8149533477189375,0.5217458750145554,0.16733166274182715,-2.6161515117260716,-1.232280817941907,-2.37724988979218,1.4421274824192196,-1.543237732582597,-1.7259949727154436,-1.1429986160527599,1.068884545119388,0.9296434196522199
-0.8145178876753849,0.5207766354477009,0.16591827804407566,-2.6147844903540696,-1.2372114670792074,-2.378868856508004,1.4421274513081168,-1.543237797028746,-1.7259949957066874,-1.1429986217563495,1.068884560585644,0.9296433984024677
-0.8140802223845803,0.5198220682762678,0.1645102918537396,-2.6134489205880644,-1.2420451536601658,-2.3804685771323753,1.4421274389671765,-1.5432378306695447,-1.7259949714761376,-1.1429986217423989,1.0688845830446445,0.9296433896089539
-0.8136614854595701,0.5189266708421061,0.16317478779805455,-2.612207490970291,-1.2465567709008134,-2.381973052231753,1.442127456635483,-1.543237847607785,-1.7259949450360186,-1.1429986216425962,1.0688844319190154,0.9296434644144338
-0.8132338307928523,0.5180287078145179,0.1618206916561089,-2.6109735498169155,-1.2510610900488421,-2.383483333295421,1.4421274497007341,-1.5432378930232122,-1.7259950049217134,-1.1429986220578985,1.0688844818565675,0.929643513190943
-0.8127752381809934,0.5170871841520073,0.16038092192781836,-2.609695090091582,-1.2557576001344934,-2.3850675692412926,1.4421274668710975,-1.5432379321375103,-1.7259949697347494,-1.1429986204932192,1.0688846154507632,0.9296436082042941
-0.8123082241096562,0.5161446786919417,0.15892385174858265,-2.608427781105923,-1.260439521336759,-2.3866531109282656,1.4421274490145228,-1.5432379361674602,-1.7259949451538574,-1.142998632142516,1.0688848767543786,0.929643662560923
-0.8118336400972035,0.5152047317012256,0.1574523505731701,-2.6071778769280574,-1.2650886763755982,-2.388232197076859,1.4421274541866058,-1.5432379406130976,-1.7259949371398335,-1.1429986669228884,1.0688848630100471,0.929643708483303
-0.8113478903607506,0.5142585628072622,0.1559535460321837,-2.605932610346772,-1.2697506349428196,-2.389819549212915,1.4421274782635798,-1.5432379545189505,-1.72599497526454,-1.1429986812679065,1.0688847927063414,0.9296437397987696
-0.8108446096796993,0.5132932693694101,0.15440576832420677,-2.604676380559398,-1.2744872613662592,-2.3914362296094533,1.4421274833242448,-1.5432379782014063,-1.7259949748563952,-1.1429987199539955,1.068884668198614,0.9296438148015163
-0.8103368641493445,0.5123347451272057,0.15284947874111507,-2.60344446680604,-1.2791693058500049,-2.3930379571912193,1.4421275115106504,-1.5432379571156196,-1.72599496619485,-1.142998725246936,1.0688845013316772,0.9296439046993813
-0.8098186518221387,0.5113696385913957,0.15126675535669137,-2.602218646739977,-1.2838621720331707,-2.394645978188893,1.4421275277551953,-1.5432379300995027,-1.7259949712785296,-1.1429987185047925,1.0688845215776195,0.9296438986994815
-0.8092860812480065,0.510391503231153,0.1496469991534239,-2.600991056841766,-1.2885971796191784,-2.3962714860488874,1.4421275385488714,-1.5432379176256148,-1.7259949646561892,-1.1429986710647764,1.0688846776151204,0.9296438744658969
-0.8087320718737953,0.5093861774615354,0.14796832363291007,-2.5997405149401893,-1.293447224229461,-2.3979394332708557,1.4421275411007382,-1.543237939105402,-1.7259949135958998,-1.1429987217959163,1.0688847472818277,0.9296437460414225
-0.8081682033457771,0.5083776051628688,0.1462657350158612,-2.59850016190254,-1.2982926608253482,-2.3996109058071085,1.4421275594809964,-1.5432379095867552,-1.725994890475738,-1.1429987194877618,1.0688849194198842,0.9296436648769362
-0.8076402075518214,0.5074493910268811,0.14467658354420498,-2.5973750138465523,-1.3027295925600064,-2.4011462607733405,1.442127587247433,-1.5432378703560312,-1.725994924043944,-1.1429987210356856,1.068884968479712,0.9296435816621887
-0.8070972344437543,0.5065086931040279,0.1430467269985091,-2.5962487371541974,-1.307207182761981,-2.4027003899575696,1.442127581876957,-1.5432378849785633,-1.7259949295758148,-1.142998717147232,1.0688847539156867,0.929643582268811
-0.8065457432561628,0.5055677584929993,0.14139730106315082,-2.5951363404629326,-1.3116654002997603,-2.404254507645798,1.442127581304972,-1.543237882022939,-1.72599492941496,-1.1429987305364189,1.0688847723579777,0.9296436181592705
-0.8059921940035369,0.5046368107073673,0.13974947176743796,-2.5940485095175845,-1.3160575718976504,-2.4057923903438856,1.4421275666049738,-1.5432378839006207,-1.7259948888022982,-1.1429987350123263,1.0688848717616257,0.9296437428940815
-0.805430146367458,0.5037062327802377,0.13808733225113606,-2.5929745319417554,-1.3204282655283115,-2.4073314826014576,1.4421275711609425,-1.543237852901566,-1.7259949242767134,-1.1429986952272615,1.0688850639536722,0.929643795000527
-0.8048680380263404,0.5027902720013226,0.13643637991171417,-2.5919314843410826,-1.324709709895112,-2.4088484266698984,1.4421276169940493,-1.5432378311388342,-1.7259949588615189,-1.142998649348789,1.0688852613402264,0.929643760390314
-0.8043110198788327,0.5018950451268781,0.13480910498329857,-2.59092335502556,-1.328877533934579,-2.410334087033724,1.4421276456036407,-1.5432378402310605,-1.7259949626172921,-1.1429986271517647,1.0688853679977706,0.9296438148850601
-0.8037539853315883,0.5010120966484746,0.1331895372105405,-2.5899408225821796,-1.332969875063219,-2.411802527202151,1.442127636898347,-1.543237848339373,-1.7259949695469026,-1.1429986706263016,1.0688853292812466,0.929643813245522
-0.8031698408790579,0.5001001441507138,0.13149899373123,-2.5889416929093754,-1.3371728246820707,-2.4133225827516123,1.4421276128585385,-1.5432378353253031,-1.7259950197469778,-1.1429986198251483,1.068885220433107,0.9296439389254628
-0.8025758933804662,0.49918533990054215,0.12978745534301303,-2.587954059373602,-1.3413662073520598,-2.4148496466139386,1.4421275830119307,-1.5432378356429353,-1.7259949833327717,-1.1429986219506902,1.0688849624404095,0.9296440529596668
-0.8019386380169161,0.4982151637821527,0.1279588854445485,-2.586922171765936,-1.3457878075254377,-2.416471366937558,1.442127558621877,-1.5432378088106264,-1.7259949441552647,-1.1429985713621746,1.0688849113084067,0.9296440308721868
-0.8013026654848494,0.497260048460704,0.12614519358609502,-2.5859214526505125,-1.3501144544498904,-2.4180716487888754,1.4421276119183744,-1.5432377895986762,-1.7259949645851598,-1.1429985713097401,1.068885001279871,0.9296439570907582
-0.8006626758446874,0.4963111410113618,0.12433103858421404,-2.584942544809688,-1.3543873723618702,-2.419665129316914,1.442127584506124,-1.5432377588483326,-1.7259949671020138,-1.1429986141337292,1.0688849695053972,0.929643922104996
-0.8000377804017704,0.49539321817427134,0.12256608663498918,-2.584007659570447,-1.3585008083527133,-2.4212086370814,1.4421275282081079,-1.543237736997975,-1.7259949689127503,-1.1429986118454518,1.0688849319653027,0.9296438377591428
-0.7993979900878037,0.4944658237104167,0.12076643306076418,-2.5830805029190897,-1.3626282860911805,-2.4227698980464227,1.4421274998621296,-1.543237751759945,-1.7259949344216499,-1.1429986127067537,1.0688846693737908,0.9296437911596185
-0.7987500481747252,0.4935366184577811,0.11894854661303551,-2.582165649977652,-1.3667412721834753,-2.4243366648192186,1.442127481940056,-1.5432377686938672,-1.7259949082673405,-1.1429986546168203,1.0688844203338967,0.9296437018278686
-0.7980564993415276,0.4925523612663671,0.11700701696593149,-2.581212313291881,-1.3710731712858328,-2.4259992222165927,1.4421274991915756,-1.5432377610441361,-1.7259948992498213,-1.142998683473067,1.0688842521580486,0.9296436416521541
-0.7973478560580712,0.491556451138893,0.11502760652429671,-2.5802626340737187,-1.3754345769440033,-2.4276847551464824,1.4421275175001576,-1.5432377315640238,-1.7259948986412748,-1.142998687252425,1.0688841768282509,0.9296436912680068
-0.7966416078122194,0.4905756143301868,0.1130613088803056,-2.5793449982373033,-1.3797051941669114,-2.4293489099241983,1.4421275076403166,-1.5432376887149426,-1.7259948989447,-1.1429986875042912,1.0688844252480263,0.9296436501176866
-0.7959441659590538,0.4896167156891919,0.11112358931784416,-2.578462155909947,-1.3838615785124255,-2.430979078760203,1.442127508049807,-1.5432376725977035,-1.7259948983223317,-1.1429986865200887,1.0688845819896717,0.9296436116516983
-0.7952597348910905,0.4886871552768345,0.10922518331120719,-2.577622328466306,-1.387871739906287,-2.432563293573597,1.4421274888915683,-1.5432376875686835,-1.7259949005146424,-1.1429987402848545,1.0688845434011338,0.929643646284714
-0.7945628852505149,0.48774911243093444,0.10729137889163201,-2.5767884325607184,-1.39190428686632,-2.434163975444627,1.4421274370922688,-1.5432377148872365,-1.725994875743563,-1.1429986941559023,1.0688844854774735,0.9296436765468659
-0.7938646408098691,0.4868173022688388,0.10535339021918835,-2.5759722762976636,-1.3958956078754845,-2.435754458293654,1.442127449329535,-1.5432377423650812,-1.7259948723380192,-1.1429986255438174,1.0688844454925497,0.9296437372649429
-0.7931372407576289,0.48585265763263424,0.10333556913078865,-2.575136668027953,-1.4000161780205207,-2.4374006683607723,1.4421274908070174,-1.5432377636784682,-1.725994873237791,-1.1429986301772357,1.0688844485103248,0.9296438107545002
-0.7923986559322136,0.484883353310237,0.10129065599437485,-2.5743122074029516,-1.4041380459659325,-2.4390543871722596,1.442127521184835,-1.5432378083309313,-1.7259948729954757,-1.1429985875560031,1.0688845720918976,0.9296437620664898
-0.7916484795489853,0.4839076921075153,0.09921750036793814,-2.5734936178559975,-1.4082719139142008,-2.4407175511761183,1.442127474028204,-1.5432378177542967,-1.7259948730606418,-1.1429985908459985,1.068884683261063,0.9296437203828211
-0.7909210164751972,0.4829727057343204,0.09721136903913323,-2.572723248632453,-1.412215547069456,-2.4423095316838768,1.4421274137647775,-1.5432378176927422,-1.725994873043454,-1.1429986047014171,1.0688847001372097,0.9296437289025338
-0.7901950400901255,0.48204816978912196,0.09521271552619973,-2.571971750283297,-1.4161001595696234,-2.4438808242611327,1.4421273867502198,-1.5432378179582522,-1.7259948730467207,-1.1429986033587025,1.0688846024243364,0.929643742883342
-0.7894792949607992,0.4811451017038041,0.09324696555859587,-2.5712488125609103,-1.4198777195576495,-2.445411780809356,1.442127370075857,-1.5432378429487763,-1.7259948730509513,-1.1429986035170068,1.0688844263772173,0.929643622674368
-0.7887411591141156,0.48022145316563813,0.09122749386291944,-2.5705195162666534,-1.4237222887441554,-2.4469727704422133,1.442127372272606,-1.5432378324018317,-1.7259948730306447,-1.142998604202925,1.0688843901109006,0.9296435708688848
-0.7879774456510307,0.4792749143843582,0.08914893010722647,-2.5697844624799138,-1.4276359266412495,-2.448565614036542,1.4421273897823306,-1.5432378442359969,-1.725994873108003,-1.1429986012934767,1.0688843938401642,0.9296435869482158
-0.787200334874084,0.4783208100840223,0.08704409609085408,-2.5690581496187788,-1.4315530350766779,-2.4501640300909724,1.4421274349497866,-1.5432378294728388,-1.7259948728175563,-1.1429986805945425,1.0688845042293889,0.9296436377036088
-0.786426787850585,0.4773776060396685,0.08495531622901749,-2.5683522568649177,-1.4354038922744332,-2.451739307398306,1.4421274395177393,-1.5432378170566818,-1.7259948752212426,-1.1429987174239278,1.0688845964483369,0.9296434804676708
-0.785649468952079,0.476436701310963,0.08286379249825031,-2.5676602794508723,-1.4392207389040523,-2.4533044345867956,1.4421274196229592,-1.5432378157530366,-1.725994888816833,-1.1429987149447838,1.0688846382504285,0.9296433080121818
-0.7848755402920451,0.47550700033766075,0.08078961760384552,-2.566992441327581,-1.4429582548360593,-2.4548434958217453,1.4421274200901408,-1.5432377797073744,-1.7259948548116377,-1.142998756417605,1.0688846759856068,0.9296432769858862
-0.7840786943487807,0.47455505212891963,0.07866216073537743,-2.5663283512580732,-1.4467483398534007,-2.4564117084939636,1.4421274635232595,-1.5432378042152564,-1.7259948235557907,-1.142998704340857,1.0688847303248201,0.9296433814751724
-0.7832671736565799,0.4735898580235583,0.07650310013688195,-2.5656738629466664,-1.450554952698543,-2.457994523944058,1.4421274654764118,-1.5432378090513055,-1.725994824222592,-1.1429986885242465,1.068884845876465,0.9296434424516231
-0.7824389422143834,0.47260914202120025,0.07430686293196206,-2.5650271330121805,-1.4543825848233203,-2.459595853599823,1.442127501463298,-1.5432378075180573,-1.725994822107684,-1.1429986911342414,1.0688849217616685,0.9296435956214338
-0.7816172321421793,0.47163926021175684,0.07213361143973554,-2.5644027071185316,-1.458134681205998,-2.4611736669063586,1.4421275517873156,-1.543237787792111,-1.7259948443636393,-1.1429987354336366,1.068884918703818,0.9296437659391078
-0.7807847034204028,0.4706607580632111,0.06994161249253504,-2.563797585341377,-1.4618726810717113,-2.4627588327395586,1.4421275866586938,-1.5432378023036946,-1.725994847692144,-1.1429987388862062,1.0688850048572143,0.9296438250393564
-0.7799480857479798,0.46968159257355896,0.06775053357196074,-2.5632210666447413,-1.4655601204943778,-2.464337844757691,1.4421276253345647,-1.5432378037928283,-1.7259948453798657,-1.14299873928797,1.0688851025166608,0.929643836053795
-0.7791357226019324,0.46873361532809793,0.06563316083861026,-2.5626830603557367,-1.4690855464846635,-2.4658602517939467,1.4421276058831831,-1.5432377918171496,-1.7259948463722363,-1.1429987014346081,1.0688850579682254,0.9296438222974887
-0.7782642381520279,0.4677200884026279,0.06337699556778345,-2.5621329317389523,-1.4727930047521294,-2.4674790118326784,1.442127592301435,-1.5432378057723832,-1.7259948400905536,-1.1429986512293957,1.0688850560482637,0.9296438698762822
-0.7774020065655411,0.4667197511901159,0.061156161141620036,-2.5616108732101712,-1.47640723645143,-2.4690706224844314,1.4421275827505122,-1.5432378063292131,-1.725994859372351,-1.1429986490764676,1.0688850163990735,0.9296439335326259
-0.77652122592078,0.46570166418230513,0.058905849666423614,-2.561110816838118,-1.4800212037967126,-2.470680430673613,1.4421275121949713,-1.5432378085807659,-1.725994912996289,-1.1429986495372226,1.0688849863796,0.929643998821283
-0.7756314510334741,0.46467731992766115,0.05665363387470408,-2.560640317255102,-1.483586178399977,-2.472288093175189,1.4421274759336025,-1.543237787827753,-1.7259949459163593,-1.1429986970852042,1.0688849411294434,0.9296439832947261
-0.7747353472843077,0.4636487092326879,0.05440360209866446,-2.5601951055777348,-1.487105592566838,-2.4738915199161395,1.4421274821489518,-1.5432377762977953,-1.7259949448454521,-1.142998699521177,1.068884903178202,0.9296439499263023
-0.7738567416141661,0.46264253893606017,0.05221332888062461,-2.5597843522545642,-1.4904970265232151,-2.475450288921133,1.4421274497905867,-1.543237799464524,-1.7259949470632854,-1.1429986981758669,1.0688849486181458,0.9296437738622055
-0.7729397428789716,0.46159460850763445,0.04994148647585706,-2.559380701815204,-1.4939763791842444,-2.47706365036071,1.4421274023432795,-1.5432378103898714,-1.7259949251244868,-1.142998653668091,1.06888502384112,0.9296436269692204
-0.7720160209990157,0.4605410934046718,0.04766792419647331,-2.559001502065879,-1.4974138796721452,-2.4786734603659126,1.4421273383583284,-1.5432378089948933,-1.7259949408142898,-1.1429986498214828,1.068884965821894,0.9296435156432136
-0.7710920461780869,0.4594894118558627,0.045408224693090714,-2.5586520896709812,-1.500782551719534,-2.4802673917790465,1.44212728398894,-1.5432378092340961,-1.7259949614342704,-1.142998651480499,1.068884889140843,0.9296434881510945
-0.7701606534807274,0.45843060584274403,0.04313805325270124,-2.5583208668171915,-1.5041372689264667,-2.481865103902298,1.4421273183095251,-1.5432378089774383,-1.7259949606967873,-1.1429986832046553,1.068884868489749,0.9296434691824512
-0.7692435935084737,0.45739034785348115,0.04091409691958304,-2.558031167790252,-1.5073746322903605,-2.4834244031267567,1.442127332445999,-1.5432378371426965,-1.7259949542581512,-1.142998741502985,1.068884868399635,0.9296434513559138
-0.7682833037659249,0.4563029575113413,0.03858912630039901,-2.557752110597433,-1.5107228218386448,-2.4850494535586165,1.442127312267022,-1.5432378718091013,-1.7259948912169243,-1.1429987410341342,1.068884875263458,0.9296434197492983
-0.7673295822312127,0.45522519032026204,0.036283698812889335,-2.557500842877835,-1.514002026295743,-2.4866545986422053,1.44212733811248,-1.5432379294346947,-1.7259948986051854,-1.1429986942103356,1.0688849068775863,0.9296433744109436
-0.7663885302356788,0.4541637141439708,0.03401075429723689,-2.5572769435647946,-1.51719623826479,-2.488231039401439,1.4421273323349284,-1.5432379388707633,-1.7259949352083575,-1.1429986525789333,1.068884903490447,0.9296433854617845
-0.7654289621261144,0.45308367200244326,0.031693941622552776,-2.557072046396186,-1.5204147481924326,-2.4898319540119753,1.4421273034734547,-1.5432379438761874,-1.7259949630789346,-1.14299860911519,1.0688848616779325,0.9296433760961336
-0.7644491654845303,0.45198413371335483,0.029331573220296163,-2.556881247766719,-1.523667495300151,-2.4914586527594444,1.4421272924191537,-1.5432379291989116,-1.7259949731955722,-1.1429985668826386,1.0688848086333755,0.9296433389398493
-0.7634713991797707,0.45089190250347827,0.02698069779080962,-2.5567130398837405,-1.5268717218243604,-2.493070663439128,1.4421273126617886,-1.5432379529148823,-1.7259949727826427,-1.1429985388582313,1.068884755997097,0.9296433682238447
-0.7624988714413389,0.44981086789127767,0.02464877898026189,-2.556565015298954,-1.5300199221060542,-2.4946625606834933,1.4421273403656136,-1.543237987567582,-1.7259949536590227,-1.1429985227118835,1.0688847233920133,0.9296434207206541
-0.7615341780449321,0.4487438865631928,0.02234149714353908,-2.5564340253335454,-1.5331071686329956,-2.496231368028304,1.442127372750516,-1.5432380193311523,-1.7259949353600568,-1.1429985148916075,1.0688847273600914,0.9296434245182617
-0.7605443825898134,0.44765417845562416,0.01998120372441728,-2.5563107725947334,-1.5362441015717603,-2.49783074835407,1.4421273493890872,-1.543238030359326,-1.725994935817584,-1.142998487943844,1.0688847574093319,0.9296433855135333
-0.7595608935426512,0.4465786891443875,0.01764758186116999,-2.5562026076383053,-1.5393184878485195,-2.4994048704756158,1.4421273330800226,-1.5432379969095351,-1.725994946063842,-1.1429984424023734,1.06888477081363,0.9296433597482718
-0.7585725423113996,0.4455058789890475,0.015316622603653041,-2.5561083035614907,-1.5423622932050205,-2.500969156121604,1.4421273669016845,-1.5432379413035358,-1.725994975855118,-1.14299840442051,1.0688847440708873,0.9296433770662313
-0.7575681348556386,0.4444237559445944,0.012962859378711403,-2.5560268161249047,-1.545409331298293,-2.5025410093757525,1.442127384279745,-1.543237871923243,-1.7259949504560894,-1.1429984293412312,1.0688847200112637,0.9296433983054703
-0.7565421111744277,0.44332654122007276,0.010573353987526781,-2.55595712867814,-1.5484766919423028,-2.504129672376178,1.4421273987012728,-1.5432378699340024,-1.7259949323826596,-1.1429984655308403,1.0688847217537933,0.9296434439739084
-0.755505204379612,0.44222666471611616,0.008175276373885902,-2.5559019468814186,-1.5515264861924973,-2.5057173087820077,1.4421274384140979,-1.5432378723193918,-1.7259949341905467,-1.142998508695676,1.0688847447250576,0.9296435078245281
-0.7544554473253252,0.4411192690146673,0.00575882079167166,-2.5558596203370634,-1.554576788398803,-2.5073127121380674,1.442127472819426,-1.5432378551943562,-1.7259949581378802,-1.1429985511514693,1.0688847758645563,0.929643483876939
-0.7533921060836871,0.44000312821537835,0.003321449088957645,-2.5558340446763324,-1.5576283785528187,-2.508918053399697,1.4421275051938554,-1.5432378493556442,-1.7259949716612897,-1.142998578996793,1.0688847961438348,0.9296434266853995
-0.752320634352615,0.438883675989956,0.00087580136700355,-2.555827251165939,-1.5606658947569796,-2.51052565519815,1.4421275201249688,-1.5432378491641696,-1.725994971705294,-1.1429985960859597,1.068884833546377,0.9296434125212792
-0.7512464109962466,0.43776681512157156,-0.0015646512329141556,-2.555842214086522,-1.563671099139522,-2.51212686098206,1.442127511325707,-1.5432378454008906,-1.7259949707064624,-1.1429986006825057,1.0688849127260123,0.9296434510587257
-0.7501405188600141,0.43662296856863725,-0.004064616288808083,-2.555888089800722,-1.5667145719485576,-2.513763379158628,1.4421275095990291,-1.5432378485281995,-1.7259949904481349,-1.1429986007935136,1.0688849504553886,0.9296435005067799
-0.7489976273382299,0.43544585479835474,-0.006637095624829023,-2.5559703147329467,-1.5698082408300928,-2.5154448041637854,1.4421275139902043,-1.5432378784824032,-1.7259950386950382,-1.1429986272889576,1.068884959419937,0.9296435272936299
-0.7478431881975737,0.43426087988358963,-0.009224483568177549,-2.5560878326562855,-1.5728845421206379,-2.5171362132377952,1.442127516416657,-1.5432378986215,-1.725995079809151,-1.142998667388058,1.0688849256554942,0.929643523680717
-0.7467034196801345,0.43309435321880335,-0.01176833667021841,-2.5562370732481265,-1.5758755858838318,-2.518800186558928,1.4421274976781802,-1.5432379110262258,-1.7259950885168998,-1.14299869029087,1.0688849280010548,0.9296435414385721
-0.7455544515253429,0.43192229127555626,-0.014319341589560091,-2.5564281961498674,-1.578835112309163,-2.520470486657899,1.442127491807241,-1.543237892762277,-1.72599505248105,-1.1429986947598967,1.068884971882445,0.9296434575909188
-0.7444178188397501,0.4307665251516344,-0.016828262230068995,-2.5566580902759575,-1.5817075368734073,-2.5221150401556636,1.4421275129599274,-1.543237891628367,-1.725994974482208,-1.1429987053477313,1.068884862496256,0.9296434054639124
-0.7432523491511797,0.42958503193501973,-0.019381324595784,-2.556937871196059,-1.5845919889575562,-2.5237930197687355,1.442127535741519,-1.5432379020783578,-1.7259949064656372,-1.1429987339375907,1.0688847270793573,0.9296434257077285
-0.7420798530849758,0.4283994733470182,-0.021930988401101033,-2.557259581632907,-1.5874373138498608,-2.525473363341819,1.442127534525881,-1.5432378935270723,-1.725994883097247,-1.142998782173975,1.0688846233780025,0.929643449383741
-0.7408860701819737,0.42719493701888445,-0.024506528271225837,-2.557625549671609,-1.5902750486401263,-2.527175338929588,1.4421275331957173,-1.5432378721854882,-1.725994883152541,-1.142998812586035,1.068884483096206,0.9296434559836394
-0.7396613262638091,0.4259611346933904,-0.027128545934539876,-2.558036573392188,-1.5931279939512404,-2.5289124183221636,1.442127524370902,-1.5432378438550916,-1.7259948841867332,-1.1429988161513154,1.0688842823544324,0.9296434289411017
-0.7384135186784766,0.4247059051303526,-0.029771857241464507,-2.5585002269907107,-1.5959602644222024,-2.5306700760296477,1.4421275008286218,-1.5432378390405304,-1.7259948644294003,-1.1429988157225288,1.068884146759744,0.9296434135724418
-0.7371621842043067,0.4234484222084761,-0.03239057399326263,-2.5590119629703123,-1.598724338999006,-2.5324188570047776,1.4421274813136005,-1.5432378357052767,-1.7259948167279784,-1.1429988158253859,1.0688841412463053,0.9296433227683852
-0.7359237112036194,0.4222048017283595,-0.034955470611122155,-2.559555517813139,-1.6013983460648042,-2.5341370293148686,1.4421274870213305,-1.5432378322730747,-1.725994773294773,-1.1429988158505366,1.0688843001961355,0.9296433018588528
-0.7346456770600931,0.4209220174131362,-0.037574070232603084,-2.560150688644244,-1.604094111192476,-2.535894921221185,1.4421275389441668,-1.543237809878787,-1.7259947905306958,-1.1429988156461761,1.0688843305424212,0.9296433079849556
-0.7333837703414151,0.41965569384656193,-0.040132275728776805,-2.5607705199370026,-1.6066956595709514,-2.537615887587043,1.4421275457370963,-1.5432377885563615,-1.7259948339572215,-1.142998816440284,1.0688842833860175,0.9296432884590876
-0.7321388047448221,0.4184060362289178,-0.0426342413946837,-2.561407598394943,-1.609214158790073,-2.5393020734953256,1.442127507512835,-1.5432377919266493,-1.725994893378428,-1.1429988059591227,1.0688843673580368,0.929643321427692
-0.7309166057241758,0.41717868380014506,-0.045064649303811086,-2.5620609365311973,-1.6116327952803928,-2.540943070919624,1.4421274529169807,-1.5432378048570707,-1.7259949279986473,-1.142998777502413,1.0688845125395983,0.9296433731669659
-0.7296313516600323,0.4158872161927219,-0.0475867438993192,-2.562782639191115,-1.6141071690788789,-2.5426493100185694,1.442127411718841,-1.5432378498685588,-1.7259949378184232,-1.1429987293093116,1.0688847317790071,0.92964348895918
-0.7282707990274817,0.41451858048868784,-0.05022101042113404,-2.5635834268710163,-1.6166544834205527,-2.544434440570398,1.4421273831367447,-1.543237896988051,-1.725994937718624,-1.142998698692978,1.068885020758612,0.9296435544238347
-0.7268758738691473,0.4131131235448623,-0.052889262398610935,-2.5644385743416125,-1.6192013051511815,-2.546245882620871,1.4421273926908378,-1.5432378954569124,-1.7259949376980384,-1.14299869502032,1.068885245049329,0.9296435088035322
-0.725491085831206,0.41171533614705347,-0.05550331109967534,-2.565321224871737,-1.6216651558797721,-2.5480242760267884,1.4421274574849723,-1.5432378567852398,-1.7259949378808834,-1.1429986954703062,1.068885374191327,0.9296434811225787
-0.7240852199143183,0.4102924684478089,-0.058121340933859234,-2.5662491437565196,-1.624101230640477,-2.549808769672749,1.442127482413014,-1.5432378294462459,-1.7259949371685508,-1.1429986953476756,1.0688852737417207,0.9296435750542574
-0.7226503079448549,0.40883666381376127,-0.060764773450563435,-2.5672220186793497,-1.6265337971265335,-2.5516133029702748,1.4421274363417407,-1.543237867220465,-1.7259949398404686,-1.1429986953798486,1.068884961535947,0.9296436113842705
-0.721186321710242,0.40734666369445155,-0.06342732759836316,-2.5682484878842766,-1.6289510981172786,-2.5534347367926853,1.4421274304542009,-1.5432379011604087,-1.7259949124015748,-1.1429986953742446,1.06888481346026,0.9296435923877002
-0.719689518477596,0.40581934457316676,-0.0661204035748449,-2.56932596674793,-1.6313698262415461,-2.5552808377898932,1.4421274364344439,-1.543237922379809,-1.7259948841296069,-1.1429986953643265,1.068884808265218,0.9296436177857768
-0.7181344882697889,0.4042287566411809,-0.06888666561000822,-2.57047302346258,-1.6338294261575317,-2.557181854107225,1.4421274472173853,-1.5432379190059575,-1.725994874642634,-1.1429986954097884,1.0688848629999121,0.9296435112149337
-0.7165319666393021,0.40258459654336515,-0.07170541434091203,-2.5716845444421943,-1.6363081711594247,-2.5591234549069286,1.4421274503867754,-1.5432379060919135,-1.725994912572536,-1.1429986952369187,1.0688848492930476,0.9296435020521194
-0.7149293134036498,0.4009319529089824,-0.07448210711816534,-2.5729380988168686,-1.6387103974145891,-2.5610422064995815,1.4421274790387753,-1.5432378612092892,-1.7259949373782077,-1.1429986661340183,1.0688846856195506,0.9296434695562557
-0.7133730863768126,0.39931788748596925,-0.077136961825184,-2.5741964716420367,-1.6409694392671597,-2.5628838071528186,1.442127501279331,-1.5432378138891072,-1.7259949370073209,-1.142998588707647,1.0688844448794466,0.9296434212302378
-0.711831879513473,0.3977108148994647,-0.07972970345971844,-2.575478306587796,-1.6431434637396947,-2.5646889290605963,1.4421274646304896,-1.5432378158228355,-1.7259949370895094,-1.1429985893496049,1.0688844562478923,0.9296434168178219
-0.710277715176417,0.39608087895913446,-0.08230916890212732,-2.5768048336938003,-1.645274872059599,-2.5664924905587156,1.4421274551661034,-1.5432378486727407,-1.7259949371329437,-1.142998589176387,1.0688845402385236,0.9296434368433228
-0.7087348703872737,0.39445343307721636,-0.08483443711776842,-2.5781574293201133,-1.6473279272466734,-2.5682662495545143,1.4421274769525902,-1.543237798373969,-1.7259949368761909,-1.1429985892253725,1.0688846765822972,0.9296434500878874
-0.7071293081153107,0.3927492220695126,-0.08742275158617288,-2.579606457489425,-1.64939414125613,-2.5700924793084186,1.4421275024806184,-1.5432377431988784,-1.7259949442397935,-1.142998589203136,1.0688848433066238,0.9296433818492483
-0.7055378198126023,0.3910500614476581,-0.08994978017284824,-2.581081016194269,-1.651378353008266,-2.571884803721633,1.44212746391971,-1.5432377285650998,-1.725994980820549,-1.1429985892430747,1.0688849188289822,0.9296434568479359
-0.7039329938062722,0.3893273486947863,-0.09245943405559856,-2.582604212949719,-1.6533176509643575,-2.5736752888564647,1.442127395685257,-1.5432377295102906,-1.7259949976887925,-1.1429985891048373,1.068884765069792,0.9296434732854527
-0.7022804508030627,0.38754117364965823,-0.09499924874729723,-2.584216004639645,-1.6552415463592247,-2.575499624179709,1.4421273499664842,-1.5432377291572708,-1.7259950082191673,-1.1429985747372278,1.0688847694314585,0.9296435459337756
-0.7005813192830725,0.38569049480406453,-0.09756480939080504,-2.5859180316267354,-1.6571433335265986,-2.5773542299734626,1.4421273854379708,-1.5432377568621505,-1.725995007069428,-1.1429985059891772,1.0688847769102707,0.9296435245273361
-0.6988879477957836,0.3838327393447526,-0.10007592121228326,-2.5876568878498567,-1.6589652693974006,-2.5791822586464432,1.442127369898151,-1.5432377553500263,-1.7259950266029211,-1.1429985358723593,1.0688848802022715,0.9296435060468685
-0.6971806568552419,0.3819491713225143,-0.10256526394667667,-2.589447550201112,-1.6607369646526327,-2.5810076297843416,1.4421273670895525,-1.543237761089206,-1.7259950580016317,-1.1429986076850764,1.0688850154438372,0.9296436049036336
-0.695423239211485,0.3800004462679729,-0.1050788501778274,-2.5913319768256544,-1.6624879480521764,-2.582866105486309,1.4421274171092957,-1.5432377912171051,-1.7259950719993806,-1.14299857525225,1.0688849674142653,0.9296436101908008
-0.6936626968981188,0.3780406692273304,-0.10755600435946684,-2.5932556691482143,-1.664180122488189,-2.584710282219313,1.4421273987999925,-1.5432377881882442,-1.7259950753853643,-1.14299852420123,1.0688847015252751,0.9296436672184436
-0.691851503473557,0.3760154863209227,-0.11005464507282234,-2.5952772208050234,-1.6658460747325858,-2.5865854301554143,1.4421273588836383,-1.543237817392452,-1.7259951099521142,-1.142998507682146,1.0688845695578915,0.9296436820547413
-0.6901038117403104,0.3740517731821501,-0.1124182609864179,-2.597265738530253,-1.6673854267549715,-2.5883754448528675,1.4421273860330117,-1.543237799088583,-1.7259951102928468,-1.142998463256328,1.0688845061901309,0.9296437256157949
-0.6883167181475671,0.3720331150351199,-0.1147844349030472,-2.5993370792208297,-1.6688894559251621,-2.5901845322757047,1.442127458924235,-1.5432378049307207,-1.7259951069682011,-1.1429984543739704,1.0688844696235795,0.9296437224137275
-0.6864843563008682,0.3699528745705263,-0.11716113505317613,-2.6014979880355242,-1.670363528745741,-2.5920184034358345,1.442127501581499,-1.5432377994393434,-1.7259950893148914,-1.1429984143212069,1.0688846193084136,0.9296437650605816
-0.6846303806985116,0.3678376709664869,-0.11950750446011045,-2.60372578082945,-1.671777536178638,-2.5938495704159625,1.4421275078844313,-1.543237758078575,-1.7259950777689852,-1.1429984220611114,1.06888456652521,0.9296437871713372
-0.6827496193157331,0.3656843214345006,-0.12182648903240449,-2.6060257992708484,-1.673132017664497,-2.5956827834821636,1.4421275064174517,-1.5432376639123393,-1.7259950401828938,-1.142998493208479,1.0688845332763264,0.9296438230182501
-0.680904005523162,0.36356617371056543,-0.12405541975318857,-2.608311999783164,-1.6744024170354792,-2.5974626865389703,1.4421275547107206,-1.5432376192349873,-1.7259949962420886,-1.1429984898352088,1.0688844921048382,0.9296438571401913
-0.6790214303996708,0.3613993997573338,-0.12627592056549003,-2.610675103817886,-1.6756336179984495,-2.5992556674816965,1.4421275839655232,-1.5432375884712972,-1.725994965212727,-1.1429985037554373,1.068884445760517,0.929643782523082
-0.6770310868632492,0.3590990168944329,-0.1285506501799084,-2.61321386828402,-1.6768485518964542,-2.6011216034119355,1.4421275649702685,-1.5432375604465924,-1.7259949509894887,-1.1429985826387792,1.0688842919319002,0.9296438605329378
-0.675034313274195,0.35678484090604357,-0.13078227679378726,-2.615788068288078,-1.6780064452259196,-2.602973207948767,1.442127532634939,-1.5432375580971431,-1.7259949474718077,-1.1429986289472902,1.0688842688319804,0.9296438517978075
-0.6730095802763386,0.35443167444418167,-0.13298065458743896,-2.618430027836163,-1.6791063877459547,-2.6048248601321475,1.4421275707755576,-1.5432375249863246,-1.7259949133003396,-1.1429986473509401,1.0688843670785526,0.9296438503462003
-0.6708716396246057,0.3519422532918154,-0.13524148946530135,-2.6212478345452843,-1.680200173185882,-2.6067549409252533,1.442127579705879,-1.5432375072537992,-1.7259949052649293,-1.1429986912321959,1.0688845107080076,0.929643828384914
-0.6687165774113283,0.34942788842917444,-0.13745936121253272,-2.62411576235015,-1.6812346044207451,-2.60867580840602,1.442127523327386,-1.5432374235153337,-1.7259948738203335,-1.1429986997532713,1.0688845841402193,0.9296436805856733
-0.6665196602188197,0.3468581271009299,-0.13964693071876258,-2.62707003125328,-1.6822078542008931,-2.6106040995092354,1.4421275279726053,-1.5432374288671928,-1.7259948677590202,-1.1429987405351176,1.0688846455445349,0.9296435974241015
-0.6642864337619612,0.3442389225364122,-0.1417940839056408,-2.6301037063126413,-1.6831148632256816,-2.612533417356762,1.442127564272858,-1.543237503281782,-1.7259948150386837,-1.1429987444128038,1.068884683795302,0.9296435385396613
-0.6620778140718595,0.3416414893942051,-0.1438490385329721,-2.633132308859977,-1.6839417855810122,-2.6144142430799326,1.4421275764629213,-1.5432375835931755,-1.725994804498957,-1.142998692584376,1.0688846978233864,0.9296435171927028
-0.6597966835520193,0.33895017024593466,-0.14591645742190804,-2.636286549911822,-1.684734923157269,-2.616336597524616,1.4421275260903728,-1.543237630436145,-1.7259948458426522,-1.142998710259886,1.0688847444502758,0.9296434577378697
-0.6575216253792687,0.33625545390523853,-0.14791694323634944,-2.6394630252860645,-1.6854561944149755,-2.6182316335270763,1.4421275039472392,-1.543237654104971,-1.7259948438316979,-1.1429986943311352,1.0688847291434946,0.9296433816273604
-0.6553441937471375,0.33366399446044565,-0.14975516782216966,-2.642541095429192,-1.686062343325208,-2.620016946210128,1.4421274641584496,-1.5432376556603304,-1.725994845270506,-1.1429986588085732,1.068884761289688,0.929643371697841
-0.6529418490243761,0.3307913227598078,-0.1517107528081061,-2.6459755731895056,-1.6866542846884696,-2.6219614772884676,1.4421274622026907,-1.5432376998158213,-1.7259948833206706,-1.1429986607626967,1.0688847673709343,0.9296433334229945
-0.6505400167966242,0.32790512008287565,-0.15359397654444623,-2.6494465589261593,-1.687170942115814,-2.6238813372352254,1.4421274445105492,-1.543237787054096,-1.7259948850521543,-1.1429986602550752,1.0688846393207792,0.9296433304857128
-0.6481388625483142,0.3250028017791799,-0.1554026708264056,-2.652955256764412,-1.6876090880070271,-2.625776602472939,1.4421274608093024,-1.543237854332339,-1.725994885705631,-1.1429986603297566,1.0688845156378104,0.9296433528683542
-0.6457334943626447,0.32208019170932045,-0.15715102170574607,-2.6565043344065877,-1.687979782202553,-2.627654297137707,1.4421274983322239,-1.5432379339802114,-1.7259948838432315,-1.1429986222215933,1.0688845767949082,0.9296434432562816
-0.6432452918262214,0.3190369632913395,-0.15888188856138105,-2.6602208509192997,-1.688281187428899,-2.6295720225628503,1.4421275055320528,-1.5432379670008065,-1.7259949290959835,-1.1429986213033998,1.0688845652957997,0.9296434858267079
-0.6409105295513781,0.3161681054714978,-0.16045660280666424,-2.663738767821827,-1.6885105504613929,-2.6313561374729746,1.4421275268254632,-1.5432379681232808,-1.7259950198866492,-1.1429986254549136,1.0688846106292558,0.9296435124960369
-0.638444558871589,0.31311796416164583,-0.16204631328802827,-2.667495437671522,-1.688676259076907,-2.6332180641288665,1.44212748157979,-1.543237991935182,-1.7259950301557403,-1.1429986620878578,1.068884417011567,0.9296434764920768
-0.6360176769835966,0.31010359191996323,-0.16355710732627426,-2.671218521312185,-1.6887864899827902,-2.6350330057973252,1.4421275188245057,-1.5432379984803029,-1.72599498876789,-1.142998605797779,1.0688842287501568,0.9296434328740698
-0.6335719022310335,0.30705466890205013,-0.16502353274037698,-2.6749944501214986,-1.6888439691430577,-2.6368432939095703,1.4421274896409133,-1.5432380042914449,-1.7259949907356897,-1.142998618644097,1.0688841936909173,0.9296435294829986
-0.6310161610987673,0.3038560366993065,-0.16647918606150502,-2.6789687697534124,-1.6888291654190184,-2.638710291560595,1.4421275188475984,-1.5432380593081558,-1.7259949896166684,-1.142998593948874,1.0688843399536618,0.9296434973332358
-0.6284889388205002,0.3006703951047678,-0.16780350861181687,-2.6829437145846216,-1.6887029943525804,-2.640519569728931,1.4421274882415165,-1.5432379851671958,-1.7259949534644907,-1.1429985562771068,1.0688844012413303,0.9296434487826121
-0.6259776660608287,0.29749268982841465,-0.1690572714644308,-2.6869145846208284,-1.688519561786319,-2.642296654144512,1.4421274860043596,-1.5432379723971805,-1.7259949869569866,-1.1429985557011628,1.0688843742108571,0.929643348043969
-0.6234235604107295,0.29424877550784634,-0.1702544314640262,-2.6909771056160583,-1.6882631858847792,-2.6440781511727147,1.4421274643890123,-1.5432380183037087,-1.7259949946823638,-1.142998507837206,1.0688843680249154,0.9296433560425141
-0.6208214842608581,0.2909367882564878,-0.1714080313514279,-2.6951326092652836,-1.6879442154371158,-2.645870937188866,1.4421274090899319,-1.5432380399357566,-1.7259950018094847,-1.1429985481201346,1.0688841456292348,0.9296432642934576
-0.618310177481507,0.2877316559055766,-0.1724417065428227,-2.6991614420678482,-1.6875645437140725,-2.6475735881962263,1.4421273974767126,-1.5432379789310438,-1.7259949949965658,-1.1429985483291438,1.0688840873835055,0.9296432089670947
-0.6155180828392707,0.28416623386429574,-0.17351935553908643,-2.703649299650243,-1.6870825601356123,-2.649440062359622,1.442127454651594,-1.5432379396857194,-1.7259949559981862,-1.142998542334995,1.0688839923812452,0.929643247462135
-0.6127954404651856,0.2806867290777377,-0.17448320357899333,-2.7080378755949033,-1.6865398492577763,-2.6512289992841938,1.4421274970979632,-1.5432378723733684,-1.7259949562240664,-1.1429985084183145,1.0688841316527937,0.929643283581395
-0.6098908204647966,0.27697517528067894,-0.17543368094381082,-2.7127248025960737,-1.6859011320700852,-2.6531106489655514,1.4421274545397598,-1.5432377889808464,-1.7259949561742345,-1.1429985521788193,1.0688842021513463,0.9296433661783864
-0.6069235509608599,0.2731830314344453,-0.17633185278680508,-2.7175179703825423,-1.6851924187934233,-2.6550080132723783,1.4421274677139184,-1.543237765172434,-1.7259949521677158,-1.1429985347679223,1.0688842232440943,0.9296433821520254
-0.6039659210682531,0.26940204913556226,-0.17713995242227354,-2.7223029937281646,-1.6844218129588708,-2.6568697985027065,1.442127443704399,-1.5432377304924665,-1.7259949229018456,-1.142998501015753,1.0688841353763523,0.9296433495365998
-0.6010476482672101,0.265671566075695,-0.1778433208754872,-2.727031455619714,-1.683593674622139,-2.6586759564146987,1.4421274922239014,-1.543237759323197,-1.7259949148408005,-1.142998587122682,1.068884174785277,0.929643436201253
-0.5979858653250372,0.2617587080623117,-0.178501863156401,-2.731997044171416,-1.6826689876633651,-2.660548195486876,1.4421274931623764,-1.543237723556927,-1.7259948811767132,-1.1429985450171913,1.0688842708377813,0.9296434869758261
-0.5949065477547851,0.2578265523940496,-0.1790827529452807,-2.736993874181012,-1.6816811874590516,-2.662408170978748,1.4421275042621091,-1.5432376680433695,-1.7259948800387108,-1.1429985702890544,1.0688843269652764,0.929643595831684
-0.5917382743437646,0.25378482787118734,-0.17959731809040305,-2.7421360122242993,-1.6806096559860193,-2.664300363065215,1.4421275118605972,-1.5432376485553423,-1.7259949107740482,-1.1429985651311372,1.0688845021926623,0.9296437189044054
-0.5884304483083087,0.24957014141821093,-0.1800535490283903,-2.747504013728304,-1.6794413663566463,-2.6662560400935846,1.4421274926728995,-1.5432376728341837,-1.7259948861136565,-1.1429984853785637,1.0688843980494316,0.9296437952262524
-0.5849735295834048,0.24517302042890635,-0.18041463970746333,-2.7531132881821416,-1.6781498412435425,-2.6682733976965443,1.4421274203382934,-1.5432377056864677,-1.7259948869574004,-1.142998491243774,1.0688842847730835,0.9296437265756861
-0.5816587601888417,0.2409578686042666,-0.18071023862434415,-2.7584930575210995,-1.6768791892389618,-2.670196853028222,1.4421274207997976,-1.5432377660077967,-1.7259948911611371,-1.142998538025226,1.0688843051619723,0.929643693034086
-0.5783705096688662,0.23678066009312113,-0.18092582214811098,-2.7638330043492507,-1.6755728288534701,-2.672089790333784,1.4421274218822546,-1.543237851084545,-1.7259949199705258,-1.1429985304161483,1.0688843493514006,0.9296436031545392
-0.5749880764661259,0.23249198422378706,-0.1810727867328817,-2.7693261240102456,-1.674188129513364,-2.6740231418864244,1.4421274110363635,-1.5432378889690146,-1.72599493043248,-1.1429985035425356,1.0688842684607214,0.9296435422456302
-0.5715274559828518,0.22811352679969726,-0.18114776500788268,-2.7749416906290025,-1.672729553042058,-2.6759875068687977,1.4421274776491146,-1.5432378444085073,-1.7259949953203464,-1.1429984942942575,1.068884225763314,0.9296435793644428
-0.5680249333789759,0.2236921147348704,-0.18114929605719637,-2.780620476176096,-1.6712122515909589,-2.677962898539632,1.4421274761899592,-1.5432378497314596,-1.7259950085543583,-1.1429984325127454,1.0688842362281543,0.9296435713879507
-0.5645081429655443,0.21926455564792682,-0.1810752828913193,-2.786321274147615,-1.669648439491079,-2.6799345825729732,1.442127419955431,-1.5432378646161102,-1.7259950102004609,-1.1429984302626253,1.0688841710712662,0.9296436711293717
-0.5608280249429909,0.214641240890083,-0.1809153646936926,-2.7922908835365035,-1.6679695213508139,-2.681986212783708,1.4421273686607046,-1.5432378335083654,-1.7259950358594267,-1.1429984584050465,1.0688841780154554,0.9296435723459877
-0.5571430751829464,0.21002035196519314,-0.18068542561234566,-2.798272387603309,-1.6662520345574272,-2.6840309286896042,1.4421273602938025,-1.5432378060442529,-1.7259950336445136,-1.1429984601251897,1.0688842147767998,0.9296434749225346
-0.5535957733554989,0.20557938214291505,-0.18040500269302245,-2.804034018858845,-1.664567487625381,-2.6859923291973433,1.4421273677232724,-1.543237795087825,-1.7259950316722104,-1.1429985403390244,1.0688843151218037,0.9296434485187755
-0.5503164767109439,0.20148070301147705,-0.18007446608198904,-2.80936532184197,-1.6629732539475532,-2.6877984646401174,1.4421273839749815,-1.5432377920565057,-1.7259950314239323,-1.1429985393039463,1.0688844651419551,0.9296434702174785
-0.5467901502635936,0.1970769788813304,-0.17966931948027007,-2.815101848833684,-1.661234910342305,-2.68973524594863,1.4421273595350677,-1.543237757675816,-1.725995023851318,-1.1429985395306435,1.0688845145545973,0.9296435466588717
-0.542770950178548,0.1920687105858227,-0.17909289430940817,-2.821649096388769,-1.6592003919974843,-2.6919293460944465,1.4421273588216366,-1.5432377231146215,-1.7259950258473638,-1.1429985448027025,1.0688845192487992,0.9296436961029754
-0.5387209361526819,0.1870307538510366,-0.17843873130670515,-2.828249209825747,-1.6571167952343662,-2.694131018143935,1.4421273633359355,-1.5432377252707112,-1.7259950589421194,-1.1429985830863756,1.0688845193279937,0.9296438463998322
-0.5347546739766572,0.18210723740257023,-0.17773334779745403,-2.834712480874019,-1.6550496153512644,-2.696278060327244,1.44212731234169,-1.543237753856585,-1.7259950614623076,-1.1429986074679144,1.0688844991846964,0.9296439630966109
-0.5307277399492294,0.1771251993546028,-0.1769439421836252,-2.841264754808931,-1.6529256263980443,-2.6984455561999985,1.4421272917826933,-1.5432377526734622,-1.7259951264846727,-1.1429985776249865,1.0688844312488932,0.9296439467663292
-0.5266658896594796,0.17212098115104105,-0.17607768866095191,-2.847855815729105,-1.6507623571803662,-2.7006180842915812,1.442127344981774,-1.5432377624103588,-1.7259951664402142,-1.1429986192305817,1.0688844410957732,0.9296438693144603
-0.5227179617423213,0.16728453357167689,-0.17516459477977758,-2.854236578360612,-1.6486421207338957,-2.7027135854353967,1.4421273833508277,-1.543237742587267,-1.7259951721223703,-1.1429986140702773,1.0688844115204,0.9296438367984976
-0.5188206746613163,0.16253376233449396,-0.1742086963371902,-2.8605103090529562,-1.646538949255326,-2.7047691763255455,1.442127387233806,-1.543237738705289,-1.725995174530933,-1.142998615443426,1.0688843201638656,0.9296438854706854
-0.514630622535523,0.15746586009966793,-0.17312206156782764,-2.8672139103852614,-1.6442775337073676,-2.706964275312091,1.4421274136445086,-1.5432377501681513,-1.7259952077743115,-1.1429986151192577,1.0688842460542252,0.9296438228601568
-0.5102658296882433,0.1522242565177319,-0.17193974339956,-2.8741603495137062,-1.6419241895778935,-2.709238829494419,1.4421273984468073,-1.5432377330095577,-1.7259952427670981,-1.1429986150401614,1.068884219711481,0.9296438441258402
-0.5058606657002354,0.14697847895448207,-0.17069621629573906,-2.881130725284383,-1.6395568112543384,-2.711523760503237,1.4421273842974256,-1.5432377352786726,-1.7259952517032686,-1.1429986156830976,1.0688841745557618,0.9296437840359963
-0.5018205445058919,0.14223851057296924,-0.16947959885688638,-2.8874562337679572,-1.6374001350587661,-2.7136045258592794,1.4421274173519225,-1.5432377591860715,-1.725995219844465,-1.1429986110525179,1.0688842583467815,0.9296437234579958
-0.4977457045275135,0.13750798836792452,-0.16820642974705763,-2.8937941784418513,-1.6352423087380568,-2.71570154939898,1.4421273757662516,-1.543237744905725,-1.7259951803897349,-1.1429985137466674,1.0688843129946928,0.9296435638753453
-0.4935309529350812,0.1326610867658013,-0.16685634943514377,-2.9003178938252416,-1.6330324995177972,-2.7178762513445758,1.442127402721359,-1.543237789882583,-1.7259951418085273,-1.1429985380792036,1.0688842582593716,0.9296434233465606
-0.4892581644361191,0.12780621760083802,-0.16545144293819394,-2.9068953304680605,-1.630823609059926,-2.7200922614985408,1.4421273900278184,-1.5432377667980595,-1.7259950697560829,-1.14299858409573,1.0688842744393325,0.9296434094001201
-0.48492369754190284,0.12293776748927229,-0.16399638810262224,-2.913536268991149,-1.6286176688073124,-2.7223559342316843,1.4421273884849992,-1.5432377620976667,-1.7259950279118805,-1.1429985863388106,1.0688843943241764,0.9296434515368637
-0.4804753950074782,0.11799685625686782,-0.16248155854520607,-2.9203247883597157,-1.62639351700617,-2.7247015044865774,1.4421274043620356,-1.5432378124758408,-1.7259950274999079,-1.1429985863223329,1.0688844657801995,0.9296436214464172
-0.4758933811571441,0.112959791181458,-0.16090672787665367,-2.9272943432021714,-1.6241428866802554,-2.727141695240347,1.4421274214419628,-1.543237843069019,-1.7259950227849186,-1.1429985863385117,1.0688844182485475,0.9296436532914493
-0.4713520852518897,0.10803735544033499,-0.15933143761395108,-2.934177663652122,-1.621969396696183,-2.729596511107678,1.4421274018265937,-1.5432378455427682,-1.7259949924164648,-1.1429985862901773,1.0688843933571253,0.9296436579821383
-0.46671226120060183,0.10307910683880162,-0.15771208815302504,-2.9411891609060548,-1.6198088488907465,-2.7321443721044525,1.4421273392590095,-1.5432378385904557,-1.7259949584423118,-1.142998586467798,1.0688842636146614,0.9296436099637282
-0.4619882445058664,0.09809801007179786,-0.15605620900243924,-2.9483053347318147,-1.6176676814125472,-2.7347782769062414,1.4421273267276793,-1.5432378399648905,-1.7259950236301793,-1.142998585803897,1.068884277159617,0.9296435945838747
-0.4571791097703567,0.09310120131542683,-0.15436339160532925,-2.9555263565067693,-1.6155541517175191,-2.7375049838947163,1.4421272776379286,-1.543237865845804,-1.7259950264517099,-1.1429985904197673,1.06888432899759,0.9296435414079074
-0.4523093849763926,0.08811042332392767,-0.15264320812170656,-2.9628234632990704,-1.6134775395812326,-2.7403113066100655,1.4421272969828387,-1.543237839876528,-1.7259950266294115,-1.1429986735371283,1.0688845004410992,0.9296435862536188
-0.447414913917461,0.08315796124533682,-0.15090975917886076,-2.9701480932859132,-1.6114506417708114,-2.7431763325790413,1.4421272633674722,-1.5432377867353684,-1.7259950264692718,-1.1429986441781173,1.068884618474262,0.9296436185529389
-0.4424757567206551,0.07823303341369872,-0.1491575285498959,-2.9775277871470083,-1.6094723594918263,-2.7461178221974296,1.4421272769756757,-1.5432378087657586,-1.7259950269330513,-1.14299864529664,1.0688846961569478,0.9296436817733624
-0.4374952570479588,0.07333843628924032,-0.14738827265225635,-2.9849564225261065,-1.6075429964068788,-2.7491343273993234,1.442127279872406,-1.5432378104776767,-1.725995025232259,-1.1429986449962422,1.068884651878696,0.9296437128711489
-0.43244468038906003,0.06844897825230972,-0.14559071673290325,-2.9924779248835476,-1.6056537308555268,-2.7522433417773677,1.442127269336705,-1.543237810886247,-1.7259949891795459,-1.1429986044537377,1.068884617130029,0.929643585917843
-0.4273075754500681,0.06354876886239187,-0.1437568189330327,-3.00011769236303,-1.6037959687969672,-2.755450137956352,1.44212730194768,-1.5432378105732978,-1.7259949862200368,-1.142998601892789,1.0688846155925782,0.9296436157996192
-0.42210693230108215,0.05866632642542572,-0.14189160687955166,-3.0078331506804843,-1.601983342945341,-2.7587397368357274,1.442127286190974,-1.5432378113950298,-1.725994982658079,-1.1429986018967369,1.0688846186791332,0.92964366206464
-0.4168684909710181,0.05383612157003317,-0.14000378773961727,-3.015574191228771,-1.6002330087431182,-2.762095097799871,1.4421273320300356,-1.5432378036260979,-1.7259949819363718,-1.142998601902184,1.0688846391066515,0.9296436645154055
-0.4115706811947392,0.04903698449125492,-0.13808868640656613,-3.0233681851804795,-1.5985358664976217,-2.765523259151744,1.4421273691525431,-1.543237777338688,-1.7259949108762889,-1.1429986018763691,1.0688845059163636,0.929643701353203
-0.4063656392039242,0.04440094677577502,-0.13620397859744499,-3.030990122946163,-1.596935841493025,-2.7689205799745364,1.4421274364983414,-1.5432377479466637,-1.725994909562872,-1.1429986019751135,1.0688843386341937,0.9296437571393591
-0.40109325637289983,0.039796308430879355,-0.13429367993777067,-3.038657837912057,-1.5953938946420283,-2.7723875867587493,1.442127474228416,-1.5432377674808788,-1.72599490906617,-1.1429986161841896,1.0688841968885119,0.929643698163721
-0.39568820052260506,0.03516379232192729,-0.13233354361345145,-3.0464634653710534,-1.5938927682115804,-2.7759644561013417,1.4421274778133908,-1.5432377669150539,-1.7259949090076034,-1.1429986529663363,1.0688841862450462,0.9296436906769914
-0.3901949630701383,0.03054369344303142,-0.13033765012949827,-3.0543440464771807,-1.5924544585619853,-2.779621882484451,1.4421274668936936,-1.543237766989043,-1.7259949097435061,-1.1429986144508881,1.0688841158251836,0.9296436294457623
-0.38465224464615133,0.025965592957371823,-0.12832075884226926,-3.0622465034915543,-1.5910884502815477,-2.7833318255646917,1.4421275246570628,-1.5432377672628017,-1.72599494236248,-1.142998614749945,1.0688841113760752,0.9296435804226014
-0.37911970806399886,0.0214766000063115,-0.12630638265309782,-3.070080273854956,-1.5898107164350836,-2.787054764567731,1.4421275494757015,-1.5432377976449319,-1.7259949445421594,-1.1429986551455908,1.0688841517350283,0.9296436339175284
-0.3735894614350876,0.017064366852453973,-0.12429421143441019,-3.0778550512799345,-1.588617663967574,-2.790796024697864,1.4421275024287854,-1.5432377939959188,-1.7259949183335839,-1.1429986582968765,1.068884167905735,0.9296435439588091
-0.3679662107828632,0.012663730688360412,-0.12225336373043905,-3.0856973003601906,-1.5875019318309156,-2.794621147176028,1.4421275205255348,-1.5432377943060194,-1.7259948855362914,-1.1429987062215374,1.0688841705692158,0.929643552438054
-0.36231068074534745,0.008317842953768667,-0.12020618495999882,-3.0935245046498263,-1.5864757458216714,-2.798487585759143,1.4421275348472877,-1.5432378128306277,-1.7259948767681075,-1.1429987951052143,1.06888425919877,0.9296435829933791
-0.3566100082716163,0.0040128310297101715,-0.1181468389019967,-3.101358024078945,-1.5855363638441116,-2.80240513666871,1.4421275107167015,-1.5432378363911883,-1.7259948784464796,-1.142998805614345,1.0688844006048965,0.9296434633349865
-0.35076186128101733,-0.0003334543338344053,-0.11603845848839853,-3.109347697857152,-1.5846582759373304,-2.8064438094469013,1.44212746455089,-1.5432378420757653,-1.7259948800151719,-1.1429988029796563,1.0688843995088153,0.929643460511485
-0.344851794899062,-0.004648120223482547,-0.11391353661347961,-3.1173771190062127,-1.583867084148509,-2.8105493389571805,1.4421274595075066,-1.543237841629272,-1.7259949157690666,-1.1429987634626442,1.068884348015176,0.9296435171118944
-0.338946898214994,-0.008881983919321124,-0.1117967666872712,-3.1253546256115023,-1.5831750072129682,-2.8146746655771824,1.4421274699400644,-1.5432378419720725,-1.7259949142449416,-1.1429987512408077,1.0688843996240318,0.9296435394056187
-0.3330548558284655,-0.013027642332068008,-0.10969171294437693,-3.1332643483541225,-1.582585191583855,-2.8188150903716966,1.4421274705147122,-1.5432378410465957,-1.7259949137866102,-1.142998775402504,1.0688844293067448,0.9296435624542554
-0.3271292042558981,-0.017124710512886433,-0.1075804663708249,-3.1411726455631284,-1.5820868841825155,-2.8230035798977395,1.442127387617117,-1.5432378373534137,-1.7259948815468067,-1.142998736121345,1.068884382020578,0.9296435259232224
-0.3210906925942419,-0.02122735372651107,-0.10543461756465482,-3.1491877736629244,-1.581673619435977,-2.8272984778471764,1.4421272803458296,-1.5432377648199394,-1.725994877553853,-1.1429987373477626,1.0688842699910241,0.9296435238078005
-0.31495762890805634,-0.02532069618267052,-0.1032625462359903,-3.157284018828194,-1.5813451215329881,-2.83168448622604,1.442127268043086,-1.543237765276218,-1.7259948741155156,-1.1429987364556995,1.0688843977089568,0.929643479756065
-0.3088946860243567,-0.029288730397112127,-0.10112363236282833,-3.165241524683897,-1.5811188625366621,-2.836045497035591,1.4421272833772334,-1.5432377836201527,-1.7259948965956997,-1.1429986886941585,1.0688845845860218,0.9296434414599085
-0.3028466502195707,-0.033170038848602215,-0.09899940916951173,-3.173139654778083,-1.5809907200260944,-2.8404221134067997,1.4421272613215195,-1.54323779146104,-1.7259948538536438,-1.142998614285903,1.068884516022766,0.9296433892156003
-0.2967156942896695,-0.037023471191427224,-0.09685613769658445,-3.181109282032596,-1.5809642095116856,-2.844887828462744,1.4421272509149587,-1.543237768345906,-1.7259948546763417,-1.142998642580116,1.0688844569078237,0.9296434564593816
-0.2905977788769365,-0.040797719222535625,-0.0947253982335017,-3.189028573207854,-1.5810333401396406,-2.84936965230015,1.4421272877108415,-1.5432377690962276,-1.725994852383985,-1.1429986493408262,1.068884496603554,0.9296434630475909
-0.2845357670492616,-0.04446426573184914,-0.09262289619464034,-3.1968364783818806,-1.5812016092503394,-2.8538345907709664,1.4421273150234613,-1.5432377687904641,-1.725994816815461,-1.1429987369676875,1.068884522536536,0.9296434391582306
-0.2784286354242965,-0.048081995548029687,-0.09051618522922873,-3.204659780462792,-1.5814715419066796,-2.858356974480284,1.442127335111212,-1.5432377692619497,-1.7259948183703528,-1.1429987468623664,1.0688845224807342,0.9296433652486231
-0.27228646099970033,-0.05164284907319487,-0.08841110630246266,-3.2124814020790224,-1.5818416177942023,-2.862928423812467,1.4421273407616924,-1.543237768653101,-1.7259948236709826,-1.142998760578634,1.0688845112948464,0.9296432842360611
-0.2661355196236506,-0.0551299689067838,-0.08631802070642348,-3.2202656767353957,-1.582310130463497,-2.8675252517776313,1.4421273168043385,-1.5432378307699521,-1.7259948614805463,-1.142998765454941,1.0688844507495647,0.929643363920772
-0.25994446032104035,-0.05854971428551018,-0.08422809796612533,-3.2280470698368298,-1.5828938799931662,-2.8721675437369023,1.4421273846220237,-1.5432378643538063,-1.7259948694059026,-1.1429988045801678,1.068884500481855,0.9296433302795355
-0.2539071555150703,-0.061812902050988106,-0.08220351551021371,-3.2355962652803347,-1.5835556288439327,-2.8767056960425617,1.4421273616867105,-1.543237849877222,-1.725994906106802,-1.14299880386073,1.0688843572639661,0.9296434015470865
-0.2476611225675902,-0.06510523603386341,-0.08012488056948157,-3.2433614136140427,-1.584351309912688,-2.8814155547663773,1.4421273637993077,-1.543237808175334,-1.7259949530804992,-1.1429988040813641,1.068884209487343,0.9296434584645347
-0.24153252577472467,-0.06826679275401791,-0.07809824760675421,-3.25094200780741,-1.585221780437689,-2.886048519993986,1.4421273791295106,-1.5432377921507898,-1.7259950362387761,-1.1429987896840168,1.0688842557477105,0.9296435494464774
-0.2352523839726087,-0.07141054406238476,-0.07604117872054142,-3.2586538852396196,-1.586237669495231,-2.890806950348674,1.442127388933637,-1.5432378174142902,-1.7259950391614347,-1.1429987027293744,1.0688842261620333,0.9296436287167891
-0.2290201569775297,-0.07446041600287023,-0.07401370654998525,-3.2662656606794576,-1.5873387603329647,-2.8955357727116358,1.442127363138351,-1.5432378160526847,-1.7259950698927604,-1.1429986826051466,1.0688840971938762,0.9296436637141661
-0.222628501776145,-0.07750843232497359,-0.07194978993704579,-3.274023717082508,-1.5885780206923117,-2.9003936268582144,1.4421273173776892,-1.5432378165892957,-1.7259950656628036,-1.1429986344982008,1.068884168325047,0.9296437179368505
-0.21641606872921848,-0.08040407010583006,-0.06995732506634394,-3.281523543686906,-1.5898742599872882,-2.9051217881619325,1.4421273348184065,-1.5432378158067408,-1.725995066992659,-1.1429986368771474,1.0688841196178467,0.9296437434164624
-0.21022073383986767,-0.08321515773829577,-0.0679876905236674,-3.2889587682147647,-1.591274440645607,-2.9098400786692613,1.4421274216421363,-1.5432378174264372,-1.7259950608960275,-1.142998636586096,1.0688841660020902,0.9296438317796447
-0.20395908252337708,-0.08598397734111476,-0.06601486904210133,-3.296433727228917,-1.5927953845060085,-2.9146111198589866,1.4421274957209185,-1.5432377588526578,-1.7259950232651007,-1.1429986709025193,1.06888421896402,0.9296438372758018
-0.197500015951905,-0.08875229621224319,-0.0640023048826371,-3.304094939653214,-1.5944969680845222,-2.919536404788185,1.4421274855593222,-1.5432377671770126,-1.725995015428536,-1.1429986306924114,1.068884202966286,0.929643813338765
-0.19112783765574995,-0.09143850433554616,-0.062026260475352334,-3.3116242771591096,-1.5962467620227603,-2.924397873181135,1.4421275191218912,-1.5432377825517256,-1.7259949781772161,-1.1429986317369665,1.0688842383932182,0.9296438573761916
-0.18486866242654781,-0.09400028165363429,-0.06010013008914082,-3.3189721447339826,-1.598088930604108,-2.92917547224583,1.4421275416608859,-1.543237777612278,-1.7259949363573472,-1.142998631408755,1.06888432652217,0.9296438791446715
-0.1783070037794949,-0.09662664157307213,-0.05809023280469934,-3.3266352219477042,-1.6001244186737993,-2.934183170546227,1.4421275698268485,-1.543237776224244,-1.7259949109699044,-1.1429986314993834,1.068884292620357,0.9296438499897253
-0.17196577579904626,-0.09909522695261946,-0.05615896955186019,-3.3339921176391663,-1.602213447241482,-2.9390229375700887,1.442127583805337,-1.5432377768903163,-1.7259949318877055,-1.1429986793517948,1.0688841985644975,0.9296438178532028
-0.16550736957987372,-0.10155733287054573,-0.054200386730518565,-3.3414423466096728,-1.6044348438715947,-2.9439494441985614,1.442127586103279,-1.5432377396916699,-1.7259949119896725,-1.1429986954044213,1.0688841597082195,0.9296437189981435
-0.1593720263319514,-0.10384516296643284,-0.0523482837154414,-3.348477348475444,-1.6066365870273134,-2.948622910334735,1.4421276026267658,-1.543237687836974,-1.7259948990895055,-1.1429986952628757,1.0688840719367314,0.929643591421824
-0.1528149092903653,-0.1062339622416409,-0.050372611640940965,-3.3559427443764016,-1.609092838830378,-2.9536023920425856,1.4421275479473041,-1.5432376917354667,-1.7259948518537116,-1.1429986957854144,1.0688841000275748,0.9296436470975277
-0.14651249467958175,-0.10848775268796682,-0.048475765825829555,-3.3630780155144513,-1.6115300050015477,-2.958378314241014,1.4421274550403693,-1.543237690369682,-1.72599486416406,-1.1429986882307135,1.0688840633269234,0.9296436548319639
-0.13998087365962558,-0.11075663010697168,-0.04650980553121482,-3.370400025491615,-1.6141744133770355,-2.9633039833883736,1.4421274139028692,-1.5432376646721626,-1.725994889260118,-1.142998651327823,1.0688842054364984,0.9296436194553689
-0.13388862247904643,-0.11281768237881296,-0.04467492645883597,-3.377166055597513,-1.6167398979355725,-2.9678758860709538,1.4421274744183152,-1.5432376855900087,-1.7259949174334395,-1.1429986553571247,1.068884172178295,0.9296436711697055
-0.1274848772908495,-0.11493928176016296,-0.04274432431692911,-3.384221350265874,-1.619514450879615,-2.972652828901636,1.442127461668742,-1.543237659238477,-1.725994952305318,-1.1429987021279826,1.068884251437927,0.929643579887102
-0.12113234931756181,-0.11699194178197884,-0.04082592901168694,-3.3911489646821606,-1.622360894724639,-2.977356340339603,1.44212744354192,-1.543237687558126,-1.7259949524167897,-1.1429987452388528,1.0688841907696012,0.9296435149089983
-0.11485809011575872,-0.11896476171850026,-0.038924493117780366,-3.3979034053010677,-1.6252792424063576,-2.9819572552088625,1.4421274178151464,-1.5432377408436835,-1.7259949462183855,-1.1429987626308953,1.0688841679383425,0.9296434897722993
-0.10866698069797871,-0.12087185367003508,-0.037042659479709486,-3.4044967436269866,-1.6282403698537362,-2.9864579048015365,1.4421274180288417,-1.5432377403020858,-1.7259949256430283,-1.1429987622506281,1.0688842189036656,0.9296434269214755
-0.10263294162756473,-0.12269182133169494,-0.035203757870123545,-3.410846995212194,-1.6312090129880623,-2.990799094935256,1.4421273942362716,-1.5432377773040742,-1.7259949414441855,-1.1429987616563255,1.0688842651525567,0.9296434299126741
-0.09627142563217425,-0.12457812896946918,-0.03326176249614115,-3.417466782743863,-1.634414932483867,-2.995329228400184,1.4421273639240089,-1.543237830428159,-1.7259949670329013,-1.1429987699891229,1.0688842801228693,0.9296435537815677
-0.09040049043971675,-0.12627807876908176,-0.0314671816564656,-3.4234903994192387,-1.6374606267438065,-2.999459347841811,1.4421273769846155,-1.543237818252987,-1.7259950058337423,-1.142998804241938,1.0688842415635675,0.929643538335134
-0.0841715089469901,-0.12805584387941246,-0.029562868815582018,-3.429806787372396,-1.640758212606626,-3.003794617583888,1.4421274088256535,-1.5432377948899416,-1.7259949556681913,-1.1429988214707385,1.0688844284184669,0.9296435372539518
-0.07821996828610747,-0.12971592932567264,-0.027739155449785308,-3.435733262470927,-1.6440049915326782,-3.0078684544133125,1.4421274597519917,-1.5432378239295212,-1.725994958628411,-1.1429988558918098,1.068884550617472,0.9296435219991089
-0.07211023844155931,-0.1313995752711663,-0.02586217090135278,-3.441746442626664,-1.6473957544972582,-3.012005460715072,1.4421274318977932,-1.5432378017994604,-1.7259949529122207,-1.1429988396989945,1.0688845640680555,0.9296434299088603
-0.06620471096522809,-0.13300622563783895,-0.024040810932676737,-3.4474815068899445,-1.6507361281376791,-3.015956434338862,1.442127447010917,-1.5432378316017445,-1.72599497220198,-1.1429987530418129,1.0688844432356217,0.9296435385036554
-0.06021921443174929,-0.13461275227744343,-0.02218574672587128,-3.453213147996627,-1.6541854680986685,-3.019911570492203,1.4421274491695708,-1.543237801866296,-1.7259949830753172,-1.1429987606165999,1.068884434363208,0.9296436125200552
-0.05444692769708296,-0.13614283121188428,-0.020390949698667043,-3.4586738441737643,-1.6575612473798256,-3.0236837407819075,1.4421274480777737,-1.5432377168796,-1.725994965746332,-1.1429987929950722,1.0688845043121542,0.9296437468801901
-0.04861015529248554,-0.13767199153353255,-0.018567339286666602,-3.464138617105457,-1.6610157472011562,-3.027462914309819,1.4421274192399243,-1.543237714523784,-1.7259949129437757,-1.1429988143628769,1.0688846161646721,0.9296438620672411
-0.04246985570673584,-0.13926207823975398,-0.016633154954708677,-3.4698321179669294,-1.66468482178623,-3.031407107544473,1.4421274318476218,-1.5432377422222991,-1.7259948932073015,-1.1429988149005488,1.0688847587814871,0.9296438836390541
-0.03642670326229754,-0.14080582036750636,-0.014708233002512602,-3.4753759400239863,-1.668333339292769,-3.0352561199807377,1.4421273969992874,-1.5432377077205606,-1.725994883003521,-1.1429988068408368,1.0688847489755495,0.9296438163456813
-0.030422631618802643,-0.1423306366557604,-0.012778710925712127,-3.480862086720503,-1.6719726516236975,-3.0390686114288643,1.4421273841311881,-1.5432376889470212,-1.7259948908026015,-1.1429987721537125,1.0688847620430393,0.9296438720047909
-0.024423454465949908,-0.143838958473528,-0.010815654427703382,-3.486309835377633,-1.6756334115755416,-3.0428592603182816,1.4421273438002231,-1.543237717060392,-1.7259949284880765,-1.1429987620728512,1.0688846021811886,0.9296438550134631
-0.0185530310839735,-0.14530642859410955,-0.00886573450684593,-3.4916232412728014,-1.679229722838116,-3.0465601868587164,1.4421272969460672,-1.5432377414771066,-1.7259949060512434,-1.1429987645750797,1.068884371930034,0.9296438438022241
-0.012589247740672702,-0.1467897724507738,-0.006846760589720972,-3.497005116125602,-1.6828956158163968,-3.0503154351064525,1.4421272996300885,-1.5432377195517764,-1.7259949112149244,-1.1429988267944169,1.0688844120629826,0.9296438701777401
-0.006753062518359639,-0.14823664657295152,-0.00484657099021418,-3.5022617062135937,-1.6864870183033003,-3.0539889009751935,1.442127296343655,-1.543237713583147,-1.7259948662145572,-1.1429989168570098,1.0688844797397419,0.9296438137483107
-0.0008535530154352196,-0.14969228593860243,-0.002774667084221115,-3.5075624752565844,-1.6901199897364723,-3.05770268439293,1.4421272962952292,-1.543237714452724,-1.7259948510906704,-1.142998866212028,1.0688844801651416,0.9296437854856834
0.004954815785588174,-0.1511219439290127,-0.0007042707730009864,-3.5127771606147298,-1.6936977334129235,-3.0613612414928197,1.4421273158142935,-1.543237716416437,-1.725994880125309,-1.1429988164767344,1.0688844604189587,0.9296436535666242
