-0.6780476904426769,0.16571328688016582,0.5521113115338845,1.7261832313653749,1.4773750928184328,2.2910697256713326
-0.677410038791291,0.16543703888367203,0.5524270143490148,1.7262848870243577,1.4774254078900309,2.291008619811783
-0.6767776932737776,0.16516277542100521,0.5527398805269164,1.7263860293677424,1.4774758169880413,2.290948075088369
-0.6761252534966234,0.1648792967716178,0.5530627786066312,1.7264911748182201,1.477528414086457,2.290885579909614
-0.6754712319027132,0.16459443969251927,0.5533866233750686,1.7265978185461683,1.47758186790107,2.290822492717805
-0.6748269988064635,0.16431318372477327,0.5537057153266938,1.7267041988128846,1.4776354231941728,2.290759634822109
-0.6741700976918482,0.16402569729279343,0.5540308202547226,1.7268149390247882,1.4776913011890787,2.290694348282414
-0.6735017034855566,0.16373210492617912,0.5543611550257148,1.7269298085890477,1.4777495749294156,2.290626525414981
-0.6728509243855229,0.16344505041570523,0.5546826745425756,1.727043694326214,1.4778076151891564,2.2905588946263316
-0.6721993796673648,0.16315633200369,0.5550050189173532,1.7271600795904736,1.4778675387384184,2.2904888963950962
-0.671585613293029,0.16288331060184774,0.5553092595486515,1.7272714460062175,1.4779253614818058,2.290421144668854
-0.6709516396699261,0.1625992297911201,0.5556238628185144,1.727389647404055,1.477988062561136,2.2903471680191125
-0.6702824949538204,0.16229739870888088,0.555955787955398,1.7275175433317922,1.4780574017987367,2.2902646178187163
-0.6696336532234549,0.1620031197748259,0.5562772069403523,1.7276446239347774,1.4781279593811996,2.290180072299034
-0.6690011258824167,0.16171491318802617,0.556590086322457,1.7277713137481943,1.47819989026442,2.29009327729484
-0.6683881768867816,0.16143443643282301,0.5568929597678757,1.7278967343290859,1.4782726676487896,2.2900050731637265
-0.6677967170794579,0.1611618925346856,0.5571851817142163,1.7280214702529662,1.4783477344255762,2.2899136278070884
-0.6672172443882541,0.1608932182299979,0.5574712445277155,1.7281471951889713,1.4784256499456832,2.2898179281970568
-0.6666246705408788,0.16061697026047841,0.5577628916837591,1.728279009040777,1.4785093633891335,2.289714413719774
-0.6660099970061084,0.1603283957009894,0.5580637654428007,1.7284204472336513,1.4786019554715584,2.2895990166921565
-0.6653709468321132,0.16002732013758064,0.5583754001033412,1.728570490292975,1.4787016224104212,2.289474338060932
-0.6647522097118763,0.15973430378031583,0.5586755201496365,1.7287212321497023,1.4788038298820196,2.2893458071971833
-0.6641551218353481,0.15944981751496484,0.5589637961003768,1.7288729000953285,1.4789086705884464,2.2892136055301733
-0.6635713036529076,0.159170517232807,0.5592449690560231,1.7290250148413588,1.479014911523851,2.289079651635045
-0.6629909641613365,0.158891534367972,0.5595235614311013,1.7291807428612853,1.4791250941685306,2.2889411946623213
-0.6623836846862856,0.15859769430945653,0.5598137970655896,1.7293486063293853,1.4792458068278846,2.288790498804672
-0.6617413167306819,0.15828425773550067,0.560118662770978,1.7295323727611234,1.4793806134209895,2.288623762849155
-0.6610855801658596,0.15796224157568023,0.5604282520793368,1.7297246474043821,1.4795244524604183,2.2884479685990176
-0.6604176305881287,0.1576321238774952,0.5607424417460937,1.7299253202617173,1.4796775647710523,2.288263562928349
-0.6597575194015335,0.15730342054917365,0.5610518814320765,1.7301289654497403,1.4798359305501072,2.288075650099934
-0.6590974488235184,0.15697277045355212,0.5613606021406785,1.7303362091934382,1.479998999858464,2.287883717824133
-0.6584410344412406,0.1566414075446917,0.5616666243087675,1.7305461417626748,1.4801663067383235,2.2876881487612666
-0.6577859774963928,0.15630807592911444,0.5619709270808692,1.7307591982054098,1.4803383657204423,2.287488373931655
-0.6571115698837309,0.15596275728818979,0.5622835475806236,1.7309821685582758,1.4805195737558035,2.2872784857030575
-0.6564122464470116,0.15560210823047196,0.5626069555087148,1.7312186531884557,1.4807127055210743,2.2870553362605817
-0.6557329022549002,0.15524951324526426,0.5629205982682105,1.7314536339252746,1.4809053700256585,2.286833142759557
-0.6551018471601692,0.15491908389198147,0.5632116088920791,1.7316783932668165,1.4810902949421212,2.2866194107720865
-0.6544847281162292,0.1545931828866846,0.5634956527945724,1.731904337658443,1.4812766633169077,2.286402679191461
-0.6538753522846968,0.15426849297654138,0.5637751633878834,1.7321337131955885,1.4814669000720682,2.2861803225149275
-0.6532795088430212,0.15394810921367028,0.5640474178126371,1.7323642261128398,1.4816604726998848,2.285954335191012
-0.6526774306268823,0.15362227734923264,0.5643219878470189,1.7326022931451692,1.4818627682800436,2.285719428357047
-0.6520817033670312,0.15329791602056644,0.5645934349532905,1.7328429692753968,1.4820698661721012,2.2854809824495494
-0.6514968569857306,0.1529775966587184,0.5648595324053367,1.7330844640566834,1.4822799397647632,2.285240815960976
-0.6509116814661344,0.15265525800695554,0.5651250396914733,1.7333312767938682,1.4824962160314905,2.2849946442726567
-0.6503342569377267,0.15233474158352084,0.5653860380859185,1.7335808779877877,1.4827164574534053,2.2847446827939843
-0.6497463203481363,0.1520064356711785,0.5656507052732024,1.7338397590038883,1.482945457787793,2.2844852871833132
-0.6491504686184933,0.1516718494856133,0.5659175486358384,1.7341067288638208,1.4831824211410596,2.284217880994316
-0.6485471259211537,0.15133136190196028,0.5661861575490383,1.7343813801319334,1.4834273404802323,2.2839421870473364
-0.6479318533103923,0.15098203981440433,0.5664584400433575,1.7346660234216134,1.4836828225028398,2.283654766788453
-0.6473294968617084,0.1506385230514033,0.5667239578643317,1.734948251017706,1.483936347476258,2.283369034779663
-0.6467297740696861,0.1502947560623778,0.5669868474014343,1.7352330986457338,1.4841930946510495,2.2830797740464384
-0.6461190160256318,0.1499431417109798,0.5672528509893952,1.735526881146831,1.4844584136458496,2.2827808630574866
-0.645494574218189,0.14958192102525128,0.5675229605092996,1.7358319623303011,1.4847332579983705,2.282471215924695
-0.6448611045397985,0.1492133568424467,0.5677952995461322,1.7361463079790287,1.485016027036417,2.2821528617662823
-0.6442287386620426,0.148843006053437,0.5680657578062036,1.7364649641772094,1.4853029362064067,2.281830004297494
-0.6435970182342102,0.14847064035753818,0.5683347721071599,1.7367868672674809,1.4855942453067403,2.2815024457884183
-0.6429669720423415,0.1480969270197857,0.5686021508268579,1.737110291804731,1.485889373241342,2.281171022932449
-0.642349391728502,0.14772787592782147,0.5688635687264405,1.7374318572465703,1.4861844004795457,2.280840806584933
-0.6417588423712852,0.1473722148143106,0.5691127857399756,1.737745363127458,1.4864725073878997,2.2805196796155616
-0.6411634509040074,0.14701148440011197,0.5693633088983938,1.7380666665617226,1.486767540154154,2.2801914631858393
-0.6405541231523442,0.14663969320405904,0.5696188326971998,1.7384017696142504,1.487074325740457,2.2798501635807407
-0.6399297093746207,0.1462557904260315,0.5698798078921256,1.7387518683221426,1.4873939449093603,2.2794942635421753
-0.639304777172996,0.14586881812603375,0.5701403693710028,1.7391077947457994,1.487718621961494,2.279132095608017
-0.6386971952990507,0.14549023683812584,0.5703931590347235,1.7394577628299808,1.4880389379446304,2.2787743831605227
-0.6380955288614396,0.14511326359997562,0.5706427195168724,1.739807698079229,1.488361659427354,2.278413869006598
-0.6374939067201034,0.1447345708778877,0.5708914415811431,1.7401619552229441,1.4886899480442173,2.2780476331487276
-0.6368798062875002,0.1443464786279076,0.5711441210794672,1.7405301080485942,1.489031031079997,2.2776682377758553
-0.6362670274393554,0.1439581059827067,0.5713948129716963,1.7409028034669292,1.4893755112712865,2.2772854776098037
-0.6356328832729241,0.1435548595246018,0.5716522207948653,1.7412937854915491,1.4897351638889993,2.2768849743984467
-0.634995931184718,0.14314890766535293,0.5719090814526466,1.7416890007023156,1.490097708315653,2.276479899696108
-0.6343711135766936,0.14274987333101996,0.5721589435747056,1.7420778642707586,1.4904551035023919,2.2760802104188342
-0.6337582515923005,0.14235748133063264,0.5724014573423717,1.7424608494774625,1.490808226291795,2.275685149433874
-0.6331536027553866,0.14196969053064462,0.572638609867287,1.7428403574176052,1.491159363913948,2.275292642667437
-0.6325536254375648,0.1415839873896941,0.5728723864968772,1.7432201867934034,1.4915112036258822,2.2749005639421807
-0.6319324409821514,0.14118307875126967,0.5731122909430452,1.743619805903408,1.4918804099397094,2.274490745347615
-0.6313136135257673,0.1407824373754734,0.573349344258123,1.7440222522594133,1.4922509774723545,2.274078409844472
-0.6307279256848471,0.14040234364930002,0.5735721795445754,1.7444043756902379,1.4926022550124984,2.273685397395147
-0.6301732997665527,0.14004173570679276,0.5737825364700019,1.7447664939255492,1.492935351472811,2.2733116616701468
-0.6296162646932391,0.13967767585687846,0.5739930629405104,1.7451344536707563,1.4932744187318487,2.2729311819539
-0.6290009352768543,0.1392725116420373,0.5742251108097058,1.745550932960305,1.4936577544393452,2.2725022872045426
-0.6283871507510719,0.13886587798089564,0.5744564304651909,1.7459761417374224,1.4940476790566393,2.2720667717833734
-0.627796764873186,0.13847230384430093,0.5746791227310359,1.7463933504635807,1.4944297335122532,2.2716387918794396
-0.6271841425675969,0.13806096358232628,0.5749105962806522,1.7468342345797054,1.4948340159159943,2.271182580226572
-0.6265565722782336,0.13763752826750802,0.5751475010573455,1.747291065696117,1.495253109567079,2.270706323787711
-0.6259557453312287,0.13722963059426413,0.5753738165427617,1.7477355884612216,1.495660109816906,2.270241348799497
-0.6253652231793018,0.13682664588948992,0.5755957765729038,1.7481801704054156,1.4960666102446258,2.2697787210002582
-0.6247457286350291,0.1364023832721572,0.5758280004524234,1.748654063398191,1.4965002255122486,2.2692883985244334
-0.6240759761983588,0.13594282873298597,0.5760780394137195,1.7491704169954037,1.4969737424011151,2.268753739141471
-0.623434344954559,0.13550131307720276,0.5763163415266713,1.749669251173767,1.4974325229628929,2.268234235981912
-0.6228435261111368,0.13509321730337293,0.5765335592427135,1.7501340694337177,1.4978600699091906,2.267745819068005
-0.6222631887969756,0.13469208040658914,0.5767452729561213,1.7505931422092957,1.4982809653805729,2.2672627915213406
-0.6216778665819127,0.1342875987936638,0.5769569522420046,1.7510590693456283,1.4987068106624046,2.266775720294369
-0.6211026375390987,0.13389059058562094,0.5771615838121471,1.7515198180065255,1.4991287614395539,2.2662973829153303
-0.6204944952351248,0.13347195698194664,0.5773743701748085,1.7520072114483647,1.499576486671873,2.265792347201238
-0.6198794036539659,0.13304966401062596,0.5775869145013526,1.7524987298683452,1.5000285881536268,2.2652808783258465
-0.6192593444604096,0.13262516854016643,0.5777989410535325,1.7529931846313467,1.5004824595196307,2.264764078167361
-0.6186466923819128,0.13220690045802852,0.5780055198675386,1.7534814947302202,1.500929228142996,2.2642528414887977
-0.6180456023778866,0.1317974232226892,0.5782051769283271,1.7539609063270547,1.5013681307307498,2.2637520277399643
-0.6174357064142655,0.13138241575609477,0.578405761950439,1.7544490061065516,1.5018155612855304,2.263245000436438
-0.6168403812507035,0.1309777960176924,0.5785996740953472,1.7549266298189767,1.502255001666938,2.2627505616036983
-0.6162332413290055,0.13056540824314836,0.5787959130288352,1.7554144302708128,1.5027039247829665,2.262244229594661
-0.6155914786792218,0.13012969822975834,0.5790016663233013,1.755932803830241,1.503178689816579,2.261704408870955
-0.6149456126679584,0.12969110803197975,0.5792068878262346,1.7564582334439531,1.503659496896674,2.2611558686620583
-0.6143268720718752,0.12927064194209614,0.5794014961979522,1.7569648299078597,1.5041259048534603,2.2606261828827043
-0.6137165209367298,0.1288554299441371,0.5795926302069223,1.7574689597839481,1.5045904992881998,2.2601010615048467
-0.6130984644056504,0.12843440652306293,0.579785459810045,1.7579843066655525,1.5050644176445291,2.259566140632488
-0.6124828046557551,0.12801475526227982,0.5799767556582387,1.7585029225222317,1.5055397765664527,2.2590287610604554
-0.6118853807987688,0.12760731825287325,0.5801616573428751,1.7590109775280094,1.5060043078852197,2.2585012825049535
-0.6112946293370765,0.12720424038476957,0.5803436105302386,1.7595176733277746,1.5064682364791881,2.2579727735835635
-0.6106749275020782,0.12678152603314494,0.5805333349331765,1.7600544332206547,1.5069609886636457,2.2574115963858303
-0.6100513566051108,0.12635637264150662,0.5807230258759959,1.7605989515174005,1.5074621512211899,2.2568425741163547
-0.6094523745287308,0.12594829287194384,0.5809035066875612,1.7611261683136692,1.5079493785686662,2.256291766707256
-0.6088566075887583,0.1255429872509416,0.5810812984232142,1.7616548935542888,1.5084360670760648,2.2557401966087403
-0.6082676972995829,0.12514323411805411,0.5812553409688224,1.7621820887743014,1.5089176562275217,2.2551908191619714
-0.6076648485111231,0.12473507948644302,0.5814315123331019,1.7627233201880241,1.5094119442345517,2.2546259226151113
-0.607052478441896,0.12432187953805976,0.5816081153339712,1.763273321603749,1.5099154379294781,2.254050918402952
-0.6064321978363341,0.12390432007223633,0.5817851420811849,1.7638293056933936,1.5104258484697928,2.2534686544504616
-0.6057933057844023,0.12347504587858309,0.5819659821451469,1.7644019442287457,1.5109510420819816,2.2528694885383667
-0.6051403560554804,0.12303711543849857,0.5821489582140944,1.7649891074878972,1.5114880407467353,2.252256232063611
-0.6045002725956008,0.1226086533865152,0.5823258723978231,1.7655677355103072,1.512014245016144,2.2516538459772155
-0.6038492570916641,0.12217359168897586,0.5825038347931363,1.7661574394944541,1.5125484622414516,2.2510402288919478
-0.6031892754819154,0.12173312586598986,0.5826828991986274,1.7667547989569137,1.513090699211801,2.2504170857499193
-0.6025344732910226,0.1212968903052382,0.5828591799007048,1.767348244204405,1.5136310825473185,2.249797392609128
-0.6018754728766329,0.12085850102361276,0.5830353711953605,1.7679502390448605,1.5141785310351765,2.24917033582326
-0.6012066064994375,0.12041399231420324,0.5832126666385612,1.7685657289649277,1.5147367798051632,2.2485294420595037
-0.6005466285812903,0.11997545069652445,0.5833862929048662,1.7691749806712411,1.51528948877418,2.2478929376824426
-0.59988813897749,0.1195380890958431,0.5835585491042932,1.7697848620299346,1.5158439201512146,2.247254563893219
-0.5992306908099999,0.11910199726945965,0.5837295586840486,1.7703981790898236,1.5164019679156047,2.2466139598899555
-0.5985791501317597,0.11867056952550667,0.583897990541256,1.7710097746335118,1.5169576310253023,2.2459761420959916
-0.5979420217856302,0.11824957085876697,0.5840615770560127,1.771608522197726,1.5175020415519178,2.245350091193191
-0.5973106688133596,0.11783361204403404,0.5842219322866639,1.7722022559756372,1.5180435497663782,2.244726852047014
-0.5966831330093656,0.11742151811355236,0.5843794338600331,1.77279436195589,1.5185827529593758,2.244105387524298
-0.5960811880378025,0.1170277183455339,0.5845290927305193,1.7733648670150104,1.5191009758665783,2.2435088416293802
-0.5954951960352555,0.11664608777499826,0.5846736656232023,1.77391881063394,1.5196040407303324,2.242929174354663
-0.5949503286865182,0.11629302574501388,0.5848072322839724,1.7744323218999765,1.5200711847207764,2.2423911995000765
-0.5944335760829881,0.11596006447079395,0.5849330499343036,1.7749194443195868,1.5205146681319632,2.241881765917385
-0.5938972313053381,0.11561768717726924,0.5850617697324547,1.7754243546266093,1.5209740989904441,2.2413538436154123
-0.5933070517987684,0.11524431275108245,0.5852014559941949,1.775976772071715,1.5214762783614233,2.2407751682539705
-0.5926809567097171,0.11485162008771058,0.585348050633361,1.7765590234689295,1.5220052556196002,2.2401640817120447
-0.5920126083269975,0.1144358717157764,0.5855033162171787,1.7771789601929584,1.5225678359157047,2.239513173838044
-0.591324836838354,0.11401148150182497,0.5856621654624705,1.7778177449274057,1.5231467453263137,2.2388451121385886
-0.590644561400355,0.11359435715382878,0.5858185130122487,1.7784493897846727,1.523720719822966,2.238186202206116
-0.5899520641593196,0.11317106464153419,0.5859769620659909,1.779090692272079,1.5243043845878443,2.2375158256531886
-0.5892378980665134,0.11273637516837973,0.5861390145346042,1.7797504662506358,1.5249046208940709,2.236823824642916
-0.5884942676054997,0.11228510750975078,0.5863066377925639,1.7804390295205903,1.5255285134225058,2.236101156873194
-0.587714163085087,0.11181322421833358,0.5864818407517982,1.7811621181610242,1.5261842582019918,2.235341973072426
-0.5869503470387359,0.11135267242568307,0.5866530938566178,1.781869615541872,1.5268287453661271,2.234598085371954
-0.5862243963077831,0.11091747074542764,0.5868152481855649,1.7825409562957355,1.527441747947993,2.233890665335524
-0.5855268442224582,0.11050206668120184,0.5869703756890916,1.7831870446268183,1.528027993951488,2.2332104445823977
-0.5848608515890745,0.11010747331906254,0.5871177591199069,1.7838053491290342,1.5285875958810844,2.232559359747733
-0.58421661083869,0.10972777610851889,0.5872591504472267,1.7844010282228584,1.5291300546340123,2.2319285811432317
-0.5835608697473909,0.10934291254231268,0.5874020059303093,1.785005173090474,1.5296819304473022,2.2312869208269595
-0.5829008841329744,0.10895723415502237,0.5875451278327137,1.7856128816772139,1.5302353453720057,2.2306415811107256
-0.5822718346214536,0.10859127020109764,0.5876814133166881,1.786192314026414,1.5307622539230734,2.2300278531471074
-0.5816402929477625,0.10822612947963854,0.5878180946547149,1.786770490934853,1.5312911657322268,2.2294140381099004
-0.5810206008958803,0.10786976650953942,0.5879517633425365,1.7873349369244387,1.5318089383707039,2.2288128737904893
-0.5804025938439865,0.10751690877194742,0.5880838490570625,1.7878967963740897,1.5323216491310503,2.2282151317096024
-0.5797837188594768,0.10716616194368611,0.588214677361572,1.7884583722082312,1.5328319043110141,2.227618253812475
-0.5791584287147733,0.1068130081980243,0.5883461136865002,1.789023149113034,1.5333488653750664,2.2270172422984387
-0.5785185947395952,0.10645340612459597,0.5884802903397375,1.7895970692903638,1.5338780084199126,2.2264055183509077
-0.577871470231622,0.10609146246200503,0.5886161267216847,1.7901763232985277,1.5344112185520185,2.225788925456424
-0.5772158718360954,0.10572692540408868,0.5887540303676099,1.790762783754964,1.5349483928481735,2.225166032437838
-0.5765581783133493,0.10536281526193973,0.5888924419174834,1.7913491160568307,1.535485337087307,2.224543347984976
-0.5758470053340707,0.1049708674837436,0.5890419870750627,1.791979517572684,1.5360644002785069,2.2238723277196697
-0.5751280651320085,0.10457642771726017,0.5891928855049245,1.7926152087143385,1.536649692483099,2.223196653705081
-0.5743990139245295,0.10417832723853475,0.5893458263926292,1.793258972029782,1.5372418009845064,2.2225141903995476
-0.5736715484396692,0.10378292649425662,0.5894988101532963,1.793898743384008,1.5378293421025115,2.2218360549691294
-0.5729348605764973,0.103384812640346,0.5896543018332355,1.7945423008500707,1.5384213773360922,2.221153371707924
-0.5722045302420262,0.10299218806229163,0.5898086682530569,1.7951778342502187,1.5390080715565233,2.2204793502844837
-0.5714937906707973,0.10261200031784408,0.5899586209675877,1.7957954694882339,1.5395778200404546,2.219825925526978
-0.5708024606748804,0.102244016609361,0.5901040200039086,1.7963941771997725,1.540129530622813,2.2191929234419923
-0.5701120424637969,0.10187870599109627,0.590248749349746,1.796987155434838,1.5406767707314515,2.2185641537281606
-0.5693941698620516,0.10150078172176642,0.5903989498497191,1.7975991596639607,1.5412433459177903,2.2179138304017862
-0.5687071832806031,0.10114134577103144,0.5905428079862328,1.798182642073487,1.5417840900925601,2.2172959530445953
-0.5680323580654839,0.10079015581276955,0.5906844117098793,1.7987524198254239,1.5423118968097111,2.2166931889759365
-0.5673646815457228,0.10044426590452668,0.5908246490559231,1.799311510222448,1.5428304932706165,2.2160999239099297
-0.5666847267158761,0.10009368008532357,0.5909672619694084,1.7998755161013205,1.5433550485152097,2.2154991533911326
-0.5660147259462167,0.09975056382955612,0.5911074432935565,1.8004269897983423,1.5438683614770679,2.2149125287691276
-0.5653352540555929,0.0994046661055644,0.5912498324413427,1.800982304511465,1.5443852137783183,2.21432329378662
-0.5646297365061181,0.09904729642968005,0.5913984848747569,1.8015526240820328,1.5449174362835332,2.213716811630362
-0.5638971255703517,0.09867803026665871,0.591553919541383,1.8021383241517632,1.5454653168880639,2.213091478855504
-0.5631674532311091,0.09831213427286253,0.5917097816190812,1.8027177591833463,1.5460065802555665,2.21247343010291
-0.5624658841017988,0.09796238029653202,0.5918605282479257,1.8032713272281566,1.5465239381127212,2.211884103068564
-0.5617475545031243,0.09760621174631054,0.5920154220475851,1.8038336882693524,1.5470509223586246,2.211286176459325
-0.5610165114232307,0.09724548122414847,0.592173957980757,1.8044000597392251,1.5475841446404195,2.2106824488422996
-0.5602697645787347,0.09687862494789101,0.5923374032541368,1.8049730644431299,1.548124305601759,2.2100696315504846
-0.5595408203548996,0.09652215022966397,0.5924985734464814,1.8055295797254742,1.548649511421045,2.209475561673843
-0.5588363587353701,0.09617901376617541,0.5926561040494376,1.8060641887518218,1.5491554322039818,2.20890552970577
-0.5581582214803735,0.09584982641266278,0.5928092088506393,1.8065748614377017,1.5496389007200744,2.2083608055315316
-0.5574821046813494,0.09552345430679633,0.5929635098243303,1.8070771210315328,1.5501174109151048,2.2078251501370105
-0.5568036450244621,0.09519762212459856,0.5931200308386826,1.8075751822237973,1.5505945782669222,2.2072943375539174
-0.5561275030956474,0.09487453169190516,0.5932777781927235,1.8080652333232787,1.5510660472165851,2.206769521327593
-0.555436893779344,0.09454598334080952,0.5934409996317576,1.8085622086786741,1.55154300468625,2.206236855005261
-0.5547403911400457,0.09421627453637961,0.5936084808586846,1.8090562415715823,1.5520190954557727,2.2057059330086832
-0.5540538372266096,0.09389272279278374,0.5937755965515007,1.8095370504349488,1.5524847768904286,2.2051893345521316
-0.5533690253986505,0.0935718026666555,0.5939439967389615,1.8100101549628012,1.552946448531229,2.204682217247158
-0.5526676328514456,0.09324499451358852,0.5941182497129608,1.8104892042423681,1.5534146924830494,2.2041678993363805
-0.5519511461926315,0.09291272199631012,0.5942982901297293,1.8109755502946296,1.5538886750363,2.203644431640621
-0.5512336481756026,0.09258120626955872,0.5944803715043443,1.8114593229126101,1.554360172689067,2.203122191095308
-0.5505182732073077,0.09225226637805126,0.594665272128986,1.811936382447095,1.554827160307125,2.2026053973047413
-0.5498102955176657,0.09192818172555729,0.5948512886464782,1.8124038238255533,1.5552869644077862,2.202098581071082
-0.5491077201147752,0.09160763251453016,0.5950384395624003,1.8128636225340684,1.555742649473665,2.2016006055455923
-0.5484207767383749,0.0912950161499066,0.5952240183800044,1.8133081851970512,1.5561865751915622,2.201117675113541
-0.5477631478552876,0.09099660105287596,0.595404682828194,1.8137307460749867,1.5566076756098768,2.200657426988055
-0.5471188581331262,0.09070489721811578,0.5955845502820394,1.8141436893684149,1.5570172176818677,2.200207746275665
-0.5465055256677323,0.09042769337941438,0.5957587248396743,1.8145354444900257,1.5574055171061878,2.199780905822432
-0.5458846374142486,0.0901473115754512,0.5959390331929717,1.8149259658190906,1.5577979291593222,2.199352956259758
-0.5452329626044625,0.08985328516925759,0.5961324302125119,1.8153259320660147,1.5582063937651771,2.198911014501447
-0.5445324007005394,0.08953747133051908,0.596344414291367,1.8157476425531764,1.5586396809555527,2.198443825475139
-0.5438494809105491,0.08923005311219402,0.5965549623953657,1.8161538102500405,1.5590547471918588,2.1979953722138097
-0.5431721579746784,0.0889256245856193,0.5967677176873729,1.8165513011277614,1.5594602515186335,2.1975568296964614
-0.5425029443076581,0.0886254247554392,0.5969814711101215,1.8169375605166322,1.5598565531967614,2.1971290646266093
-0.5418273943832815,0.08832318129937858,0.5972005345518584,1.8173179729960722,1.5602528140170642,2.1967037059372823
-0.5411428421557413,0.08801781271052726,0.5974257330283193,1.8176932885919015,1.5606489425608678,2.1962797674346057
-0.5404358227677765,0.08770314480811799,0.5976618434411349,1.8180714662902684,1.5610510159174449,2.1958504244999526
-0.5397038233477931,0.08737779941220987,0.5979097095425319,1.8184558047511934,1.5614607002780234,2.1954141580356987
-0.5389880010032257,0.08706005153491246,0.5981564378896397,1.8188243073665766,1.5618532757617707,2.1949975230325407
-0.5382836133108989,0.0867480415151172,0.5984045340145022,1.8191781908051472,1.5622317453772614,2.194598144281051
-0.5376176952017816,0.08645391296126217,0.5986436501930978,1.8195040394263873,1.562584948399651,2.1942283530005016
-0.5369520684960272,0.0861601976631831,0.5988863143244336,1.8198225471033063,1.5629361676409992,2.1938633942475896
-0.5362852468280638,0.08586576193962439,0.5991341050579972,1.8201335645932215,1.563284956348967,2.1935030830694706
-0.5356071172621759,0.08556557671937996,0.5993912146822333,1.820444336263574,1.563635391823599,2.193140446572669
-0.5349214330180345,0.08526105390329082,0.5996571256377081,1.820754523937993,1.5639849152237084,2.192777517611129
-0.5342217497539081,0.08494900086295236,0.5999351319697314,1.821066967123847,1.5643380391560895,2.1924120615960194
-0.5335469404319013,0.08464714280236998,0.6002084686372257,1.8213646051473844,1.564676802046374,2.192063254516831
-0.5328912603408968,0.08435327190561137,0.6004793092035723,1.8216490036252122,1.5650042999822795,2.1917283837649015
-0.5322153713447305,0.08404981444398223,0.6007654737481909,1.8219344560464392,1.5653394367338826,2.191389392909478
-0.5315532289850597,0.08375175305257372,0.6010530537171976,1.8222056633634618,1.5656647026924115,2.191063550418987
-0.5308899609259464,0.08345239555857376,0.6013472702447339,1.8224697498664977,1.5659858287926398,2.1907433739332567
-0.5302415198107753,0.08315900289281837,0.6016406347616261,1.8227214544391335,1.5662945860250845,2.190436287993021
-0.5295907811054722,0.08286375666348529,0.6019426202382615,1.8229650201427035,1.566597219714304,2.1901370056609233
-0.5289432458497388,0.08256954447210342,0.6022491294152938,1.8231982134383078,1.5668924613638526,2.189848362499492
-0.5283120209334067,0.08228251242020337,0.6025532021902844,1.8234158547185964,1.5671746437210283,2.189575942347239
-0.5276947080579293,0.0820016664026683,0.6028565152579448,1.823617186416018,1.5674437858445374,2.189319103566939
-0.527051950682764,0.08170901065939065,0.603177901622152,1.823816481460828,1.5677177297186744,2.189060329437921
-0.5263928798508648,0.08140850877172798,0.6035129643192685,1.8240111972273183,1.567992714208747,2.188803135090231
-0.5257574392706662,0.08111781359014753,0.6038430852410489,1.8241865891959272,1.5682496334507394,2.1885653644675402
-0.5251365192568076,0.08083265396116532,0.604171959782596,1.8243475402125156,1.5684933620870507,2.188342412078426
-0.5245175894561404,0.08054725994676734,0.6045052869361796,1.8244995909371287,1.5687300776848612,2.1881289310756986
-0.5238790090804699,0.08025186036707342,0.6048545097659029,1.8246489557535877,1.5689686083284635,2.1879169489342103
-0.5232546726659422,0.07996219472463421,0.6052018755036158,1.8247864974162902,1.5691956899541006,2.187718920211832
-0.522625891832961,0.07966875410444099,0.6055592952063591,1.8249160890200673,1.5694178251230069,2.1875297869009804
-0.5219905247208809,0.07937019169081772,0.6059273207101762,1.8250396042856196,1.5696367599961938,2.1873478265206643
-0.5213712329067655,0.07907701979456959,0.6062927854972571,1.8251527259596987,1.5698447212288218,2.1871793058045057
-0.5207590526427076,0.07878393212558193,0.6066631535004477,1.8252547491514453,1.5700430490867054,2.1870235191590606
-0.5201373983003188,0.07848216551676543,0.6070495536079624,1.8253474911552345,1.5702364899453478,2.1868765784957622
-0.5195080451237075,0.07817298345038919,0.6074503904853239,1.8254316626015625,1.5704251348812222,2.1867378339267076
-0.5188836802923801,0.0778629851661144,0.6078569860183884,1.8255065093600682,1.570606024855583,2.1866088828532035
-0.5182668085896023,0.07755301214607638,0.6082683627842748,1.8255712628980558,1.570778740178778,2.1864908286695774
-0.5176754207689315,0.07725174683952266,0.6086728240348906,1.8256239202728402,1.5709380782958657,2.18638794041805
-0.5170940136014865,0.07695121851408095,0.6090807851871577,1.8256662905910859,1.5710881640603838,2.186297898032371
-0.5164793527518683,0.07662684707689625,0.6095280388674597,1.82569624174942,1.571235989320797,2.186220542167686
-0.5158783718128085,0.07630518759652308,0.6099760031743848,1.8257149759684128,1.5713727198960197,2.1861567644364883
-0.5152732168547326,0.07597710545024741,0.6104374546820415,1.8257217653123785,1.571502260492312,2.1861038076371817
-0.5146658373861959,0.07564219968916838,0.6109143522124235,1.8257113606224642,1.5716204469322295,2.1860657275161843
-0.5140761209982838,0.07531197926430797,0.6113898465303781,1.8256852116110722,1.5717232243900752,2.186043329493782
-0.5135046612186612,0.07498713276512856,0.6118623015461259,1.8256442739778926,1.571810638388954,2.1860379691931513
-0.5129254113931978,0.07465364486778844,0.6123508969712483,1.8255879006633564,1.571887674430321,2.186048474709716
-0.512357417294481,0.07432306947080242,0.612837959247608,1.8255197167735022,1.5719535469261032,2.1860720133224882
-0.5117885512175131,0.0739890023045751,0.6133327126483809,1.8254391775769547,1.5720110481137155,2.186107311032921
-0.5112328212130057,0.07365986347638952,0.6138225142999653,1.8253482855965129,1.5720591300115108,2.186152623514917
-0.5107279331934507,0.07335555797132978,0.6142799540372261,1.8252429608725163,1.572087665376348,2.18621392036257
-0.510200059408756,0.0730340569850094,0.6147665369730004,1.8251177942516315,1.5721080242705796,2.1862925150278594
-0.5096633416700325,0.07270319009715319,0.615270774803388,1.8249761286739297,1.5721186563031873,2.186388973379223
-0.509137237558211,0.07237462611407931,0.6157754843819035,1.8248224657613599,1.5721185524491403,2.1865021728204352
-0.5086207290043703,0.07204817961779976,0.6162807117271282,1.8246585811727691,1.5721096693520493,2.1866294309034977
-0.5080970035576201,0.07171289790099125,0.6168038127360504,1.824478066371642,1.5720911742510888,2.1867739963613664
-0.5075735500644554,0.07137323958051922,0.617338146394881,1.824282258978154,1.5720621171405391,2.1869352631946266
-0.5070396416500316,0.07102362925283671,0.6178913679369902,1.8240718337721558,1.5720244815207163,2.1871120322493334
-0.5065073237622048,0.07067228301811554,0.6184495525864164,1.823853213194219,1.571980128057299,2.1872984817756382
-0.505969381258873,0.07031445656337408,0.6190202666728395,1.8236225795424346,1.5719280200582038,2.1874976281324634
-0.5054314646689049,0.06995281337426669,0.6196006607824288,1.8233769322907551,1.5718650154938159,2.1877129592671216
-0.50490028416344,0.06959099863437716,0.6201873273662013,1.8231131079245517,1.5717870241565275,2.187949063173759
-0.5043744951109074,0.0692293440184912,0.6207789725014148,1.8228337904307572,1.5716957534623475,2.188202857912951
-0.50386522805628,0.06887625368242126,0.6213611632709831,1.8225477643255978,1.571594883399643,2.1884658412027944
-0.5033558356231398,0.06852077351401115,0.6219521799785668,1.8222468710060942,1.571482179242711,2.1887450637714148
-0.5028475653648874,0.06816287298246475,0.6225538860538647,1.821927256976411,1.5713552867872254,2.189044122617493
-0.5023575020713583,0.06781461018168854,0.623145936336109,1.821600225026625,1.5712203727646314,2.1893512540280384
-0.5018815129586193,0.06747302359281832,0.6237339103073248,1.8212631946729505,1.5710772707287954,2.1896678299926458
-0.5013976479596934,0.06712158598308382,0.6243479221889133,1.8208978310133488,1.5709181180521092,2.1900112390284776
-0.5009220318542073,0.0667720588128735,0.6249667397507974,1.8205201803769566,1.5707496149478188,2.1903688158039243
-0.5004513313011085,0.06641967199689973,0.6256025487186159,1.8201213658358395,1.570565632825867,2.1907515320374946
-0.5000221672914757,0.06609311237924145,0.6262006481115061,1.8197374439275518,1.5703841174628557,2.1911221423879876
-0.4996350207236816,0.0657939692746953,0.6267556935342811,1.8193738753748008,1.5702094862141016,2.1914740393394037
-0.49925199978279633,0.06549162418362678,0.6273258340419009,1.818991046401873,1.5700226188857171,2.1918446924411548
-0.4988513801363821,0.06516608478210661,0.6279529550344655,1.8185566337811778,1.5698052323665068,2.192266136173312
-0.49845114959634207,0.06483245820074746,0.6286083517922778,1.8180912026172436,1.5695665818683877,2.1927199459460254
-0.49804813891617544,0.06449109657730338,0.6292873253733476,1.8176019560811052,1.5693112664415012,2.19319931547429
-0.49765050782149906,0.06415033761437039,0.6299705022968315,1.8171041300220163,1.569048212430935,2.193689490851507
-0.4972579169835159,0.06380935487148934,0.6306605586429643,1.8165937792380487,1.5687741030588676,2.1941942554750584
-0.49684849493879524,0.06345187556792632,0.6313884338391432,1.8160481402420836,1.5684772652306151,2.19473349978337
-0.4964402751007735,0.06309423695089733,0.6321210302147,1.81549090468942,1.568169817952727,2.195283378118814
-0.4960107726939976,0.06271774693958368,0.6328949277155561,1.8148953530435707,1.567837074685677,2.1958721455520314
-0.4955553740972555,0.062318512205015296,0.6337185084386323,1.8142536009924197,1.5674750255746932,2.1965070148367074
-0.4951023316077857,0.0619213034543394,0.6345420072536314,1.8136031757450481,1.5671032251970387,2.1971522647724435
-0.494677840771607,0.0615490472384676,0.6353188060179382,1.8129794511565378,1.5667406721061965,2.1977741636986705
-0.49426022588420704,0.061182877260092174,0.6360891125395327,1.8123467042639738,1.5663679956593257,2.198406168298315
-0.49385298769525,0.060825802757782675,0.6368459136989684,1.8117128201031025,1.565991222751328,2.199039096765037
-0.4934370033778307,0.06046002518530943,0.6376290112288677,1.8110460607194785,1.5655883226961456,2.199708351447897
-0.493031470915238,0.06010192129838219,0.6384043408155345,1.8103763464957612,1.565175184419532,2.2003846076401694
-0.49264230397587216,0.059755326459997704,0.6391658193440566,1.8097058698153172,1.5647543258427006,2.2010632741177814
-0.4922614129318975,0.05941170892701484,0.6399335308199814,1.8090137286708707,1.564316266881021,2.201762698575405
-0.49189501055294926,0.05907717667536144,0.6406924262960774,1.8083176991816625,1.5638732455291673,2.202466953482788
-0.49155097729912917,0.05875974750791455,0.64142255772952,1.8076398014590727,1.56343802104384,2.2031551110786753
-0.4912227110635726,0.058453550950204415,0.642136001058582,1.8069695096626344,1.5630046664364532,2.2038370804375536
-0.4909102405930704,0.058158691171616005,0.6428330424657808,1.806304678649051,1.562571826031482,2.2045143267476814
-0.49062689714133717,0.05788675173763984,0.6434873136574962,1.8056711969261976,1.5621547859278473,2.2051616879791367
-0.490347928235275,0.057615370819001185,0.6441492358962272,1.8050244270455356,1.5617244325318562,2.2058253440488302
-0.4900354259990549,0.05730741190257893,0.6449142093481406,1.804265913582714,1.5612151299742298,2.2066037990222127
-0.48969255870662753,0.056967724193732826,0.645768211265098,1.8034093110440754,1.560638388689736,2.2074834712301556
-0.489355194239306,0.05663349638869136,0.6466166375012479,1.802550470548044,1.560058193415392,2.208368808103434
-0.48901753589849495,0.05630005645550622,0.6474720484093162,1.8016771909472324,1.5594629277912522,2.2092746794919678
-0.4886676965152863,0.0559563732772819,0.6483625335174519,1.8007590036595436,1.5588313188802476,2.2102304557140595
-0.48829264917374077,0.055588882995897634,0.6493230389204723,1.799757089629453,1.5581373495597137,2.211276250691901
-0.4878979293791774,0.05520276765864309,0.6503407618314295,1.7986835096387597,1.55738940117448,2.2124003812760735
-0.4874915923440435,0.05480559463598468,0.6513959800614278,1.797559232797995,1.5566009750970824,2.2135817955890573
-0.4870738104497681,0.05439753105889354,0.6524894359171658,1.7963807620716714,1.5557675187534705,2.2148243887953716
-0.4866602453454584,0.05399398217565895,0.6535797086733638,1.7951920556273162,1.5549212798531387,2.2160811215946055
-0.48627840349652435,0.05362243879354613,0.654603414334834,1.7940455237836777,1.5540941844890432,2.2173020090415827
-0.4859278912252181,0.053282069637529336,0.6555590849690446,1.7929482461814903,1.553292215846819,2.2184783446766625
-0.48556779350759766,0.05293175286754866,0.6565535779615325,1.7917873543497786,1.552436046142005,2.2197284389776817
-0.4852124416926366,0.05258566375851627,0.6575479600975771,1.7906057441875007,1.5515554983463375,2.221006720723686
-0.4848649322459305,0.05224751085970688,0.6585316511579389,1.789416345318407,1.5506609086512353,2.2222985853053423
-0.48453249702787843,0.05192583275383579,0.6594793819897313,1.7882521985071267,1.5497779148606163,2.2235681685111004
-0.48420817506356173,0.05161484757703744,0.6604073990941867,1.787095466766678,1.5488926686371371,2.224834963441795
-0.4838980009950301,0.05132029831800402,0.6612950176981316,1.7859765545881516,1.548031670924011,2.226063419368754
-0.4835964404481894,0.05103810323988269,0.6621549517432489,1.7848810867767082,1.5471852555441632,2.227270010611112
-0.4832906501000037,0.0507574858583823,0.6630205471184889,1.7837690530199217,1.5463216984746828,2.228498872405236
-0.4830005463442876,0.05049810769362101,0.6638342540546107,1.7827128387565583,1.5454953576705157,2.229670934954608
-0.4826799618173781,0.050222829266315536,0.6647175276861167,1.7815542346452489,1.544582882789221,2.2309621481366975
-0.4823302819150011,0.04993443784367503,0.6656635283991718,1.7803015705224614,1.5435904193427141,2.232362913466892
-0.4819798264803789,0.04965421696400357,0.66659889217382,1.7790541237476076,1.5425982617949512,2.233760871025912
-0.4816297667818093,0.04938327797348193,0.6675205147236782,1.7778151642806042,1.5416080785503101,2.2351535237291413
-0.4812592140811688,0.049106878527984864,0.6684828745894311,1.7765079857164412,1.5405564052755771,2.2366279244211955
-0.4808757980694457,0.04883118856032537,0.6694657549345848,1.7751586775244612,1.5394642847529119,2.2381549361441273
-0.4804737341020856,0.04854901167908069,0.67048845019021,1.7737436023711055,1.5383139535062917,2.239760084483317
-0.4800633685204813,0.04826778008191562,0.6715248464815987,1.7722970366918331,1.5371321670193578,2.241404407723615
-0.47963942420495737,0.04798541693628223,0.672587545510309,1.7707963803341786,1.5358978608484215,2.2431157926661154
-0.4791980170815367,0.04769942893029987,0.6736865537575584,1.7692266167627522,1.5345986341207403,2.2449122898286102
-0.47878602379698,0.047443490999090475,0.6747016189882422,1.7677532555961584,1.533369058420058,2.2466062691910396
-0.4783934382645996,0.04721401275317062,0.6756544664773051,1.766338567753992,1.5321748670321427,2.248242599674483
-0.4779844521222832,0.04698433530866027,0.6766359612406452,1.7648598902323769,1.5309171943311093,2.249959850733208
-0.4775652653460898,0.04675739532851283,0.6776303467357757,1.7633427141882145,1.5296187748492853,2.251728553724694
-0.477152386206917,0.04654406184553201,0.6785951754766327,1.7618481618722548,1.528330531707094,2.2534795062989397
-0.47674250424056225,0.046341819230122726,0.6795384055000975,1.7603665723297195,1.5270447158236693,2.2552221141605644
-0.47633358257002856,0.046148959192167806,0.680465046783634,1.7588927911712684,1.5257574768764293,2.256961123642734
-0.475911529395297,0.045960080748181836,0.6814029722627648,1.7573836314922566,1.5244309227688122,2.258748552586872
-0.47548300343251276,0.045780124908695013,0.6823327631360244,1.75586868667639,1.5230909587817842,2.2605502978416308
-0.4750566810115255,0.04561190542624201,0.6832360374354489,1.754380068934757,1.5217662519855781,2.262326916342203
-0.4746155334618846,0.04544718889755894,0.6841506426534556,1.7528592568573473,1.5204056097319538,2.2641471703663534
-0.47417954383395317,0.045294279343686614,0.6850331364508802,1.7513775002286465,1.5190723897950993,2.265926474163732
-0.473752901856228,0.04515398726058363,0.6858768738829049,1.7499480918487211,1.517779686290537,2.2676486659855333
-0.4733249285537167,0.04502259155239434,0.6867041717047547,1.7485353796868375,1.5164957928375278,2.269355551536097
-0.47287189791088713,0.044895408227221975,0.6875557015432952,1.7470676563621965,1.515154157164231,2.2711345533508935
-0.47239993008506487,0.04477303502527704,0.6884219141467317,1.745563172666202,1.513772338529007,2.272963922499802
-0.4719131459913461,0.044655943376369696,0.6892957240125036,1.7440346834316085,1.5123621764776616,2.2748287095711346
-0.4714268905647832,0.04454745764524152,0.6901494517766733,1.7425300186751715,1.510967758972378,2.276669839443351
-0.47094607131289506,0.044448373490856515,0.6909746047080763,1.7410641636130688,1.5096025243108655,2.2784691485949637
-0.4704365754244287,0.04435324287313436,0.6918241077618275,1.7395392479062803,1.5081735312662892,2.2803490885228452
-0.46989985038118265,0.04426407248947547,0.6926910352732534,1.7379648896533808,1.506687824083705,2.2822995283715932
-0.4693620960917639,0.04418320435157129,0.6935385441544077,1.7364118420884858,1.5052143480495093,2.2842309528192652
-0.4687976248914185,0.04410891601514251,0.6944008804296538,1.734812193352699,1.503687103164224,2.2862297246435084
-0.4682115038641025,0.04404137356363941,0.695270171554289,1.7331810698301915,1.5021190950632781,2.2882778086484103
-0.4676289158987976,0.043985195348799556,0.6961029418215566,1.7315955727684194,1.5005818427535413,2.290280481978327
-0.46704763626441165,0.043938625243125105,0.6969064693492142,1.730045175281686,1.4990677937630152,2.292248950352935
-0.46646085999992504,0.043899338274178835,0.697695104924837,1.728506617563307,1.4975564141026687,2.2942108077867838
-0.46586603474423977,0.04386612561072377,0.6984759134480201,1.7269695362542676,1.4960387580769379,2.296178216738293
-0.46524416600391805,0.043838717451954376,0.6992710358193198,1.7253889668910656,1.494469261810755,2.2982095104918123
-0.46461912877562134,0.04382002458973051,0.7000441149078265,1.72383319821644,1.4929133238251622,2.3002189994171607
-0.4639970058196264,0.04380954987579531,0.7007885645976394,1.7223161837529104,1.491385899804876,2.302187863405185
-0.46334392168852795,0.0438038086559028,0.7015520705301505,1.720747118152244,1.489799157246823,2.3042305920326633
-0.46268010180637187,0.043804394111439986,0.7023061676402956,1.7191820297162566,1.488207587033261,2.306275675120494
-0.46200721693105373,0.04381101856626131,0.7030493003154109,1.7176250445808754,1.4866163486109794,2.3083174766420713
-0.46132111679500787,0.043823249603473204,0.7037871581562295,1.7160662196897818,1.4850156171914501,2.3103690859020882
-0.460621050780342,0.0438405293312696,0.7045217670861954,1.7145029111753185,1.483402475301798,2.312433635955356
-0.4599165578437712,0.043861857691831804,0.7052449824182164,1.7129543710438295,1.4817976195942495,2.3144846703182678
-0.45920004566431327,0.04388734431746211,0.7059644722288276,1.7114051456029533,1.4801860224238816,2.3165418179718884
-0.458494903248841,0.04391642928958704,0.7066562733564808,1.70990670198067,1.4786210725153786,2.318537266594995
-0.457791217278816,0.04394998697792686,0.7073292207548496,1.7084410936982355,1.477083570270974,2.3204952986297407
-0.45707026921451055,0.04398919945275367,0.7080001837102298,1.706973187522949,1.4755360843105971,2.32246351463716
-0.45635666936356356,0.0440321569337682,0.7086477808854295,1.70555179245823,1.474030533481257,2.3243764877306594
-0.45563131917271293,0.04408059405600337,0.7092871981291875,1.7041444847602008,1.47253165280372,2.3262783034429417
-0.4548980432027146,0.04413369003954983,0.7099163970882598,1.7027570929983198,1.4710461779067807,2.328160527115142
-0.4541663090664841,0.04419066140475708,0.7105270811295477,1.7014076598459842,1.4695940546936126,2.3299976780075653
-0.4534144853642779,0.04425323239588226,0.7111363308663903,1.7000591735002224,1.4681350798217778,2.3318412128644086
-0.4526430654429393,0.044320702199078243,0.7117456740013142,1.6987085207634203,1.4666664825349753,2.3336937389411263
-0.45186359225054734,0.04439178379446571,0.7123463331427887,1.697375590017982,1.4652099668496072,2.3355296902299747
-0.4510529125574374,0.044468373123875124,0.7129543144872261,1.6960236504920776,1.4637252948594444,2.3373982564597986
-0.4502407926834893,0.044547232053222405,0.7135480221070052,1.6947011666650504,1.4622664839578308,2.3392325859206577
-0.4494586053973773,0.0446249690200103,0.7141048700684858,1.69345787290937,1.4608885831228295,2.3409627688325294
-0.44866621545309504,0.04470420017173525,0.7146565898869418,1.692223722702129,1.4595149112795716,2.3426853145257267
-0.4478813105350312,0.04478232885396623,0.7151893096665474,1.6910296246649736,1.45817936115173,2.3443585139886487
-0.4470875537058017,0.04486016471729744,0.7157165190306711,1.6898456925940202,1.4568508391388881,2.346022167443489
-0.4462810592387282,0.04493748012503612,0.7162432790057027,1.6886616911020091,1.4555185174979541,2.34769016231866
-0.4454809313261112,0.04501209994389845,0.7167574137942523,1.6875045307343772,1.4542127588707094,2.349323813744613
-0.44469066453297235,0.045083650848027124,0.7172598146485599,1.686373917156334,1.452935102984199,2.350923999846046
-0.44391032850928347,0.04515192549893317,0.7177522515705936,1.6852668044467265,1.451683325988633,2.352492686745353
-0.4431530913372431,0.04521505168474395,0.718226446438502,1.6842036487695196,1.4504804347701303,2.3540020472190264
-0.44238390198927025,0.04527552411469449,0.7187050160540123,1.6831353449861381,1.4492710516428242,2.3555205598784874
-0.4415594577102194,0.045335888885330564,0.7192149091614699,1.6820060601461173,1.4479924624727247,2.3571281978888887
-0.4407274094000299,0.045392618202708734,0.7197264721410171,1.6808818509453651,1.4467200270232552,2.3587304113125485
-0.43988748852288306,0.0454453653509253,0.7202392976894073,1.6797656873749642,1.4454573960601915,2.3603223973508807
-0.4390749239853317,0.04549218873572401,0.7207319193042792,1.6787046040503995,1.4442578378678232,2.3618378303952205
-0.4382560305491875,0.045533756485686305,0.7212239342763084,1.677662934234343,1.4430815641458552,2.363327569595777
-0.43743168136243255,0.04556976301530412,0.7217144129868456,1.6766442996850608,1.4419323840088003,2.3647867096674897
-0.4366056244928977,0.045600585833900774,0.7222010140238724,1.675650173062989,1.4408121256702908,2.366212078509269
-0.43577780879426714,0.04562666132773811,0.7226838890234151,1.6746782898494281,1.4397180532040825,2.3676064838146997
-0.4349384244132876,0.045647669644614364,0.7231683074003558,1.6737195235497755,1.438640267975782,2.36898309259145
-0.43412272324026724,0.04566237211010535,0.7236340987898666,1.672813891750997,1.437624072068107,2.3702840238577885
-0.43335350151645874,0.04566863670191358,0.7240678813488384,1.6719897058736097,1.4367025743868598,2.3714683564290304
-0.43259377218491235,0.04566749223166646,0.7244926472492734,1.6711977787372636,1.4358207864697754,2.3726062633246867
-0.43184936361278875,0.04565814267968689,0.7249059915042461,1.6704422401963304,1.4349817852008233,2.3736928989330637
-0.4310810696721565,0.045639882910334176,0.7253312602315131,1.6696766637434883,1.4341333028458554,2.3747947754896184
-0.43029582100305125,0.04560708317333771,0.7257655600421441,1.668907863689665,1.4332857241523909,2.3759016007488816
-0.4295133936162592,0.04556133760530575,0.7261991217642129,1.668150773449939,1.4324546716453612,2.376991397650735
-0.42872896588497056,0.04550395086750803,0.726636102425562,1.6673954607627572,1.4316294444432693,2.378077068823635
-0.42793240141015243,0.04543284037381834,0.7270833347654247,1.6666308465330992,1.430801583003581,2.3791748237460304
-0.42713977970245515,0.04534725874115788,0.7275324406688352,1.6658754919354248,1.4299900422559373,2.3802598660887857
-0.4263462368169262,0.04524864084675739,0.7279858495153151,1.6651243406288212,1.4291872992889945,2.381339652827436
-0.42556874776937165,0.04514004078296759,0.7284337029431888,1.6643923693706157,1.4284099318481407,2.3823919734071346
-0.4247951004187077,0.045016493105632716,0.7288837764853849,1.6636704057211165,1.4276521495277215,2.3834287489724053
-0.42402094222364806,0.04487688664407343,0.7293386701044801,1.6629566095325419,1.426913111801514,2.3844522461937587
-0.4232718084367117,0.04472436882797308,0.729783877369532,1.662277137270858,1.4262182542307635,2.3854255312473636
-0.4225892598738355,0.044568814527647396,0.7301940744535613,1.661670823296253,1.4256081541268693,2.3862933035188125
-0.42191964458217796,0.04439781902611807,0.7306006132229805,1.6610915588398192,1.4250429428487696,2.3871192272774495
-0.42126449947181843,0.044214766740553475,0.7310014411178009,1.6605402094872446,1.4245194994495431,2.38790345627672
-0.420633846822859,0.044022404012301945,0.7313901032154666,1.6600270670104436,1.424042699907426,2.3886326961108035
-0.4200287405386988,0.04382247695923961,0.731765800452832,1.659548554137356,1.4236097299681258,2.3893109177993828
-0.4194263944371814,0.04360746547393763,0.732142784117989,1.6590853328393576,1.4232040009054916,2.3899663643740516
-0.4188244528436475,0.043377263527776044,0.7325227928892533,1.6586331685179605,1.4228197023238693,2.3906038588158607
-0.41822444055220176,0.04312740010069588,0.7329060903163874,1.6581964497964499,1.4224624931864809,2.391216431432002
-0.41763568235900905,0.042861407623609196,0.733286848191577,1.6577812564684187,1.4221374932877435,2.3917961145887623
-0.4170444365397076,0.04257304183863271,0.7336743857449608,1.6573748662196617,1.4218359917197556,2.3923596958807427
-0.41642498973755887,0.04224883114327078,0.7340869666673417,1.65695885553976,1.4215420511487384,2.3929329805377515
-0.4158313558381126,0.04191378120285194,0.7344905296323423,1.6565717779047173,1.4212813393665333,2.393464946895265
-0.4152414009752876,0.04155701485088245,0.7349016450320167,1.656195315074577,1.4210414382820413,2.393979461231551
-0.4146525894776202,0.04117750377313177,0.7353248685729883,1.655824616375498,1.420821043462103,2.394479410529199
-0.4140452650518081,0.040758332654941914,0.735778595699952,1.6554485615492134,1.4206173501513748,2.3949765150237394
-0.4134382620652411,0.04031090474239065,0.736251308465409,1.6550803195134762,1.4204394130955733,2.3954517872896366
-0.412828553735496,0.03983510737232947,0.7367482393541531,1.6547212313567883,1.420287424572226,2.3959043074177635
-0.41223659517904643,0.03934151350344496,0.7372587681553016,1.6543866082673095,1.4201740689764897,2.39631123966952
-0.41165667310958465,0.03882632848049962,0.7377896186918156,1.6540738975560854,1.4201021174147672,2.396673671537507
-0.4110985315772083,0.038300584144496067,0.7383324315145148,1.6537902110771285,1.4200764988594898,2.3969820931421824
-0.4105613498213495,0.03776107398310987,0.7388931890465663,1.6535414301139393,1.4201076525110312,2.397226526659387
-0.41002467482816246,0.037197547400490354,0.7394844045163833,1.6533161150128879,1.4201884357808103,2.397420555310233
-0.4095042387033751,0.0366263636604552,0.7400889672024022,1.653122943469172,1.420318805184425,2.397553162885565
-0.4090008675829071,0.03605327800163975,0.7407008885372728,1.6529603061112277,1.4204947152952565,2.3976274284769348
-0.40852602244403,0.03548539787307176,0.7413136186734701,1.6528399732312704,1.4207290037671187,2.397623663761024
-0.4080576264055951,0.03489435326798739,0.7419564116054286,1.652762621257755,1.4210416235820946,2.397531069259151
-0.40762149325148006,0.034325205516579055,0.7425773339864261,1.6527175736503465,1.421383899388943,2.397388641772944
-0.4071972505760411,0.03374651744175182,0.7432066039352776,1.6527130623296344,1.4217849231640465,2.397171965866488
-0.4067799979434749,0.03315158644646706,0.743849361699049,1.652749891554817,1.4222499633530805,2.396876207505648
-0.40638134455521024,0.032564246245039494,0.7444793898879003,1.6528140703876353,1.4227424051647908,2.3965358186285246
-0.40601592726694014,0.03200459657021697,0.745074464097525,1.652902598626326,1.4232436675037845,2.3961617882201782
-0.4056795710019854,0.031467952713495416,0.7456387871550755,1.6530119965613284,1.4237526346769132,2.395759646596111
-0.40534237736461465,0.03090724388958081,0.7462202319824581,1.653150914911572,1.4243099554201664,2.395300439685757
-0.4049979062486523,0.03031289331437592,0.7468281258465952,1.6533210807156427,1.4249206623744837,2.3947816786270355
-0.40466814560104974,0.02972064810556676,0.7474244857716961,1.653513077002933,1.4255455695900572,2.394235823289802
-0.40435282212301377,0.02912034632721621,0.7480146423612704,1.653735472510523,1.4261993886325883,2.393646773600051
-0.4040222367628673,0.028463635359624394,0.74864897797755,1.6539929460850373,1.4269265269055804,2.3929853917507202
-0.40370829484514836,0.027803692344527554,0.7492713313546261,1.6542649301476353,1.4276676758839586,2.39230618126098
-0.40341817956681447,0.027152546898805086,0.7498695925271127,1.6545469447564973,1.4284065334945666,2.39162207024244
-0.4031302278166479,0.026460513705818485,0.7504891618810627,1.654858907243811,1.4291979218968496,2.3908836552648234
-0.402839339919146,0.02571315536292852,0.7511423382655876,1.655208684809795,1.4300598869858125,2.3900750580669703
-0.4025564178746837,0.024944783029566396,0.7518019256547314,1.6555812440995499,1.4309539110564014,2.3892322032807156
-0.40230006959153986,0.02418277484866021,0.7524379980234499,1.6559697004161293,1.431852901012555,2.38837747034236
-0.4020725984114155,0.023424186850487187,0.7530511315145685,1.656378504069734,1.432766226316121,2.3875023849826262
-0.40185425199620595,0.022617140369576644,0.7536869042943125,1.6568332055397605,1.4337584615458048,2.386548720832955
-0.40166569624815507,0.021832782079493504,0.7542877601699551,1.6572950966828102,1.4347406541578258,2.3856002961676928
-0.40150286270217145,0.021049175045721583,0.7548718239062786,1.6577852432099633,1.4357475813037368,2.3846215613527653
-0.40135509987265766,0.02025895411797336,0.7554532154974583,1.6583049305761992,1.4367890181033205,2.383604857674578
-0.4012203161430302,0.019457603699028075,0.7560369454903773,1.6588573567704628,1.4378755803184482,2.3825409221786553
-0.4011017437194472,0.018657286603747224,0.7566142844525746,1.6594387076025907,1.4389982952756224,2.3814380024874624
-0.4009986269227904,0.017861262150357566,0.7571836235275764,1.6600466580748683,1.4401527363668778,2.380300420658638
-0.4009008463126129,0.017043621005480226,0.757765733014814,1.6606894436130948,1.4413637759477202,2.37910502435473
-0.4008108984066343,0.016218793795559693,0.7583486118569572,1.6613564844289186,1.4426097007421206,2.377873593115492
-0.4007279441392916,0.015390185823080885,0.7589290026229166,1.662044716085683,1.4438809646483028,2.3766143421970547
-0.400656013730198,0.014600067959580793,0.7594768446237476,1.662719844472991,1.4451117000320406,2.375391758199159
-0.40058783467836073,0.013803802566598642,0.7600234789692594,1.6634107649151713,1.4463617270255686,2.374147811283735
-0.40051930522360396,0.012943734877944136,0.7606019112112299,1.6641673840273394,1.4477188245947619,2.372793506314161
-0.4004499937685713,0.012032446543207669,0.7612009896301866,1.6649759312100685,1.449154868430308,2.3713557902596327
-0.4003813596568954,0.011095424573511245,0.7618044377298581,1.6658171599739915,1.4506299178121262,2.3698730068313667
-0.40031362152274885,0.010138164305597495,0.762407679885839,1.6666875397926162,1.4521343822569917,2.368353720273496
-0.4002469114896841,0.00916253552642583,0.7630089928381368,1.6675866697730342,1.4536672357450278,2.3667982941548273
-0.4001810897694339,0.008162741545214512,0.7636119475918021,1.6685268312279653,1.455244910565405,2.365188783140794
-0.4001149036295989,0.007110794378035283,0.7642327750779521,1.6695461893632548,1.4569226024715534,2.3634651748214566
-0.4000490976118238,0.006019719986764252,0.7648641642611589,1.6706393055592017,1.4586868078764668,2.3616386127211224
-0.3999816072093986,0.004858969340120954,0.7655252644421481,1.6718454987717475,1.4605976276500072,2.3596460284603014
-0.39991433095452344,0.0036637536382200992,0.7661959977751938,1.673132233869906,1.4626009727465434,2.3575429693544043
-0.3998539061538741,0.002533497004227198,0.7668167749225125,1.6744073275630882,1.464541108196097,2.3554869284636615
-0.39979747292254453,0.0014433223675545763,0.7674072496814941,1.6756942552707859,1.4664623586485874,2.353433870946127
-0.39974195900303444,0.000363657708578898,0.7679852647936964,1.6770209415196855,1.4684119742507533,2.351336684969886
-0.3996849885244842,-0.0007341624361842127,0.768563920515844,1.6784366687878176,1.4704532741130003,2.349124483647814
-0.3996276012690886,-0.0018309768354958637,0.7691328342642952,1.6799120354556756,1.47254475968281,2.346841459351317
-0.39956940801379603,-0.002915412847414601,0.7696863041444532,1.6814234487638644,1.474656875926189,2.34452123187994
-0.39950669100815367,-0.004017026662206433,0.7702352349631901,1.6830246776955626,1.4768553312090824,2.342087236028795
-0.39944113139253146,-0.005099563853562754,0.7707633324630506,1.6846468730611464,1.4790535493988433,2.339640327870348
-0.39937361018361023,-0.006137212864862878,0.7712575228635865,1.686247104446511,1.4811943619772605,2.3372445476305908
-0.3993003206770092,-0.007171130783293997,0.7717380628788522,1.6878762056422183,1.4833499959074552,2.3348211066968574
-0.39921819129534014,-0.008231691077499664,0.7722189656809867,1.6895771282714265,1.4855786160197253,2.3323064051415234
-0.3991288132815456,-0.009302528316901624,0.772694003046127,1.6913181027151993,1.4878411982545492,2.329746093085826
-0.39903063171944925,-0.010378497396504715,0.7731593057444024,1.6930936801086471,1.4901272620817199,2.327150989744498
-0.39892288520173497,-0.011439861547504985,0.773603979167483,1.6948739307935234,1.492394518523313,2.3245666297145924
-0.3988052584795808,-0.012486984722980219,0.7740302681125029,1.696656685874465,1.4946430855938486,2.321994510116237
-0.3986706655868352,-0.013557742021298901,0.7744519898897227,1.6985137824257641,1.4969586125798835,2.3193355161401734
-0.39852509459703456,-0.014585108619411499,0.7748406458172599,1.7003346733711286,1.4991997437948088,2.3167508689221585
-0.3983676406736045,-0.015600165662247246,0.7752120904729419,1.7021680666239583,1.5014320486352584,2.314167732947928
-0.39819189856871856,-0.016629978293769297,0.7755747364606113,1.704071177419688,1.503718896492894,2.31151075476776
-0.3980024451253805,-0.017646444103655505,0.7759187149838288,1.7059935506697232,1.50599992726193,2.3088498630856114
-0.3978008989861162,-0.018633511949287394,0.7762370801439589,1.7079098271139788,1.508242338266381,2.3062220828271887
-0.39758116240462416,-0.019619847094154774,0.7765382736011309,1.7098789884669774,1.5105124131849412,2.303548573312403
-0.3973485365973971,-0.020589512552092536,0.7768182526790486,1.71186517624532,1.5127708066456553,2.3008760169233837
-0.39709959168345926,-0.021544432886487497,0.7770747262818414,1.7138812046142822,1.5150274688429368,2.2981915130730055
-0.3968372694038159,-0.022486327124290814,0.7773120765233992,1.7159198205171158,1.5172809110716994,2.295499392093199
-0.39656343557271817,-0.023395402897102867,0.7775221727199918,1.7179485913752592,1.5194885567702792,2.292848277456031
-0.39626605141679416,-0.02430631560416497,0.7777122612015067,1.7200465976146666,1.521734984082483,2.290136912998423
-0.3959452891426719,-0.02522359204598802,0.777885442034398,1.722216278943672,1.5240276167700295,2.287357634521315
-0.39560955666068337,-0.026121978976887984,0.778037330320329,1.7243949151930587,1.5263023442749648,2.284588334098627
-0.3952610863222959,-0.02700228738367271,0.77817084841528,1.7265750534829447,1.5285553668241374,2.281836154331449
-0.39488531613133937,-0.02789227590446765,0.7782889381144595,1.7288287409994532,1.5308585911901402,2.2790124905968008
-0.3944860964766711,-0.028779198443550945,0.7783898616641667,1.7311224700522838,1.5331779371407994,2.276159144279382
-0.3940657128435267,-0.02966239860101035,0.7784767834096201,1.7334467854815283,1.535508734773908,2.2732848619882007
-0.39364179726234444,-0.03050802630711589,0.7785477929232004,1.7357093634441831,1.5377592741139856,2.2705027638646773
-0.39318934073450074,-0.031361975185787025,0.7786062229818809,1.7380324213088811,1.5400509936065006,2.2676637966953703
-0.39270286342539157,-0.0322277825300575,0.7786511953180392,1.7404274063506708,1.5423932346952873,2.2647540801136534
-0.3922104726905702,-0.03305698334000686,0.778680904830421,1.7427574969623396,1.544652813326189,2.2619391509281725
-0.39169914159623265,-0.03386901822792478,0.7786957606544874,1.7450771194377346,1.5468814703568061,2.2591545824572803
-0.391161530629205,-0.03467775089997459,0.778697083204695,1.747422133608969,1.549113416491035,2.2563572620951424
-0.39060870066255626,-0.035474353704908854,0.7786875026474124,1.7497569772364034,1.5513185805884886,2.25358696738402
-0.3900438874948051,-0.03624619189401993,0.7786646671029763,1.7520481528302916,1.5534616897782914,2.25088760827672
-0.3894761446899296,-0.03698418600818996,0.7786299157966428,1.754264575278921,1.5555143817493202,2.2482947733008634
-0.388888237514503,-0.037714497225012675,0.7785829863730227,1.7564787131821995,1.5575439774305768,2.245722510694832
-0.38827919568883573,-0.03844365190006255,0.7785253503507242,1.758703648451452,1.5595665013350248,2.2431520984823594
-0.38767881708497787,-0.03913304456214213,0.778458761541174,1.760822688854379,1.5614736360960257,2.2407205894829607
-0.3870731834954359,-0.039791539756783754,0.7783789490995886,1.7628657410647413,1.5632871173373104,2.2383992437963167
-0.3864119032106621,-0.040474867660273986,0.7782792571125612,1.765003731223766,1.565158221491909,2.235993696732984
-0.38575738079395494,-0.04112513342215509,0.7781717898138112,1.7670505137955406,1.5669291402116734,2.2337092774806835
-0.38510544655032836,-0.041745528251216385,0.778056080978003,1.7690163088120454,1.5686096054559577,2.2315350616976444
-0.3844314881811861,-0.042364098842313395,0.7779301101453912,1.770989525624279,1.570278819848697,2.2293686569248887
-0.38374746977095286,-0.04296675671123782,0.777795978694048,1.7729287313206452,1.5718996308896789,2.2272568509224526
-0.3830401298014314,-0.04356753386840488,0.7776529527197212,1.7748781956174144,1.5735139892024343,2.225147743041532
-0.3823284860056679,-0.04414863003707835,0.7775051123056386,1.7767830157268054,1.5750757190874638,2.223100856265238
-0.38159237369362725,-0.044729003966569716,0.7773505986028288,1.7787081450550901,1.5766415082273586,2.221043205855646
-0.3808165559909984,-0.04532115346131176,0.777187934659825,1.780697317269487,1.5782487354225998,2.21892666558317
-0.3800452780272826,-0.04589176331531801,0.7770272649825036,1.7826379883698305,1.5798071027614815,2.2168701576021257
-0.3793165858230107,-0.046410183259801535,0.776878451378697,1.7844289134448252,1.5812351761064025,2.2149811296541486
-0.37857253004441604,-0.046926968897998377,0.7767313777484649,1.786233470693857,1.5826699867053857,2.2130813877111297
-0.3777857429190613,-0.04745796394010523,0.7765851630494855,1.78810813490914,1.5841572027614197,2.211111579279929
-0.37698156935060945,-0.04798683686813364,0.7764463898359408,1.7899874166985998,1.5856462967209117,2.209138679416474
-0.37618943881035155,-0.04849717726373092,0.7763200852970699,1.7918051052152726,1.5870862805894592,2.2072297290401575
-0.3753899969215392,-0.049000948790310216,0.7762079122474188,1.7935945042210917,1.5885051914962323,2.2053487905247513
-0.374583867027198,-0.04950025067293077,0.7761098944883205,1.7953557636540616,1.5899046927820628,2.2034962966122964
-0.37378462808312374,-0.049987830744957516,0.7760294770007183,1.797054033199593,1.5912576216255176,2.2017083090000846
-0.37299630375998755,-0.05046178305276613,0.7759690309605245,1.7986736477886893,1.5925518415227546,2.2000007005447406
-0.3722122528238493,-0.05092770464077018,0.7759253290647574,1.8002344053020107,1.5938034507304941,2.198352480826008
-0.3714211858012565,-0.051393117415950276,0.7758979440776017,1.801756775449674,1.5950294142460615,2.1967421907974245
-0.3706131101225297,-0.05186337509074187,0.7758908813412014,1.803247589816095,1.5962360728054883,2.1951617702860395
-0.36983277837242884,-0.052312242360336415,0.7759081915095424,1.8046125431896871,1.5973469341983177,2.1937094956717194
-0.3690707081295628,-0.05274647669727448,0.7759457169275225,1.805883615334783,1.5983874875858615,2.1923525637468058
-0.36830387746241744,-0.053180879519647076,0.7759986839375118,1.807120894818026,1.5994058406347604,2.191029931799672
-0.3675522486593837,-0.05360396371629259,0.7760686109874158,1.8082874148810753,1.6003714922230898,2.1897808667970153
-0.36681115962031585,-0.05401891844320831,0.7761542992803946,1.8093983884967872,1.6012959375287952,2.188587944084655
-0.3660763703991271,-0.054428963007534095,0.7762558475566524,1.810464652546591,1.6021893405064922,2.1874397666844616
-0.3653533993665162,-0.054832136948581175,0.7763728057994312,1.8114805740281472,1.6030466009479756,2.1863428411743877
-0.3646289056710813,-0.05523788570457853,0.7765066838882745,1.81246959837392,1.6038856737082186,2.1852719124505655
-0.3639091143100468,-0.055644624099295346,0.7766581336576956,1.8134192994801324,1.6046996573368353,2.1842394712354385
-0.3632049335616893,-0.05605001516869462,0.7768292429835346,1.8143091297754197,1.6054733791543285,2.183268397452423
-0.36251870461928337,-0.05645394932689688,0.7770180993004313,1.8151413270159797,1.6062065685840383,2.1823563866267404
-0.3618495504858896,-0.0568583757121256,0.7772252315760366,1.8159169963523323,1.6069017104955434,2.181500342934212
-0.36118285851400406,-0.0572754355113703,0.7774593148318468,1.8166457386418997,1.607573094753668,2.180686785375468
-0.36052297915620224,-0.05770559143933912,0.7777241872930087,1.8173161149476151,1.608213992115908,2.179929315376539
-0.35988290366592385,-0.05813974380821428,0.7780125419276356,1.8179209022599399,1.6088128203473722,2.179238853459812
-0.35925230857408524,-0.058589447796065175,0.7783371900979654,1.8184609680671577,1.6093747416977187,2.178611943504366
-0.35863956751319004,-0.05904784087389621,0.7786927689844385,1.8189308020872315,1.6098956129221051,2.178054006915364
-0.3580352970195041,-0.059525989043697235,0.7790942600234404,1.819327647220297,1.6103824962636064,2.1775665288660186
-0.3574526810427613,-0.060011279526987406,0.7795294113363627,1.8196509555627354,1.610826981845824,2.1771528810673755
-0.35690140225920236,-0.06049618686802063,0.7799939801147346,1.8198952932295185,1.6112223988740204,2.1768175869898725
-0.3563453242921971,-0.06101964500041464,0.7805345721460257,1.8200606683721692,1.6115933007395817,2.1765507558257973
-0.3558045161752186,-0.06155673423960878,0.78112009203928,1.8201543892369176,1.6119319738332567,2.1763500160731137
-0.3552925140703743,-0.062095555571216786,0.7817392469788871,1.8201724375150827,1.6122273230759319,2.176224069802311
-0.3548048400506641,-0.06264219002182303,0.7823997700613354,1.820112620699445,1.6124816861001474,2.176172552841016
-0.35434005142994496,-0.06318789204967401,0.7830809191224525,1.8199979863221407,1.6127049367605917,2.176174586395166
-0.3538875128091236,-0.06375715353071343,0.78382246625863,1.819797952970426,1.6128918678613828,2.1762565131285188
-0.3534461135266834,-0.06434451089603137,0.7846085837631316,1.8195287590210278,1.6130467825654384,2.1764038970465776
-0.35303169888905306,-0.06492890443608873,0.7854082385850618,1.81920035726372,1.6131636192686503,2.1766099378041486
-0.3526296117515977,-0.06552667354854758,0.7862378260315748,1.8188112342639653,1.6132485528382052,2.176873532297627
-0.35224639110104894,-0.06612175040313213,0.7870717533190407,1.8183823497843872,1.6133058075998303,2.1771777580910445
-0.3518998658980161,-0.06669820752723375,0.787889736464671,1.8179100621946642,1.6133207167161068,2.177535029892803
-0.35155833535055175,-0.06730309813869755,0.7887513264062064,1.8173698145282675,1.613298185749483,2.177963361646243
-0.3512304776006288,-0.06791322575603709,0.789622316344636,1.8167899312803908,1.6132461701489667,2.1784328879285497
-0.3509265576977837,-0.06851339898135095,0.7904830148947732,1.8161795101428724,1.6131610190278374,2.178937010159617
-0.3506291895189894,-0.06913494679235142,0.7913796908884184,1.8155094406072838,1.613040303402181,2.1795002987223318
-0.35036790196696843,-0.06971958543991869,0.7922265019898375,1.8148373398111914,1.612891525312379,2.180075678380056
-0.35012894598102806,-0.07030323405125279,0.7930829837127672,1.814109675371452,1.6126982780022643,2.1807109830368807
-0.34991047082851373,-0.07088278338519945,0.7939455056895446,1.8133383093508346,1.612467879264519,2.1813938534220396
-0.34971745066465637,-0.07144738323990342,0.7948013198788401,1.8125336759903803,1.612204301445042,2.182113458057409
-0.3495389760049907,-0.07203347645036716,0.7957110835594586,1.8116334181274838,1.6118869729959602,2.1829272456978526
-0.34938726421171556,-0.07261650255803571,0.7966446429301036,1.810655853905801,1.6115170233821907,2.1838192534166683
-0.3492708135928483,-0.07317940983415394,0.7975840275904773,1.809610404448378,1.6110920012428445,2.184781586359944
-0.3491775065985478,-0.07374563815935806,0.798563451983337,1.8084733638117758,1.6106078181994756,2.185838172365266
-0.34910276258593365,-0.07431788921042812,0.7995859089234445,1.8072451787092159,1.610070670520002,2.1869885829590143
-0.3490485334708144,-0.07488510504215226,0.8006341436742593,1.8059413666699382,1.6094856816898861,2.1882169010599894
-0.34900663103693275,-0.0754661289923522,0.8017349614736258,1.8045397975726438,1.6088433267215443,2.1895425773190897
-0.3489806367373439,-0.0760375951490399,0.8028479046735679,1.8030900331623019,1.608166244879665,2.1909193948810914
-0.34896634174773083,-0.07661547344078896,0.8039991258543029,1.801562527017292,1.6074414514949154,2.192376998280673
-0.34896035136408166,-0.07723117888448572,0.8052498892489588,1.7998754761022553,1.6066247711394641,2.1939980675132014
-0.34896319734103687,-0.07782270189479219,0.8064735525567407,1.7982016285660953,1.6058005688369683,2.1956139004127655
-0.348970661654093,-0.07841588690594326,0.8077163879602495,1.7964790449397345,1.6049379624959577,2.1972862378514173
-0.3489799180665277,-0.07901415540675025,0.8089814404326108,1.7947020233258038,1.6040333270664155,2.199024413897329
-0.34898870622276246,-0.07961319434520023,0.810255719636069,1.7928889273634117,1.6030941994571442,2.2008111307046865
-0.348995851075751,-0.08021089985281836,0.8115313048448216,1.7910495128416675,1.6021193946415966,2.2026395294894145
-0.3490014036723187,-0.08080525992453193,0.8128033100561499,1.7891883013943908,1.6011103309027184,2.204507237580792
-0.3490050104889734,-0.08141693688671967,0.8141172670877624,1.7872268035263645,1.6000185323548393,2.2065001585975446
-0.34900613165299876,-0.08202833263045446,0.8154354930959921,1.785220423266514,1.598872998858735,2.2085628016148
-0.3490033631640642,-0.0826498755749709,0.8167830437496202,1.7831154504146078,1.5976317668243964,2.2107596366110167
-0.3489967041613355,-0.0832308983866994,0.8180504568429955,1.7810805244121,1.5963946515218814,2.2129142584014967
-0.3489843209530204,-0.08383121643505663,0.8193679157473704,1.7789069913128017,1.595035585563448,2.215246899401533
-0.34896480636512134,-0.08443185273180706,0.8206964038874902,1.7766465379719985,1.5935775960895708,2.2177094985339174
-0.3489385254038909,-0.08501013500855625,0.821986367170906,1.7743857277931228,1.5920764354612593,2.2202086800166314
-0.3489028795816669,-0.08558941620533086,0.8232909235769423,1.7720242544918965,1.5904606046435714,2.2228603714357673
-0.3488563223280955,-0.08617620846902327,0.8246242806566482,1.7695342743242422,1.5887110363958883,2.2256951830187512
-0.34880281990027323,-0.08674559571773617,0.8259264073588565,1.7670459812756847,1.5869291172101065,2.22855595800809
-0.34873665509375784,-0.08730486075992687,0.827217636415414,1.7644941357924826,1.5850510887167673,2.231532525823119
-0.3486590181046289,-0.08786588561466346,0.828522259023037,1.7618505381680503,1.5830673392251238,2.234648384045137
-0.34857215930235913,-0.08840554324120528,0.8297868935405985,1.7592215154044033,1.5810563898345324,2.2377796100129417
-0.34847272991258615,-0.0889571246806768,0.8310882580053773,1.7564642891702853,1.5789169686011066,2.241090759069361
-0.3483624000315526,-0.0895027568295048,0.8323871366881349,1.7536581709512162,1.576708093247974,2.244488579755412
-0.34824514854114524,-0.09002952366374221,0.8336521168969779,1.750877845186213,1.5744929178807126,2.247878473618796
-0.3481181999756632,-0.09056008035496169,0.834935412974869,1.7480210688588382,1.5721975471426803,2.251377678357209
-0.34798496322570405,-0.09107762213392429,0.8361965592190002,1.7451771444163942,1.5698932236065422,2.2548769831698743
-0.3478478982133933,-0.09157721011010325,0.8374239314067173,1.74238025524044,1.5676106721277803,2.2583326934861874
-0.3477006463942069,-0.09209256981382685,0.8386995830722166,1.7394566963837064,1.565215780272959,2.261953244578924
-0.34755132782015097,-0.09259258184255778,0.8399479565860929,1.7365777425445335,1.5628487578881496,2.265526313590898
-0.3474018562010658,-0.09307589294823619,0.8411636997772851,1.7337610044082319,1.560526611386401,2.2690272386169537
-0.34724607833533827,-0.09356616805075624,0.8424050339990646,1.7308763209722724,1.5581445271842373,2.2726149729219145
-0.3470896381516477,-0.09404655702266132,0.8436293293373103,1.7280245830494299,1.5557865633820118,2.276164401131917
-0.3469321055774014,-0.09452128273280888,0.8448452983501025,1.7251884632698071,1.5534398730398058,2.279696668684694
-0.3467674262343165,-0.09501083744990006,0.8461024231642804,1.7222541686198476,1.551010983344645,2.2833524385187003
